2018-04-10T13:13:43.8427791Z, 1, -62.65385, 307.5848, 240.8894
2018-04-10T13:13:43.8487753Z, 1, -62.65385, 307.5848, 240.8894
2018-04-10T13:13:43.8527820Z, 1, -62.65385, 307.5848, 240.8894
2018-04-10T13:13:43.8692600Z, 1, -62.6518, 307.6831, 240.9586
2018-04-10T13:13:43.8712648Z, 1, -62.6518, 307.6831, 240.9586
2018-04-10T13:13:43.8754090Z, 1, -62.66448, 307.5909, 240.8806
2018-04-10T13:13:43.8799360Z, 1, -62.66448, 307.5909, 240.8806
2018-04-10T13:13:43.8863978Z, 1, -62.66448, 307.5909, 240.8806
2018-04-10T13:13:43.9035290Z, 1, -62.5743, 307.4435, 240.8015
2018-04-10T13:13:43.9057691Z, 1, -62.5743, 307.4435, 240.8015
2018-04-10T13:13:43.9118803Z, 1, -62.42532, 307.7882, 240.953
2018-04-10T13:13:43.9163873Z, 1, -62.42532, 307.7882, 240.953
2018-04-10T13:13:43.9199048Z, 1, -62.42532, 307.7882, 240.953
2018-04-10T13:13:43.9367898Z, 1, -62.34335, 307.6527, 240.8396
2018-04-10T13:13:43.9388063Z, 1, -62.34335, 307.6527, 240.8396
2018-04-10T13:13:43.9458074Z, 1, -62.41851, 307.5881, 240.8574
2018-04-10T13:13:43.9498301Z, 1, -62.41851, 307.5881, 240.8574
2018-04-10T13:13:43.9667535Z, 1, -62.45959, 307.7183, 241.025
2018-04-10T13:13:43.9692578Z, 1, -62.45959, 307.7183, 241.025
2018-04-10T13:13:43.9763036Z, 1, -62.45959, 307.7183, 241.025
2018-04-10T13:13:43.9928078Z, 1, -62.45359, 307.6048, 240.9346
2018-04-10T13:13:43.9953121Z, 1, -62.50153, 307.5795, 240.975
2018-04-10T13:13:44.0019750Z, 1, -62.50153, 307.5795, 240.975
2018-04-10T13:13:44.0086913Z, 1, -62.50153, 307.5795, 240.975
2018-04-10T13:13:44.0260225Z, 1, -62.28723, 307.4977, 240.8675
2018-04-10T13:13:44.0275250Z, 1, -62.28723, 307.4977, 240.8675
2018-04-10T13:13:44.0341948Z, 1, -62.12265, 307.3557, 240.685
2018-04-10T13:13:44.0418215Z, 1, -62.12265, 307.3557, 240.685
2018-04-10T13:13:44.0586271Z, 1, -62.19437, 307.4435, 240.7221
2018-04-10T13:13:44.0601361Z, 1, -62.19437, 307.4435, 240.7221
2018-04-10T13:13:44.0641360Z, 1, -62.19437, 307.4435, 240.7221
2018-04-10T13:13:44.0716465Z, 1, -62.1155, 307.3435, 240.6886
2018-04-10T13:13:44.0881895Z, 1, -61.97678, 307.3243, 240.7106
2018-04-10T13:13:44.0901925Z, 1, -61.97678, 307.3243, 240.7106
2018-04-10T13:13:44.0977048Z, 1, -61.97678, 307.3243, 240.7106
2018-04-10T13:13:44.1042269Z, 1, -61.9082, 307.0989, 240.6244
2018-04-10T13:13:44.1212508Z, 1, -62.21576, 306.9877, 240.7314
2018-04-10T13:13:44.1237448Z, 1, -62.21576, 306.9877, 240.7314
2018-04-10T13:13:44.1307556Z, 1, -62.21576, 306.9877, 240.7314
2018-04-10T13:13:44.1347612Z, 1, -62.4146, 306.923, 240.698
2018-04-10T13:13:44.1512907Z, 1, -62.53952, 306.8493, 240.7988
2018-04-10T13:13:44.1532901Z, 1, -62.53952, 306.8493, 240.7988
2018-04-10T13:13:44.1603006Z, 1, -62.53952, 306.8493, 240.7988
2018-04-10T13:13:44.1683221Z, 1, -62.53952, 306.8493, 240.7988
2018-04-10T13:13:44.1852133Z, 1, -62.70659, 306.8726, 240.7931
2018-04-10T13:13:44.1872161Z, 1, -62.64772, 306.8478, 240.7641
2018-04-10T13:13:44.1938455Z, 1, -62.64772, 306.8478, 240.7641
2018-04-10T13:13:44.1983597Z, 1, -62.64772, 306.8478, 240.7641
2018-04-10T13:13:44.2144026Z, 1, -62.53012, 306.7818, 240.7399
2018-04-10T13:13:44.2163886Z, 1, -62.53012, 306.7818, 240.7399
2018-04-10T13:13:44.2208956Z, 1, -62.53012, 306.7818, 240.7399
2018-04-10T13:13:44.2244111Z, 1, -62.49371, 306.7078, 240.622
2018-04-10T13:13:44.2316658Z, 1, -62.49371, 306.7078, 240.622
2018-04-10T13:13:44.2488070Z, 1, -62.329, 306.4622, 240.554
2018-04-10T13:13:44.2506763Z, 1, -62.329, 306.4622, 240.554
2018-04-10T13:13:44.2581931Z, 1, -62.23771, 306.2565, 240.6122
2018-04-10T13:13:44.2744651Z, 1, -62.13789, 306.0529, 240.6402
2018-04-10T13:13:44.2764545Z, 1, -62.13789, 306.0529, 240.6402
2018-04-10T13:13:44.2836341Z, 1, -62.13789, 306.0529, 240.6402
2018-04-10T13:13:44.2876510Z, 1, -62.13789, 306.0529, 240.6402
2018-04-10T13:13:44.2946709Z, 1, -62.12585, 305.8479, 240.6614
2018-04-10T13:13:44.3116792Z, 1, -62.18288, 305.6657, 240.6246
2018-04-10T13:13:44.3141832Z, 1, -62.18288, 305.6657, 240.6246
2018-04-10T13:13:44.3212907Z, 1, -62.18288, 305.6657, 240.6246
2018-04-10T13:13:44.3382048Z, 1, -62.18288, 305.6657, 240.6246
2018-04-10T13:13:44.3402078Z, 1, -62.18288, 305.6657, 240.6246
2018-04-10T13:13:44.3469300Z, 1, -61.89018, 305.7481, 241.1226
2018-04-10T13:13:44.3519377Z, 1, -61.61253, 305.6007, 241.5173
2018-04-10T13:13:44.3690943Z, 1, -61.21796, 305.4798, 241.9465
2018-04-10T13:13:44.3705796Z, 1, -61.21796, 305.4798, 241.9465
2018-04-10T13:13:44.3783719Z, 1, -61.16836, 305.5347, 242.0889
2018-04-10T13:13:44.3858834Z, 1, -61.11737, 305.4742, 242.2686
2018-04-10T13:13:44.4026725Z, 1, -61.11345, 305.4578, 242.4188
2018-04-10T13:13:44.4040972Z, 1, -61.11345, 305.4578, 242.4188
2018-04-10T13:13:44.4112067Z, 1, -61.0878, 305.461, 242.4446
2018-04-10T13:13:44.4157130Z, 1, -61.0878, 305.461, 242.4446
2018-04-10T13:13:44.4320236Z, 1, -61.09723, 305.4431, 242.4459
2018-04-10T13:13:44.4340281Z, 1, -61.09723, 305.4431, 242.4459
2018-04-10T13:13:44.4415051Z, 1, -61.02873, 305.3785, 242.4033
2018-04-10T13:13:44.4455113Z, 1, -61.01211, 305.2826, 242.3754
2018-04-10T13:13:44.4624862Z, 1, -61.0041, 305.1718, 242.3343
2018-04-10T13:13:44.4649905Z, 1, -60.98798, 304.9572, 242.2437
2018-04-10T13:13:44.4689816Z, 1, -60.98798, 304.9572, 242.2437
2018-04-10T13:13:44.4765220Z, 1, -61.01052, 304.826, 242.1944
2018-04-10T13:13:44.4929434Z, 1, -61.00925, 304.6422, 242.2393
2018-04-10T13:13:44.4949476Z, 1, -61.00925, 304.6422, 242.2393
2018-04-10T13:13:44.5015081Z, 1, -60.96255, 304.5493, 242.2939
2018-04-10T13:13:44.5055149Z, 1, -60.96255, 304.5493, 242.2939
2018-04-10T13:13:44.5123688Z, 1, -61.01469, 304.4544, 242.29
2018-04-10T13:13:44.5290364Z, 1, -61.12106, 304.2829, 242.1905
2018-04-10T13:13:44.5310381Z, 1, -61.12106, 304.2829, 242.1905
2018-04-10T13:13:44.5385483Z, 1, -61.15158, 304.235, 242.1396
2018-04-10T13:13:44.5596718Z, 1, -61.30607, 304.1675, 241.9026
2018-04-10T13:13:44.5646789Z, 1, -61.30607, 304.1675, 241.9026
2018-04-10T13:13:44.5686230Z, 1, -61.32626, 304.1517, 241.84
2018-04-10T13:13:44.5727951Z, 1, -61.32626, 304.1517, 241.84
2018-04-10T13:13:44.5898409Z, 1, -61.25012, 304.0211, 241.6904
2018-04-10T13:13:44.5913434Z, 1, -61.25012, 304.0211, 241.6904
2018-04-10T13:13:44.5983709Z, 1, -61.23755, 303.8982, 241.5911
2018-04-10T13:13:44.6048589Z, 1, -61.2336, 303.8506, 241.5302
2018-04-10T13:13:44.6218045Z, 1, -61.12014, 303.6415, 241.3453
2018-04-10T13:13:44.6243085Z, 1, -61.12014, 303.6415, 241.3453
2018-04-10T13:13:44.6313187Z, 1, -61.06642, 303.4991, 241.2582
2018-04-10T13:13:44.6481519Z, 1, -61.00715, 303.312, 241.0781
2018-04-10T13:13:44.6496538Z, 1, -61.00715, 303.312, 241.0781
2018-04-10T13:13:44.6566936Z, 1, -60.98474, 303.2974, 241.0137
2018-04-10T13:13:44.6637010Z, 1, -60.98727, 303.2171, 240.9533
2018-04-10T13:13:44.6812073Z, 1, -60.88226, 303.1396, 240.8677
2018-04-10T13:13:44.6827140Z, 1, -60.88226, 303.1396, 240.8677
2018-04-10T13:13:44.6898361Z, 1, -60.87201, 303.043, 240.81
2018-04-10T13:13:44.6978866Z, 1, -60.87254, 302.9848, 240.7703
2018-04-10T13:13:44.7142123Z, 1, -60.82664, 302.9543, 240.6685
2018-04-10T13:13:44.7167223Z, 1, -60.78418, 302.9236, 240.6067
2018-04-10T13:13:44.7236138Z, 1, -60.76493, 302.8511, 240.5402
2018-04-10T13:13:44.7272053Z, 1, -60.76493, 302.8511, 240.5402
2018-04-10T13:13:44.7441245Z, 1, -60.68087, 302.731, 240.4395
2018-04-10T13:13:44.7461275Z, 1, -60.68087, 302.731, 240.4395
2018-04-10T13:13:44.7501334Z, 1, -60.64703, 302.6852, 240.3823
2018-04-10T13:13:44.7546430Z, 1, -60.64703, 302.6852, 240.3823
2018-04-10T13:13:44.7596590Z, 1, -60.63015, 302.7214, 240.4101
2018-04-10T13:13:44.7762813Z, 1, -60.59932, 302.7321, 240.51
2018-04-10T13:13:44.7782838Z, 1, -60.59932, 302.7321, 240.51
2018-04-10T13:13:44.7850866Z, 1, -60.61757, 302.7692, 240.5754
2018-04-10T13:13:44.7931000Z, 1, -60.64674, 302.7913, 240.6337
2018-04-10T13:13:44.8100203Z, 1, -60.67763, 302.8082, 240.689
2018-04-10T13:13:44.8120197Z, 1, -60.67763, 302.8082, 240.689
2018-04-10T13:13:44.8191218Z, 1, -60.72305, 302.8429, 240.6595
2018-04-10T13:13:44.8252697Z, 1, -60.72305, 302.8429, 240.6595
2018-04-10T13:13:44.8422950Z, 1, -60.75686, 302.8429, 240.669
2018-04-10T13:13:44.8447987Z, 1, -60.77769, 302.8605, 240.6641
2018-04-10T13:13:44.8488052Z, 1, -60.77769, 302.8605, 240.6641
2018-04-10T13:13:44.8568235Z, 1, -60.76702, 302.838, 240.6575
2018-04-10T13:13:44.8733601Z, 1, -60.78748, 302.8302, 240.6514
2018-04-10T13:13:44.8748697Z, 1, -60.78748, 302.8302, 240.6514
2018-04-10T13:13:44.8798703Z, 1, -60.78748, 302.8302, 240.6514
2018-04-10T13:13:44.8853789Z, 1, -60.84671, 302.8039, 240.5984
2018-04-10T13:13:44.9024446Z, 1, -60.91959, 302.7939, 240.61
2018-04-10T13:13:44.9044483Z, 1, -60.91959, 302.7939, 240.61
2018-04-10T13:13:44.9105221Z, 1, -60.94581, 302.8515, 240.6711
2018-04-10T13:13:44.9160484Z, 1, -60.98017, 302.8893, 240.7211
2018-04-10T13:13:44.9325606Z, 1, -61.06374, 303.058, 240.8338
2018-04-10T13:13:44.9345542Z, 1, -61.06374, 303.058, 240.8338
2018-04-10T13:13:44.9415645Z, 1, -61.12857, 303.1443, 240.9021
2018-04-10T13:13:44.9455700Z, 1, -61.12857, 303.1443, 240.9021
2018-04-10T13:13:44.9625968Z, 1, -61.22965, 303.3344, 241.0487
2018-04-10T13:13:44.9645996Z, 1, -61.22965, 303.3344, 241.0487
2018-04-10T13:13:44.9716109Z, 1, -61.26942, 303.4659, 241.1102
2018-04-10T13:13:44.9761186Z, 1, -61.25595, 303.536, 241.1754
2018-04-10T13:13:44.9801336Z, 1, -61.25595, 303.536, 241.1754
2018-04-10T13:13:44.9972781Z, 1, -61.31398, 303.744, 241.2689
2018-04-10T13:13:44.9992824Z, 1, -61.31398, 303.744, 241.2689
2018-04-10T13:13:45.0031556Z, 1, -61.35085, 303.7887, 241.3278
2018-04-10T13:13:45.0071646Z, 1, -61.35085, 303.7887, 241.3278
2018-04-10T13:13:45.0116714Z, 1, -61.37578, 303.8249, 241.4065
2018-04-10T13:13:45.0288185Z, 1, -61.40496, 303.9341, 241.5013
2018-04-10T13:13:45.0303221Z, 1, -61.40496, 303.9341, 241.5013
2018-04-10T13:13:45.0379303Z, 1, -61.46375, 303.9792, 241.5503
2018-04-10T13:13:45.0540594Z, 1, -61.51992, 304.1057, 241.6345
2018-04-10T13:13:45.0555621Z, 1, -61.51992, 304.1057, 241.6345
2018-04-10T13:13:45.0625743Z, 1, -61.56836, 304.1594, 241.6914
2018-04-10T13:13:45.0697066Z, 1, -61.56836, 304.1594, 241.6914
2018-04-10T13:13:45.0741816Z, 1, -61.62087, 304.192, 241.7243
2018-04-10T13:13:45.0908779Z, 1, -61.65742, 304.2499, 241.82
2018-04-10T13:13:45.0928821Z, 1, -61.65742, 304.2499, 241.82
2018-04-10T13:13:45.1003938Z, 1, -61.64219, 304.2064, 241.7742
2018-04-10T13:13:45.1044017Z, 1, -61.64219, 304.2064, 241.7742
2018-04-10T13:13:45.1216749Z, 1, -61.60394, 304.0413, 241.7112
2018-04-10T13:13:45.1236799Z, 1, -61.62604, 304.0109, 241.6577
2018-04-10T13:13:45.1306896Z, 1, -61.62604, 304.0109, 241.6577
2018-04-10T13:13:45.1346955Z, 1, -61.66151, 303.9385, 241.591
2018-04-10T13:13:45.1518008Z, 1, -61.64416, 303.7531, 241.4925
2018-04-10T13:13:45.1533032Z, 1, -61.64416, 303.7531, 241.4925
2018-04-10T13:13:45.1578097Z, 1, -61.63866, 303.686, 241.42
2018-04-10T13:13:45.1643372Z, 1, -61.63866, 303.686, 241.42
2018-04-10T13:13:45.1683386Z, 1, -61.65652, 303.6284, 241.366
2018-04-10T13:13:45.1852751Z, 1, -61.71315, 303.5177, 241.2289
2018-04-10T13:13:45.1867775Z, 1, -61.71315, 303.5177, 241.2289
2018-04-10T13:13:45.1938062Z, 1, -61.69473, 303.45, 241.2304
2018-04-10T13:13:45.1983136Z, 1, -61.69473, 303.45, 241.2304
2018-04-10T13:13:45.2143382Z, 1, -61.75076, 303.4175, 241.2374
2018-04-10T13:13:45.2168439Z, 1, -61.75076, 303.4175, 241.2374
2018-04-10T13:13:45.2243539Z, 1, -61.78312, 303.5001, 241.2886
2018-04-10T13:13:45.2308644Z, 1, -61.83031, 303.5406, 241.2998
2018-04-10T13:13:45.2479002Z, 1, -61.94189, 303.5935, 241.3561
2018-04-10T13:13:45.2498931Z, 1, -61.94189, 303.5935, 241.3561
2018-04-10T13:13:45.2544098Z, 1, -61.98926, 303.5814, 241.3345
2018-04-10T13:13:45.2589078Z, 1, -61.98926, 303.5814, 241.3345
2018-04-10T13:13:45.2754427Z, 1, -62.00906, 303.5803, 241.3978
2018-04-10T13:13:45.2779459Z, 1, -62.00906, 303.5803, 241.3978
2018-04-10T13:13:45.2814542Z, 1, -62.04571, 303.6554, 241.4363
2018-04-10T13:13:45.2859502Z, 1, -62.04571, 303.6554, 241.4363
2018-04-10T13:13:45.2919760Z, 1, -62.04173, 303.7472, 241.4924
2018-04-10T13:13:45.3087633Z, 1, -62.04209, 303.8074, 241.5688
2018-04-10T13:13:45.3102678Z, 1, -62.04209, 303.8074, 241.5688
2018-04-10T13:13:45.3147871Z, 1, -62.02873, 303.8434, 241.5942
2018-04-10T13:13:45.3193004Z, 1, -62.02873, 303.8434, 241.5942
2018-04-10T13:13:45.3353829Z, 1, -61.99701, 303.9734, 241.6391
2018-04-10T13:13:45.3373868Z, 1, -61.99701, 303.9734, 241.6391
2018-04-10T13:13:45.3414354Z, 1, -61.93904, 304.0032, 241.6363
2018-04-10T13:13:45.3489209Z, 1, -61.88025, 304.0524, 241.6052
2018-04-10T13:13:45.3529293Z, 1, -61.88025, 304.0524, 241.6052
2018-04-10T13:13:45.3699111Z, 1, -61.89812, 304.0555, 241.5852
2018-04-10T13:13:45.3714138Z, 1, -61.89812, 304.0555, 241.5852
2018-04-10T13:13:45.3759328Z, 1, -61.87357, 304.0677, 241.6082
2018-04-10T13:13:45.3799410Z, 1, -61.87357, 304.0677, 241.6082
2018-04-10T13:13:45.3868761Z, 1, -61.82545, 304.0892, 241.6476
2018-04-10T13:13:45.4037198Z, 1, -61.78773, 304.0584, 241.578
2018-04-10T13:13:45.4062238Z, 1, -61.78773, 304.0584, 241.578
2018-04-10T13:13:45.4127186Z, 1, -61.77654, 304.0133, 241.5066
2018-04-10T13:13:45.4172251Z, 1, -61.7556, 303.9782, 241.5235
2018-04-10T13:13:45.4335639Z, 1, -61.7556, 303.9782, 241.5235
2018-04-10T13:13:45.4350661Z, 1, -61.7556, 303.9782, 241.5235
2018-04-10T13:13:45.4421967Z, 1, -61.7556, 303.9782, 241.5235
2018-04-10T13:13:45.4486263Z, 1, -61.70754, 303.9669, 241.4975
2018-04-10T13:13:45.4657917Z, 1, -61.75467, 303.8627, 241.475
2018-04-10T13:13:45.4672938Z, 1, -61.75467, 303.8627, 241.475
2018-04-10T13:13:45.4713393Z, 1, -61.72979, 303.8281, 241.4649
2018-04-10T13:13:45.4754385Z, 1, -61.72979, 303.8281, 241.4649
2018-04-10T13:13:45.4799456Z, 1, -61.77406, 303.8078, 241.4829
2018-04-10T13:13:45.4964891Z, 1, -61.79241, 303.8393, 241.4697
2018-04-10T13:13:45.4979921Z, 1, -61.79241, 303.8393, 241.4697
2018-04-10T13:13:45.5050117Z, 1, -61.77915, 303.8742, 241.4996
2018-04-10T13:13:45.5095205Z, 1, -61.77915, 303.8742, 241.4996
2018-04-10T13:13:45.5549199Z, 1, -61.67898, 303.8196, 241.6858
2018-04-10T13:13:45.5584400Z, 1, -61.6782, 303.8234, 241.6941
2018-04-10T13:13:45.5649458Z, 1, -61.6782, 303.8234, 241.6941
2018-04-10T13:13:45.5716185Z, 1, -61.63711, 303.8139, 241.7241
2018-04-10T13:13:45.5761299Z, 1, -61.66515, 303.7924, 241.6642
2018-04-10T13:13:45.5926557Z, 1, -61.61285, 303.7219, 241.5795
2018-04-10T13:13:45.5966510Z, 1, -61.61285, 303.7219, 241.5795
2018-04-10T13:13:45.6024946Z, 1, -61.57138, 303.7445, 241.5347
2018-04-10T13:13:45.6192459Z, 1, -61.59055, 303.7233, 241.4287
2018-04-10T13:13:45.6217490Z, 1, -61.59055, 303.7233, 241.4287
2018-04-10T13:13:45.6257572Z, 1, -61.59013, 303.7553, 241.463
2018-04-10T13:13:45.6342718Z, 1, -61.58824, 303.7584, 241.4314
2018-04-10T13:13:45.6512818Z, 1, -61.5252, 303.8336, 241.4936
2018-04-10T13:13:45.6537764Z, 1, -61.5252, 303.8336, 241.4936
2018-04-10T13:13:45.6582823Z, 1, -61.5252, 303.8336, 241.4936
2018-04-10T13:13:45.6622919Z, 1, -61.48222, 303.9176, 241.5151
2018-04-10T13:13:45.6693374Z, 1, -61.49278, 304.0656, 241.5803
2018-04-10T13:13:45.6865426Z, 1, -61.52708, 304.2814, 241.6535
2018-04-10T13:13:45.6885457Z, 1, -61.52708, 304.2814, 241.6535
2018-04-10T13:13:45.6958690Z, 1, -61.53034, 304.3715, 241.6931
2018-04-10T13:13:45.6995908Z, 1, -61.53034, 304.3715, 241.6931
2018-04-10T13:13:45.7166423Z, 1, -61.66701, 304.466, 241.7401
2018-04-10T13:13:45.7191349Z, 1, -61.66701, 304.466, 241.7401
2018-04-10T13:13:45.7231402Z, 1, -61.63186, 304.4749, 241.7526
2018-04-10T13:13:45.7301516Z, 1, -61.62632, 304.5257, 241.7935
2018-04-10T13:13:45.7469057Z, 1, -61.66875, 304.6325, 241.9022
2018-04-10T13:13:45.7494210Z, 1, -61.66875, 304.6325, 241.9022
2018-04-10T13:13:45.7544162Z, 1, -61.66875, 304.6325, 241.9022
2018-04-10T13:13:45.7609267Z, 1, -61.62701, 304.6211, 241.8629
2018-04-10T13:13:45.7774479Z, 1, -61.67273, 304.5992, 241.805
2018-04-10T13:13:45.7804531Z, 1, -61.67273, 304.5992, 241.805
2018-04-10T13:13:45.7854600Z, 1, -61.70728, 304.5761, 241.7878
2018-04-10T13:13:45.7929714Z, 1, -61.66594, 304.5751, 241.7338
2018-04-10T13:13:45.8095371Z, 1, -61.64375, 304.5373, 241.7285
2018-04-10T13:13:45.8130326Z, 1, -61.64375, 304.5373, 241.7285
2018-04-10T13:13:45.8170394Z, 1, -61.63866, 304.5915, 241.7493
2018-04-10T13:13:45.8225474Z, 1, -61.63866, 304.5915, 241.7493
2018-04-10T13:13:45.8397182Z, 1, -61.62164, 304.6086, 241.7468
2018-04-10T13:13:45.8432234Z, 1, -61.59476, 304.6545, 241.7514
2018-04-10T13:13:45.8512363Z, 1, -61.5448, 304.687, 241.8309
2018-04-10T13:13:45.8679853Z, 1, -61.5268, 304.6806, 241.8113
2018-04-10T13:13:45.8719948Z, 1, -61.5268, 304.6806, 241.8113
2018-04-10T13:13:45.8785022Z, 1, -61.48483, 304.7032, 241.8313
2018-04-10T13:13:45.8825251Z, 1, -61.48483, 304.7032, 241.8313
2018-04-10T13:13:45.8994266Z, 1, -61.38609, 304.7247, 241.8598
2018-04-10T13:13:45.9029336Z, 1, -61.34288, 304.7151, 241.8806
2018-04-10T13:13:45.9074392Z, 1, -61.34288, 304.7151, 241.8806
2018-04-10T13:13:45.9144500Z, 1, -61.297, 304.7056, 241.8626
2018-04-10T13:13:45.9312033Z, 1, -61.24522, 304.6666, 241.8476
2018-04-10T13:13:45.9341430Z, 1, -61.24522, 304.6666, 241.8476
2018-04-10T13:13:45.9404841Z, 1, -61.20315, 304.6431, 241.8249
2018-04-10T13:13:45.9454932Z, 1, -61.20315, 304.6431, 241.8249
2018-04-10T13:13:45.9624716Z, 1, -61.16664, 304.5673, 241.7464
2018-04-10T13:13:45.9659762Z, 1, -61.12878, 304.4992, 241.7603
2018-04-10T13:13:45.9734265Z, 1, -61.11289, 304.4769, 241.7914
2018-04-10T13:13:45.9784353Z, 1, -61.11289, 304.4769, 241.7914
2018-04-10T13:13:45.9949452Z, 1, -61.08651, 304.3948, 241.6887
2018-04-10T13:13:45.9989525Z, 1, -61.06612, 304.3353, 241.6074
2018-04-10T13:13:46.0047124Z, 1, -61.06612, 304.3353, 241.6074
2018-04-10T13:13:46.0096239Z, 1, -61.03136, 304.2815, 241.5449
2018-04-10T13:13:46.0265753Z, 1, -61.02118, 304.2062, 241.5482
2018-04-10T13:13:46.0300822Z, 1, -61.02118, 304.2062, 241.5482
2018-04-10T13:13:46.0365929Z, 1, -60.99567, 304.1764, 241.4824
2018-04-10T13:13:46.0405988Z, 1, -60.99567, 304.1764, 241.4824
2018-04-10T13:13:46.0577306Z, 1, -60.9755, 304.0357, 241.3849
2018-04-10T13:13:46.0607349Z, 1, -61.00455, 304.0472, 241.4018
2018-04-10T13:13:46.0677494Z, 1, -60.97163, 304.0143, 241.3895
2018-04-10T13:13:46.0717618Z, 1, -60.97163, 304.0143, 241.3895
2018-04-10T13:13:46.0887829Z, 1, -60.875, 303.9317, 241.396
2018-04-10T13:13:46.0917963Z, 1, -60.875, 303.9317, 241.396
2018-04-10T13:13:46.0985896Z, 1, -60.8433, 303.9467, 241.4026
2018-04-10T13:13:46.1048715Z, 1, -60.85802, 303.9843, 241.4567
2018-04-10T13:13:46.1219874Z, 1, -60.80849, 303.996, 241.5116
2018-04-10T13:13:46.1249823Z, 1, -60.80849, 303.996, 241.5116
2018-04-10T13:13:46.1289893Z, 1, -60.80849, 303.996, 241.5116
2018-04-10T13:13:46.1349969Z, 1, -60.75901, 304.0045, 241.5381
2018-04-10T13:13:46.1520287Z, 1, -60.77541, 304.0103, 241.5155
2018-04-10T13:13:46.1550342Z, 1, -60.76478, 304.0279, 241.5146
2018-04-10T13:13:46.1617982Z, 1, -60.76478, 304.0279, 241.5146
2018-04-10T13:13:46.1680724Z, 1, -60.77684, 304.0607, 241.5363
2018-04-10T13:13:46.1851046Z, 1, -60.82953, 304.0521, 241.5609
2018-04-10T13:13:46.1891108Z, 1, -60.82953, 304.0521, 241.5609
2018-04-10T13:13:46.1947022Z, 1, -60.77766, 304.0592, 241.5796
2018-04-10T13:13:46.2115306Z, 1, -60.86867, 304.0618, 241.5355
2018-04-10T13:13:46.2145343Z, 1, -60.86867, 304.0618, 241.5355
2018-04-10T13:13:46.2220466Z, 1, -60.8265, 304.0296, 241.53
2018-04-10T13:13:46.2255797Z, 1, -60.93024, 304.0395, 241.4721
2018-04-10T13:13:46.2425621Z, 1, -60.98188, 304.0464, 241.5184
2018-04-10T13:13:46.2445652Z, 1, -60.98188, 304.0464, 241.5184
2018-04-10T13:13:46.2511174Z, 1, -60.98633, 304.1375, 241.5307
2018-04-10T13:13:46.2585845Z, 1, -61.04309, 304.1559, 241.565
2018-04-10T13:13:46.2621002Z, 1, -61.04309, 304.1559, 241.565
2018-04-10T13:13:46.2791535Z, 1, -61.09505, 304.1551, 241.5828
2018-04-10T13:13:46.2816407Z, 1, -61.09505, 304.1551, 241.5828
2018-04-10T13:13:46.2861483Z, 1, -61.11365, 304.1247, 241.5896
2018-04-10T13:13:46.2901550Z, 1, -61.11365, 304.1247, 241.5896
2018-04-10T13:13:46.2946607Z, 1, -61.14013, 304.0877, 241.6052
2018-04-10T13:13:46.3116869Z, 1, -61.19884, 303.9864, 241.5285
2018-04-10T13:13:46.3151924Z, 1, -61.19884, 303.9864, 241.5285
2018-04-10T13:13:46.3222131Z, 1, -61.27322, 303.9796, 241.4695
2018-04-10T13:13:46.3257090Z, 1, -61.27322, 303.9796, 241.4695
2018-04-10T13:13:46.3432358Z, 1, -61.35987, 303.9585, 241.4371
2018-04-10T13:13:46.3472428Z, 1, -61.40745, 303.9389, 241.4277
2018-04-10T13:13:46.3542533Z, 1, -61.43388, 303.8968, 241.4078
2018-04-10T13:13:46.3712789Z, 1, -61.46896, 303.8114, 241.356
2018-04-10T13:13:46.3732817Z, 1, -61.46896, 303.8114, 241.356
2018-04-10T13:13:46.3808133Z, 1, -61.48979, 303.8, 241.2955
2018-04-10T13:13:46.3843189Z, 1, -61.48979, 303.8, 241.2955
2018-04-10T13:13:46.4011996Z, 1, -61.47668, 303.7704, 241.3252
2018-04-10T13:13:46.4036879Z, 1, -61.47668, 303.7704, 241.3252
2018-04-10T13:13:46.4075689Z, 1, -61.45139, 303.7492, 241.3289
2018-04-10T13:13:46.4150823Z, 1, -61.47265, 303.7663, 241.3608
2018-04-10T13:13:46.4319055Z, 1, -61.55265, 303.7622, 241.3179
2018-04-10T13:13:46.4344007Z, 1, -61.55265, 303.7622, 241.3179
2018-04-10T13:13:46.4388947Z, 1, -61.55265, 303.7622, 241.3179
2018-04-10T13:13:46.4425883Z, 1, -61.5477, 303.7426, 241.2921
2018-04-10T13:13:46.4466096Z, 1, -61.5477, 303.7426, 241.2921
2018-04-10T13:13:46.4509570Z, 1, -61.59716, 303.7348, 241.3034
2018-04-10T13:13:46.4678306Z, 1, -61.65418, 303.7243, 241.361
2018-04-10T13:13:46.4698337Z, 1, -61.65418, 303.7243, 241.361
2018-04-10T13:13:46.4743581Z, 1, -61.65418, 303.7243, 241.361
2018-04-10T13:13:46.4818519Z, 1, -61.69277, 303.742, 241.3649
2018-04-10T13:13:46.4983763Z, 1, -61.682, 303.753, 241.3931
2018-04-10T13:13:46.5013815Z, 1, -61.682, 303.753, 241.3931
2018-04-10T13:13:46.5053874Z, 1, -61.72363, 303.7868, 241.4208
2018-04-10T13:13:46.5098944Z, 1, -61.73616, 303.8149, 241.4642
2018-04-10T13:13:46.5270379Z, 1, -61.74488, 303.8232, 241.487
2018-04-10T13:13:46.5295413Z, 1, -61.74488, 303.8232, 241.487
2018-04-10T13:13:46.5353550Z, 1, -61.74488, 303.8232, 241.487
2018-04-10T13:13:46.5423977Z, 1, -61.74488, 303.8232, 241.487
2018-04-10T13:13:46.5589614Z, 1, -61.69604, 303.8612, 241.5645
2018-04-10T13:13:46.5624695Z, 1, -61.66267, 303.8282, 241.549
2018-04-10T13:13:46.5685627Z, 1, -61.66267, 303.8282, 241.549
2018-04-10T13:13:46.5763758Z, 1, -61.62209, 303.8286, 241.6025
2018-04-10T13:13:46.5927109Z, 1, -61.5565, 303.8613, 241.665
2018-04-10T13:13:46.5961959Z, 1, -61.5565, 303.8613, 241.665
2018-04-10T13:13:46.6025999Z, 1, -61.52599, 303.8799, 241.6897
2018-04-10T13:13:46.6071118Z, 1, -61.56509, 303.8642, 241.6772
2018-04-10T13:13:46.6237925Z, 1, -61.6282, 303.7787, 241.6539
2018-04-10T13:13:46.6262854Z, 1, -61.6282, 303.7787, 241.6539
2018-04-10T13:13:46.6328123Z, 1, -61.59123, 303.7172, 241.6199
2018-04-10T13:13:46.6498160Z, 1, -61.56784, 303.6255, 241.5397
2018-04-10T13:13:46.6523198Z, 1, -61.56784, 303.6255, 241.5397
2018-04-10T13:13:46.6568268Z, 1, -61.56784, 303.6255, 241.5397
2018-04-10T13:13:46.6638621Z, 1, -61.58285, 303.6175, 241.5323
2018-04-10T13:13:46.6697117Z, 1, -61.59623, 303.6198, 241.5357
2018-04-10T13:13:46.6865326Z, 1, -61.60377, 303.6569, 241.5433
2018-04-10T13:13:46.6895373Z, 1, -61.60377, 303.6569, 241.5433
2018-04-10T13:13:46.6965563Z, 1, -61.63894, 303.6711, 241.5533
2018-04-10T13:13:46.7000604Z, 1, -61.63894, 303.6711, 241.5533
2018-04-10T13:13:46.7170507Z, 1, -61.6229, 303.71, 241.601
2018-04-10T13:13:46.7195550Z, 1, -61.56819, 303.7766, 241.6345
2018-04-10T13:13:46.7266244Z, 1, -61.56706, 303.7675, 241.6769
2018-04-10T13:13:46.7438242Z, 1, -61.58125, 303.8303, 241.7575
2018-04-10T13:13:46.7458278Z, 1, -61.58125, 303.8303, 241.7575
2018-04-10T13:13:46.7528426Z, 1, -61.53981, 303.8481, 241.7939
2018-04-10T13:13:46.7603378Z, 1, -61.53981, 303.8481, 241.7939
2018-04-10T13:13:46.7773839Z, 1, -61.55595, 303.8793, 241.899
2018-04-10T13:13:46.7803882Z, 1, -61.55838, 303.8586, 241.8773
2018-04-10T13:13:46.7878999Z, 1, -61.49482, 303.86, 241.8926
2018-04-10T13:13:46.7919084Z, 1, -61.49482, 303.86, 241.8926
2018-04-10T13:13:46.8086200Z, 1, -61.54135, 303.7779, 241.8795
2018-04-10T13:13:46.8116213Z, 1, -61.54135, 303.7779, 241.8795
2018-04-10T13:13:46.8181394Z, 1, -61.53807, 303.7573, 241.8721
2018-04-10T13:13:46.8253904Z, 1, -61.5879, 303.7047, 241.8026
2018-04-10T13:13:46.8421297Z, 1, -61.60494, 303.6152, 241.7963
2018-04-10T13:13:46.8446334Z, 1, -61.60494, 303.6152, 241.7963
2018-04-10T13:13:46.8510305Z, 1, -61.60406, 303.6371, 241.7743
2018-04-10T13:13:46.8680877Z, 1, -61.62289, 303.6461, 241.724
2018-04-10T13:13:46.8700905Z, 1, -61.62289, 303.6461, 241.724
2018-04-10T13:13:46.8775880Z, 1, -61.64716, 303.6428, 241.6995
2018-04-10T13:13:46.8820951Z, 1, -61.64716, 303.6428, 241.6995
2018-04-10T13:13:46.8886240Z, 1, -61.63797, 303.6447, 241.6775
2018-04-10T13:13:46.9061528Z, 1, -61.62075, 303.4842, 241.5971
2018-04-10T13:13:46.9096578Z, 1, -61.60669, 303.4419, 241.5218
2018-04-10T13:13:46.9176718Z, 1, -61.55055, 303.4259, 241.518
2018-04-10T13:13:46.9337539Z, 1, -61.57006, 303.4145, 241.5276
2018-04-10T13:13:46.9362573Z, 1, -61.56519, 303.376, 241.5229
2018-04-10T13:13:46.9434713Z, 1, -61.56083, 303.3708, 241.4667
2018-04-10T13:13:46.9499707Z, 1, -61.56083, 303.3708, 241.4667
2018-04-10T13:13:46.9670489Z, 1, -61.53996, 303.2893, 241.3437
2018-04-10T13:13:46.9700504Z, 1, -61.53719, 303.3024, 241.3013
2018-04-10T13:13:46.9780627Z, 1, -61.53022, 303.358, 241.2456
2018-04-10T13:13:46.9943242Z, 1, -61.48655, 303.3596, 241.2509
2018-04-10T13:13:46.9973297Z, 1, -61.50347, 303.3852, 241.2219
2018-04-10T13:13:47.0048439Z, 1, -61.50256, 303.4202, 241.2407
2018-04-10T13:13:47.0123340Z, 1, -61.50256, 303.4202, 241.2407
2018-04-10T13:13:47.0328862Z, 1, -61.54019, 303.5262, 241.2807
2018-04-10T13:13:47.0353979Z, 1, -61.54019, 303.5262, 241.2807
2018-04-10T13:13:47.0434292Z, 1, -61.57154, 303.578, 241.3203
2018-04-10T13:13:47.0596770Z, 1, -61.55659, 303.6154, 241.3481
2018-04-10T13:13:47.0626816Z, 1, -61.55659, 303.6154, 241.3481
2018-04-10T13:13:47.0666878Z, 1, -61.60836, 303.6231, 241.3366
2018-04-10T13:13:47.0733986Z, 1, -61.57072, 303.5973, 241.3748
2018-04-10T13:13:47.0904769Z, 1, -61.59294, 303.5937, 241.417
2018-04-10T13:13:47.0924802Z, 1, -61.59294, 303.5937, 241.417
2018-04-10T13:13:47.0994904Z, 1, -61.63608, 303.5678, 241.4344
2018-04-10T13:13:47.1060108Z, 1, -61.63608, 303.5678, 241.4344
2018-04-10T13:13:47.1228907Z, 1, -61.69733, 303.6212, 241.5299
2018-04-10T13:13:47.1263960Z, 1, -61.67495, 303.6855, 241.5957
2018-04-10T13:13:47.1334073Z, 1, -61.67495, 303.6855, 241.5957
2018-04-10T13:13:47.1500447Z, 1, -61.70016, 303.7963, 241.7304
2018-04-10T13:13:47.1525487Z, 1, -61.70363, 303.8676, 241.7471
2018-04-10T13:13:47.1595706Z, 1, -61.70363, 303.8676, 241.7471
2018-04-10T13:13:47.1660816Z, 1, -61.6417, 303.8761, 241.7395
2018-04-10T13:13:47.1830161Z, 1, -61.59716, 303.8426, 241.722
2018-04-10T13:13:47.1860191Z, 1, -61.59716, 303.8426, 241.722
2018-04-10T13:13:47.1925377Z, 1, -61.50594, 303.7909, 241.7021
2018-04-10T13:13:47.2000785Z, 1, -61.4244, 303.7263, 241.6644
2018-04-10T13:13:47.2166493Z, 1, -61.38701, 303.7138, 241.6243
2018-04-10T13:13:47.2191544Z, 1, -61.38701, 303.7138, 241.6243
2018-04-10T13:13:47.2234588Z, 1, -61.33034, 303.7026, 241.6148
2018-04-10T13:13:47.2304799Z, 1, -61.26402, 303.6497, 241.5854
2018-04-10T13:13:47.2473225Z, 1, -61.21766, 303.5733, 241.5375
2018-04-10T13:13:47.2498148Z, 1, -61.21766, 303.5733, 241.5375
2018-04-10T13:13:47.2578328Z, 1, -61.17729, 303.5805, 241.5053
2018-04-10T13:13:47.2613324Z, 1, -61.17729, 303.5805, 241.5053
2018-04-10T13:13:47.2788538Z, 1, -61.05897, 303.6256, 241.4958
2018-04-10T13:13:47.2823590Z, 1, -61.05399, 303.6397, 241.5192
2018-04-10T13:13:47.2883836Z, 1, -61.05399, 303.6397, 241.5192
2018-04-10T13:13:47.2923866Z, 1, -61.0213, 303.6535, 241.4805
2018-04-10T13:13:47.3094604Z, 1, -60.89459, 303.6803, 241.4804
2018-04-10T13:13:47.3114506Z, 1, -60.89459, 303.6803, 241.4804
2018-04-10T13:13:47.3191749Z, 1, -60.86293, 303.716, 241.5302
2018-04-10T13:13:47.3256845Z, 1, -60.83872, 303.7328, 241.6073
2018-04-10T13:13:47.3426993Z, 1, -60.80851, 303.8144, 241.696
2018-04-10T13:13:47.3452019Z, 1, -60.80851, 303.8144, 241.696
2018-04-10T13:13:47.3517467Z, 1, -60.78864, 303.8456, 241.7679
2018-04-10T13:13:47.3687513Z, 1, -60.73863, 303.9962, 241.8012
2018-04-10T13:13:47.3707544Z, 1, -60.73863, 303.9962, 241.8012
2018-04-10T13:13:47.3779308Z, 1, -60.73541, 304.0957, 241.8215
2018-04-10T13:13:47.3814565Z, 1, -60.73541, 304.0957, 241.8215
2018-04-10T13:13:47.3854408Z, 1, -60.70423, 304.1471, 241.9087
2018-04-10T13:13:47.4032827Z, 1, -60.69272, 304.3243, 241.9642
2018-04-10T13:13:47.4062770Z, 1, -60.69272, 304.3243, 241.9642
2018-04-10T13:13:47.4132887Z, 1, -60.69073, 304.4088, 241.9764
2018-04-10T13:13:47.4303160Z, 1, -60.65653, 304.4703, 241.9643
2018-04-10T13:13:47.4333203Z, 1, -60.65653, 304.4703, 241.9643
2018-04-10T13:13:47.4408320Z, 1, -60.66853, 304.4586, 241.923
2018-04-10T13:13:47.4473530Z, 1, -60.73232, 304.4642, 241.9511
2018-04-10T13:13:47.4643678Z, 1, -60.71761, 304.4869, 241.9665
2018-04-10T13:13:47.4668829Z, 1, -60.71761, 304.4869, 241.9665
2018-04-10T13:13:47.4743943Z, 1, -60.6732, 304.5004, 241.9807
2018-04-10T13:13:47.4824092Z, 1, -60.65965, 304.4877, 241.9774
2018-04-10T13:13:47.4989284Z, 1, -60.62692, 304.5059, 242.0077
2018-04-10T13:13:47.5014262Z, 1, -60.62692, 304.5059, 242.0077
2018-04-10T13:13:47.5058237Z, 1, -60.62692, 304.5059, 242.0077
2018-04-10T13:13:47.5098563Z, 1, -60.5991, 304.508, 241.9822
2018-04-10T13:13:47.5265415Z, 1, -60.57743, 304.3928, 241.8915
2018-04-10T13:13:47.5325425Z, 1, -60.57743, 304.3928, 241.8915
2018-04-10T13:13:47.5355471Z, 1, -60.58677, 304.3951, 241.8616
2018-04-10T13:13:47.5395524Z, 1, -60.58677, 304.3951, 241.8616
2018-04-10T13:13:47.5435703Z, 1, -60.59169, 304.3578, 241.7979
2018-04-10T13:13:47.5603229Z, 1, -60.61172, 304.3532, 241.7626
2018-04-10T13:13:47.5633110Z, 1, -60.61172, 304.3532, 241.7626
2018-04-10T13:13:47.5673314Z, 1, -60.61172, 304.3532, 241.7626
2018-04-10T13:13:47.5742688Z, 1, -60.60244, 304.3762, 241.7626
2018-04-10T13:13:47.5911370Z, 1, -60.7056, 304.3315, 241.8087
2018-04-10T13:13:47.5941320Z, 1, -60.69255, 304.3232, 241.8251
2018-04-10T13:13:47.6011422Z, 1, -60.69255, 304.3232, 241.8251
2018-04-10T13:13:47.6071611Z, 1, -60.72686, 304.2849, 241.8374
2018-04-10T13:13:47.6242413Z, 1, -60.81572, 304.359, 241.8936
2018-04-10T13:13:47.6267416Z, 1, -60.81572, 304.359, 241.8936
2018-04-10T13:13:47.6317493Z, 1, -60.81572, 304.359, 241.8936
2018-04-10T13:13:47.6388358Z, 1, -60.81572, 304.359, 241.8936
2018-04-10T13:13:47.6549845Z, 1, -60.81572, 304.359, 241.8936
2018-04-10T13:13:47.6574937Z, 1, -60.81572, 304.359, 241.8936
2018-04-10T13:13:47.6640135Z, 1, -60.81572, 304.359, 241.8936
2018-04-10T13:13:47.6812133Z, 1, -61.31609, 304.5365, 242.0751
2018-04-10T13:13:47.6837150Z, 1, -61.31609, 304.5365, 242.0751
2018-04-10T13:13:47.6877075Z, 1, -61.31609, 304.5365, 242.0751
2018-04-10T13:13:47.6917245Z, 1, -61.8909, 304.8975, 242.338
2018-04-10T13:13:47.6987353Z, 1, -61.8909, 304.8975, 242.338
2018-04-10T13:13:47.7151951Z, 1, -62.16479, 305.0132, 242.465
2018-04-10T13:13:47.7187009Z, 1, -62.16479, 305.0132, 242.465
2018-04-10T13:13:47.7257179Z, 1, -62.43735, 305.2403, 242.5661
2018-04-10T13:13:47.7322688Z, 1, -62.43735, 305.2403, 242.5661
2018-04-10T13:13:47.7492087Z, 1, -62.53153, 305.5721, 242.6822
2018-04-10T13:13:47.7517121Z, 1, -62.53153, 305.5721, 242.6822
2018-04-10T13:13:47.7592241Z, 1, -62.54911, 305.8677, 242.8269
2018-04-10T13:13:47.7757568Z, 1, -62.54911, 305.8677, 242.8269
2018-04-10T13:13:47.7782611Z, 1, -62.55424, 306.0974, 242.8548
2018-04-10T13:13:47.7882964Z, 1, -62.55424, 306.0974, 242.8548
2018-04-10T13:13:47.7908007Z, 1, -62.55424, 306.0974, 242.8548
2018-04-10T13:13:47.8073205Z, 1, -62.44366, 306.3738, 242.8224
2018-04-10T13:13:47.8103254Z, 1, -62.44366, 306.3738, 242.8224
2018-04-10T13:13:47.8176561Z, 1, -62.15517, 306.5257, 242.7616
2018-04-10T13:13:47.8212003Z, 1, -62.15517, 306.5257, 242.7616
2018-04-10T13:13:47.8384505Z, 1, -62.07185, 306.4201, 242.5439
2018-04-10T13:13:47.8409554Z, 1, -62.07185, 306.4201, 242.5439
2018-04-10T13:13:47.8454787Z, 1, -62.07185, 306.4201, 242.5439
2018-04-10T13:13:47.8515001Z, 1, -61.95372, 306.291, 242.3213
2018-04-10T13:13:47.8686373Z, 1, -61.83826, 305.9606, 241.8815
2018-04-10T13:13:47.8706410Z, 1, -61.83826, 305.9606, 241.8815
2018-04-10T13:13:47.8773270Z, 1, -61.83826, 305.9606, 241.8815
2018-04-10T13:13:47.8843509Z, 1, -61.96974, 305.8059, 241.625
2018-04-10T13:13:47.9013759Z, 1, -61.92393, 305.6036, 241.3452
2018-04-10T13:13:47.9038682Z, 1, -61.92393, 305.6036, 241.3452
2018-04-10T13:13:47.9108787Z, 1, -61.92393, 305.6036, 241.3452
2018-04-10T13:13:47.9158864Z, 1, -61.77232, 305.3099, 241.0627
2018-04-10T13:13:47.9324222Z, 1, -61.86078, 305.5366, 241.3697
2018-04-10T13:13:47.9349274Z, 1, -61.86078, 305.5366, 241.3697
2018-04-10T13:13:47.9424490Z, 1, -61.86078, 305.5366, 241.3697
2018-04-10T13:13:47.9488129Z, 1, -61.86078, 305.5366, 241.3697
2018-04-10T13:13:47.9658809Z, 1, -61.85793, 305.473, 241.2381
2018-04-10T13:13:47.9683840Z, 1, -61.95918, 305.6125, 241.4184
2018-04-10T13:13:47.9759353Z, 1, -61.95918, 305.6125, 241.4184
2018-04-10T13:13:47.9794408Z, 1, -61.95918, 305.6125, 241.4184
2018-04-10T13:13:47.9964237Z, 1, -61.89473, 305.7388, 241.4989
2018-04-10T13:13:47.9989277Z, 1, -61.89473, 305.7388, 241.4989
2018-04-10T13:13:48.0029345Z, 1, -61.98973, 305.5533, 241.3241
2018-04-10T13:13:48.0094808Z, 1, -61.98973, 305.5533, 241.3241
2018-04-10T13:13:48.0265064Z, 1, -62.15095, 305.821, 241.527
2018-04-10T13:13:48.0385348Z, 1, -62.05374, 305.8055, 241.5642
2018-04-10T13:13:48.0445355Z, 1, -62.05374, 305.8055, 241.5642
2018-04-10T13:13:48.0616687Z, 1, -62.13314, 305.8899, 241.6656
2018-04-10T13:13:48.0646733Z, 1, -62.13314, 305.8899, 241.6656
2018-04-10T13:13:48.0711932Z, 1, -62.28999, 306.0242, 241.7599
2018-04-10T13:13:48.0762029Z, 1, -62.28999, 306.0242, 241.7599
2018-04-10T13:13:48.0922870Z, 1, -62.26583, 305.9488, 241.6478
2018-04-10T13:13:48.0947790Z, 1, -62.26583, 305.9488, 241.6478
2018-04-10T13:13:48.1023163Z, 1, -62.26583, 305.9488, 241.6478
2018-04-10T13:13:48.1058219Z, 1, -62.19975, 305.9093, 241.5249
2018-04-10T13:13:48.1228597Z, 1, -62.10465, 305.8238, 241.3128
2018-04-10T13:13:48.1263650Z, 1, -62.10465, 305.8238, 241.3128
2018-04-10T13:13:48.1328762Z, 1, -62.10465, 305.8238, 241.3128
2018-04-10T13:13:48.1495885Z, 1, -61.99733, 305.8117, 241.0774
2018-04-10T13:13:48.1520877Z, 1, -61.99733, 305.8117, 241.0774
2018-04-10T13:13:48.1601128Z, 1, -61.85188, 305.5807, 240.7919
2018-04-10T13:13:48.1661573Z, 1, -61.85188, 305.5807, 240.7919
2018-04-10T13:13:48.1833565Z, 1, -61.69198, 305.3573, 240.5883
2018-04-10T13:13:48.1853593Z, 1, -61.69198, 305.3573, 240.5883
2018-04-10T13:13:48.1928918Z, 1, -61.56975, 305.2292, 240.3457
2018-04-10T13:13:48.1999481Z, 1, -61.56975, 305.2292, 240.3457
2018-04-10T13:13:48.2164037Z, 1, -61.48054, 304.9617, 240.0232
2018-04-10T13:13:48.2189074Z, 1, -61.48054, 304.9617, 240.0232
2018-04-10T13:13:48.2254269Z, 1, -61.48054, 304.9617, 240.0232
2018-04-10T13:13:48.2294245Z, 1, -61.43903, 304.7549, 239.7766
2018-04-10T13:13:48.2466306Z, 1, -61.33971, 304.8807, 239.8333
2018-04-10T13:13:48.2491343Z, 1, -61.33971, 304.8807, 239.8333
2018-04-10T13:13:48.2552019Z, 1, -61.33971, 304.8807, 239.8333
2018-04-10T13:13:48.2598806Z, 1, -61.33971, 304.8807, 239.8333
2018-04-10T13:13:48.2768974Z, 1, -61.33187, 305.2297, 240.0201
2018-04-10T13:13:48.2804103Z, 1, -61.24389, 305.1882, 240.0073
2018-04-10T13:13:48.2864301Z, 1, -61.24389, 305.1882, 240.0073
2018-04-10T13:13:48.2904496Z, 1, -61.24389, 305.1882, 240.0073
2018-04-10T13:13:48.3071818Z, 1, -61.48449, 305.2938, 240.1697
2018-04-10T13:13:48.3096832Z, 1, -61.48449, 305.2938, 240.1697
2018-04-10T13:13:48.3172157Z, 1, -61.80578, 305.4882, 240.2765
2018-04-10T13:13:48.3234720Z, 1, -61.80578, 305.4882, 240.2765
2018-04-10T13:13:48.3405226Z, 1, -61.81908, 305.515, 240.2767
2018-04-10T13:13:48.3425157Z, 1, -61.81908, 305.515, 240.2767
2018-04-10T13:13:48.3495777Z, 1, -61.73264, 305.5699, 240.3472
2018-04-10T13:13:48.3573094Z, 1, -61.73264, 305.5699, 240.3472
2018-04-10T13:13:48.3734659Z, 1, -61.5316, 305.5327, 240.4372
2018-04-10T13:13:48.3759698Z, 1, -61.5316, 305.5327, 240.4372
2018-04-10T13:13:48.3829929Z, 1, -61.45823, 305.4585, 240.4657
2018-04-10T13:13:48.3999897Z, 1, -61.45823, 305.4585, 240.4657
2018-04-10T13:13:48.4024940Z, 1, -61.41404, 305.2917, 240.3935
2018-04-10T13:13:48.4065170Z, 1, -61.41404, 305.2917, 240.3935
2018-04-10T13:13:48.4130707Z, 1, -61.41404, 305.2917, 240.3935
2018-04-10T13:13:48.4302209Z, 1, -61.32891, 305.032, 240.249
2018-04-10T13:13:48.4327209Z, 1, -61.32891, 305.032, 240.249
2018-04-10T13:13:48.4402423Z, 1, -61.26012, 304.7742, 240.1532
2018-04-10T13:13:48.4468230Z, 1, -61.26012, 304.7742, 240.1532
2018-04-10T13:13:48.4638381Z, 1, -61.32784, 304.6875, 240.0981
2018-04-10T13:13:48.4663421Z, 1, -61.32784, 304.6875, 240.0981
2018-04-10T13:13:48.4733096Z, 1, -61.33092, 304.7237, 240.1867
2018-04-10T13:13:48.4808062Z, 1, -61.33092, 304.7237, 240.1867
2018-04-10T13:13:48.4973304Z, 1, -61.2995, 305.0434, 240.4041
2018-04-10T13:13:48.4998341Z, 1, -61.2995, 305.0434, 240.4041
2018-04-10T13:13:48.5068451Z, 1, -61.27799, 305.1336, 240.3651
2018-04-10T13:13:48.5108692Z, 1, -61.27799, 305.1336, 240.3651
2018-04-10T13:13:48.5283792Z, 1, -61.4192, 305.2148, 240.3197
2018-04-10T13:13:48.5313827Z, 1, -61.4192, 305.2148, 240.3197
2018-04-10T13:13:48.5383944Z, 1, -61.4192, 305.2148, 240.3197
2018-04-10T13:13:48.5423997Z, 1, -61.63287, 305.3232, 240.3453
2018-04-10T13:13:48.5589247Z, 1, -61.80264, 305.5187, 240.5056
2018-04-10T13:13:48.5619298Z, 1, -61.80264, 305.5187, 240.5056
2018-04-10T13:13:48.5684394Z, 1, -61.80264, 305.5187, 240.5056
2018-04-10T13:13:48.5759514Z, 1, -61.97427, 305.7498, 240.6411
2018-04-10T13:13:48.5919758Z, 1, -61.79081, 305.7931, 240.6247
2018-04-10T13:13:48.5944800Z, 1, -61.79081, 305.7931, 240.6247
2018-04-10T13:13:48.5989865Z, 1, -61.79081, 305.7931, 240.6247
2018-04-10T13:13:48.6024918Z, 1, -61.79081, 305.7931, 240.6247
2018-04-10T13:13:48.6191909Z, 1, -61.72845, 305.6932, 240.5373
2018-04-10T13:13:48.6216961Z, 1, -61.72845, 305.6932, 240.5373
2018-04-10T13:13:48.6287069Z, 1, -61.95187, 305.7632, 240.5953
2018-04-10T13:13:48.6352241Z, 1, -61.95187, 305.7632, 240.5953
2018-04-10T13:13:48.6523955Z, 1, -62.19699, 306.0333, 240.5538
2018-04-10T13:13:48.6543985Z, 1, -62.19699, 306.0333, 240.5538
2018-04-10T13:13:48.6589062Z, 1, -62.19699, 306.0333, 240.5538
2018-04-10T13:13:48.6649476Z, 1, -62.12763, 306.2422, 240.4752
2018-04-10T13:13:48.6689896Z, 1, -62.12763, 306.2422, 240.4752
2018-04-10T13:13:48.6859856Z, 1, -62.15205, 306.54, 240.556
2018-04-10T13:13:48.6884896Z, 1, -62.15205, 306.54, 240.556
2018-04-10T13:13:48.6950146Z, 1, -62.17738, 306.8419, 240.691
2018-04-10T13:13:48.7120097Z, 1, -62.17738, 306.8419, 240.691
2018-04-10T13:13:48.7150135Z, 1, -62.31032, 307.0323, 240.7867
2018-04-10T13:13:48.7220857Z, 1, -62.31032, 307.0323, 240.7867
2018-04-10T13:13:48.7290171Z, 1, -62.31032, 307.0323, 240.7867
2018-04-10T13:13:48.7456360Z, 1, -62.40134, 307.2655, 240.9896
2018-04-10T13:13:48.7486409Z, 1, -62.60701, 307.3268, 241.0047
2018-04-10T13:13:48.7550153Z, 1, -62.60701, 307.3268, 241.0047
2018-04-10T13:13:48.7622265Z, 1, -62.60701, 307.3268, 241.0047
2018-04-10T13:13:48.7789359Z, 1, -62.62761, 307.2591, 241.0732
2018-04-10T13:13:48.7814404Z, 1, -62.62761, 307.2591, 241.0732
2018-04-10T13:13:48.7859472Z, 1, -62.31036, 307.2495, 240.9772
2018-04-10T13:13:48.7944679Z, 1, -62.31036, 307.2495, 240.9772
2018-04-10T13:13:48.8109960Z, 1, -62.18269, 307.0846, 240.7555
2018-04-10T13:13:48.8150030Z, 1, -62.18269, 307.0846, 240.7555
2018-04-10T13:13:48.8222913Z, 1, -62.32887, 307.0254, 240.9145
2018-04-10T13:13:48.8257811Z, 1, -62.32887, 307.0254, 240.9145
2018-04-10T13:13:48.8427475Z, 1, -62.51125, 306.996, 241.1169
2018-04-10T13:13:48.8462528Z, 1, -62.51125, 306.996, 241.1169
2018-04-10T13:13:48.8532636Z, 1, -62.705, 306.8069, 241.2226
2018-04-10T13:13:48.8577706Z, 1, -62.705, 306.8069, 241.2226
2018-04-10T13:13:48.8741513Z, 1, -62.43347, 306.5575, 241.5025
2018-04-10T13:13:48.8766559Z, 1, -62.43347, 306.5575, 241.5025
2018-04-10T13:13:48.8806726Z, 1, -62.43347, 306.5575, 241.5025
2018-04-10T13:13:48.8876811Z, 1, -62.32232, 306.5556, 241.8263
2018-04-10T13:13:48.9043979Z, 1, -62.11602, 306.6504, 242.1874
2018-04-10T13:13:48.9069030Z, 1, -62.11602, 306.6504, 242.1874
2018-04-10T13:13:48.9131932Z, 1, -62.11602, 306.6504, 242.1874
2018-04-10T13:13:48.9177008Z, 1, -62.11602, 306.6504, 242.1874
2018-04-10T13:13:48.9342545Z, 1, -61.61952, 306.8397, 242.623
2018-04-10T13:13:48.9377507Z, 1, -61.61952, 306.8397, 242.623
2018-04-10T13:13:48.9437693Z, 1, -60.7798, 306.8922, 242.7034
2018-04-10T13:13:48.9477758Z, 1, -60.7798, 306.8922, 242.7034
2018-04-10T13:13:48.9647917Z, 1, -59.57278, 307.3626, 242.7477
2018-04-10T13:13:48.9678063Z, 1, -59.57278, 307.3626, 242.7477
2018-04-10T13:13:48.9753106Z, 1, -58.79054, 307.5152, 242.7162
2018-04-10T13:13:48.9823191Z, 1, -58.79054, 307.5152, 242.7162
2018-04-10T13:13:48.9987370Z, 1, -58.61766, 307.5909, 242.5485
2018-04-10T13:13:49.0012282Z, 1, -58.61766, 307.5909, 242.5485
2018-04-10T13:13:49.0082396Z, 1, -58.47768, 307.6214, 242.2632
2018-04-10T13:13:49.0122457Z, 1, -58.47768, 307.6214, 242.2632
2018-04-10T13:13:49.0290790Z, 1, -58.48479, 307.5748, 241.9655
2018-04-10T13:13:49.0315830Z, 1, -58.48479, 307.5748, 241.9655
2018-04-10T13:13:49.0360895Z, 1, -58.48479, 307.5748, 241.9655
2018-04-10T13:13:49.0426007Z, 1, -58.28867, 307.4396, 241.8646
2018-04-10T13:13:49.0596323Z, 1, -57.95934, 307.2332, 241.8434
2018-04-10T13:13:49.0621497Z, 1, -57.95934, 307.2332, 241.8434
2018-04-10T13:13:49.0686462Z, 1, -57.95934, 307.2332, 241.8434
2018-04-10T13:13:49.0752895Z, 1, -57.95934, 307.2332, 241.8434
2018-04-10T13:13:49.0923948Z, 1, -57.69283, 307.1884, 241.7466
2018-04-10T13:13:49.0943976Z, 1, -57.69283, 307.1884, 241.7466
2018-04-10T13:13:49.0989118Z, 1, -57.69283, 307.1884, 241.7466
2018-04-10T13:13:49.1054294Z, 1, -57.69283, 307.1884, 241.7466
2018-04-10T13:13:49.1223531Z, 1, -56.60922, 307.1746, 242.0202
2018-04-10T13:13:49.1253580Z, 1, -56.60922, 307.1746, 242.0202
2018-04-10T13:13:49.1318676Z, 1, -56.29176, 306.9624, 242.1092
2018-04-10T13:13:49.1363744Z, 1, -56.29176, 306.9624, 242.1092
2018-04-10T13:13:49.1528134Z, 1, -56.17027, 307.2429, 242.413
2018-04-10T13:13:49.1553183Z, 1, -56.17027, 307.2429, 242.413
2018-04-10T13:13:49.1623139Z, 1, -56.17027, 307.2429, 242.413
2018-04-10T13:13:49.1684598Z, 1, -55.7314, 307.7036, 242.7589
2018-04-10T13:13:49.1853599Z, 1, -54.86368, 307.7608, 243.4391
2018-04-10T13:13:49.1878639Z, 1, -54.86368, 307.7608, 243.4391
2018-04-10T13:13:49.1952865Z, 1, -54.86368, 307.7608, 243.4391
2018-04-10T13:13:49.1997805Z, 1, -54.5011, 307.4831, 243.5945
2018-04-10T13:13:49.2163021Z, 1, -54.20245, 307.0583, 243.5424
2018-04-10T13:13:49.2188152Z, 1, -54.20245, 307.0583, 243.5424
2018-04-10T13:13:49.2249587Z, 1, -54.20245, 307.0583, 243.5424
2018-04-10T13:13:49.2319706Z, 1, -54.20245, 307.0583, 243.5424
2018-04-10T13:13:49.2487504Z, 1, -53.9591, 306.7658, 243.4695
2018-04-10T13:13:49.2517550Z, 1, -53.32819, 306.8895, 243.6281
2018-04-10T13:13:49.2588304Z, 1, -53.32819, 306.8895, 243.6281
2018-04-10T13:13:49.2623515Z, 1, -53.32819, 306.8895, 243.6281
2018-04-10T13:13:49.2798479Z, 1, -53.87132, 307.132, 241.6769
2018-04-10T13:13:49.2823508Z, 1, -53.87132, 307.132, 241.6769
2018-04-10T13:13:49.2863572Z, 1, -50.25517, 305.2355, 236.7583
2018-04-10T13:13:49.2933768Z, 1, -50.25517, 305.2355, 236.7583
2018-04-10T13:13:49.3106839Z, 1, -48.36967, 306.1544, 231.1553
2018-04-10T13:13:49.3136797Z, 1, -48.36967, 306.1544, 231.1553
2018-04-10T13:13:49.3210237Z, 1, -48.36967, 306.1544, 231.1553
2018-04-10T13:13:49.3245290Z, 1, -48.36967, 306.1544, 231.1553
2018-04-10T13:13:49.3413397Z, 1, -43.23576, 306.3563, 213.9673
2018-04-10T13:13:49.3443443Z, 1, -43.23576, 306.3563, 213.9673
2018-04-10T13:13:49.3513716Z, 1, -43.23576, 306.3563, 213.9673
2018-04-10T13:13:49.3563665Z, 1, -43.23576, 306.3563, 213.9673
2018-04-10T13:13:49.3725770Z, False, 0, 0, 0
2018-04-10T13:13:49.3750782Z, False, 0, 0, 0
2018-04-10T13:13:49.3820793Z, False, 0, 0, 0
2018-04-10T13:13:49.3860948Z, False, 0, 0, 0
2018-04-10T13:13:49.4028059Z, False, 0, 0, 0
2018-04-10T13:13:49.4053008Z, False, 0, 0, 0
2018-04-10T13:13:49.4098164Z, False, 0, 0, 0
2018-04-10T13:13:49.4173310Z, False, 0, 0, 0
2018-04-10T13:13:49.4333949Z, False, 0, 0, 0
2018-04-10T13:13:49.4359000Z, False, 0, 0, 0
2018-04-10T13:13:49.4434117Z, False, 0, 0, 0
2018-04-10T13:13:49.4474179Z, False, 0, 0, 0
2018-04-10T13:13:49.4645889Z, False, 0, 0, 0
2018-04-10T13:13:49.4670929Z, False, 0, 0, 0
2018-04-10T13:13:49.4711250Z, False, 0, 0, 0
2018-04-10T13:13:49.4786515Z, False, 0, 0, 0
2018-04-10T13:13:49.4821857Z, False, 0, 0, 0
2018-04-10T13:13:49.4991809Z, False, 0, 0, 0
2018-04-10T13:13:49.5011840Z, False, 0, 0, 0
2018-04-10T13:13:49.5058578Z, False, 0, 0, 0
2018-04-10T13:13:49.5133698Z, False, 0, 0, 0
2018-04-10T13:13:49.5299065Z, False, 0, 0, 0
2018-04-10T13:13:49.5324099Z, False, 0, 0, 0
2018-04-10T13:13:49.5399068Z, False, 0, 0, 0
2018-04-10T13:13:49.5565294Z, False, 0, 0, 0
2018-04-10T13:13:49.5590331Z, False, 0, 0, 0
2018-04-10T13:13:49.5635407Z, False, 0, 0, 0
2018-04-10T13:13:49.5670622Z, False, 0, 0, 0
2018-04-10T13:13:49.5740832Z, False, 0, 0, 0
2018-04-10T13:13:49.5908800Z, False, 0, 0, 0
2018-04-10T13:13:49.5933837Z, False, 0, 0, 0
2018-04-10T13:13:49.6008957Z, False, 0, 0, 0
2018-04-10T13:13:49.6044132Z, False, 0, 0, 0
2018-04-10T13:13:49.6214271Z, False, 0, 0, 0
2018-04-10T13:13:49.6239308Z, False, 0, 0, 0
2018-04-10T13:13:49.6304538Z, False, 0, 0, 0
2018-04-10T13:13:49.6344614Z, False, 0, 0, 0
2018-04-10T13:13:49.6514827Z, False, 0, 0, 0
2018-04-10T13:13:49.6539776Z, False, 0, 0, 0
2018-04-10T13:13:49.6599988Z, False, 0, 0, 0
2018-04-10T13:13:49.6670096Z, False, 0, 0, 0
2018-04-10T13:13:49.6845241Z, False, 0, 0, 0
2018-04-10T13:13:49.6865269Z, False, 0, 0, 0
2018-04-10T13:13:49.6940512Z, False, 0, 0, 0
2018-04-10T13:13:49.6985457Z, False, 0, 0, 0
2018-04-10T13:13:49.7150567Z, False, 0, 0, 0
2018-04-10T13:13:49.7175599Z, False, 0, 0, 0
2018-04-10T13:13:49.7215811Z, False, 0, 0, 0
2018-04-10T13:13:49.7285597Z, False, 0, 0, 0
2018-04-10T13:13:49.7457604Z, False, 0, 0, 0
2018-04-10T13:13:49.7482584Z, False, 0, 0, 0
2018-04-10T13:13:49.7522785Z, False, 0, 0, 0
2018-04-10T13:13:49.7567677Z, False, 0, 0, 0
2018-04-10T13:13:49.7632923Z, False, 0, 0, 0
2018-04-10T13:13:49.7802872Z, False, 0, 0, 0
2018-04-10T13:13:49.7827923Z, False, 0, 0, 0
2018-04-10T13:13:49.7893381Z, False, 0, 0, 0
2018-04-10T13:13:49.7933582Z, False, 0, 0, 0
2018-04-10T13:13:49.8100989Z, False, 0, 0, 0
2018-04-10T13:13:49.8131041Z, False, 0, 0, 0
2018-04-10T13:13:49.8202019Z, False, 0, 0, 0
2018-04-10T13:13:49.8366290Z, False, 0, 0, 0
2018-04-10T13:13:49.8391341Z, False, 0, 0, 0
2018-04-10T13:13:49.8463607Z, False, 0, 0, 0
2018-04-10T13:13:49.8503796Z, False, 0, 0, 0
2018-04-10T13:13:49.8570512Z, False, 0, 0, 0
2018-04-10T13:13:49.8734674Z, False, 0, 0, 0
2018-04-10T13:13:49.8764715Z, False, 0, 0, 0
2018-04-10T13:13:49.8804771Z, False, 0, 0, 0
2018-04-10T13:13:49.8844997Z, False, 0, 0, 0
2018-04-10T13:13:49.9015677Z, False, 0, 0, 0
2018-04-10T13:13:49.9035703Z, False, 0, 0, 0
2018-04-10T13:13:49.9080967Z, False, 0, 0, 0
2018-04-10T13:13:49.9141056Z, False, 0, 0, 0
2018-04-10T13:13:49.9315226Z, 0, 21.39458, 101.7397, 19.69784
2018-04-10T13:13:49.9340115Z, 0, 21.39458, 101.7397, 19.69784
2018-04-10T13:13:49.9519151Z, 0.09048828, 25.89761, 109.4279, 23.30103
2018-04-10T13:13:49.9585246Z, 0.09048828, 25.89761, 109.4279, 23.30103
2018-04-10T13:13:49.9615156Z, 0.09048828, 25.89761, 109.4279, 23.30103
2018-04-10T13:13:49.9675359Z, 0.180093, 25.09536, 108.3933, 23.96331
2018-04-10T13:13:49.9745555Z, 0.180093, 25.09536, 108.3933, 23.96331
2018-04-10T13:13:49.9795649Z, 0.180093, 25.09536, 108.3933, 23.96331
2018-04-10T13:13:49.9953585Z, 0.2668836, 24.59674, 108.7456, 24.04733
2018-04-10T13:13:49.9983622Z, 0.3494676, 23.94183, 108.5768, 24.32118
2018-04-10T13:13:50.0059841Z, 0.3494676, 23.94183, 108.5768, 24.32118
2018-04-10T13:13:50.0124959Z, 0.3494676, 23.94183, 108.5768, 24.32118
2018-04-10T13:13:50.0295238Z, 0.4269566, 23.23319, 108.4226, 24.66843
2018-04-10T13:13:50.0340314Z, 0.4988703, 22.44866, 108.0568, 25.0647
2018-04-10T13:13:50.0405812Z, 0.4988703, 22.44866, 108.0568, 25.0647
2018-04-10T13:13:50.0571070Z, 0.5641292, 21.65797, 107.6262, 25.40333
2018-04-10T13:13:50.0601190Z, 0.5641292, 21.65797, 107.6262, 25.40333
2018-04-10T13:13:50.0641181Z, 0.5641292, 21.65797, 107.6262, 25.40333
2018-04-10T13:13:50.0711286Z, 0.6233752, 20.83656, 106.9136, 25.90535
2018-04-10T13:13:50.0881889Z, 0.6760234, 20.04267, 106.3549, 26.43713
2018-04-10T13:13:50.0906926Z, 0.6760234, 20.04267, 106.3549, 26.43713
2018-04-10T13:13:50.0992067Z, 0.6760234, 20.04267, 106.3549, 26.43713
2018-04-10T13:13:50.1057160Z, 0.7225899, 19.23647, 105.7493, 26.81272
2018-04-10T13:13:50.1233714Z, 0.763419, 18.45723, 105.186, 27.10355
2018-04-10T13:13:50.1268764Z, 0.763419, 18.45723, 105.186, 27.10355
2018-04-10T13:13:50.1308823Z, 0.763419, 18.45723, 105.186, 27.10355
2018-04-10T13:13:50.1384190Z, 0.799224, 17.80689, 104.7415, 27.40178
2018-04-10T13:13:50.1550180Z, 0.8297059, 17.2588, 104.3497, 27.70151
2018-04-10T13:13:50.1587173Z, 0.8297059, 17.2588, 104.3497, 27.70151
2018-04-10T13:13:50.1653983Z, 0.8297059, 17.2588, 104.3497, 27.70151
2018-04-10T13:13:50.1824222Z, 0.8560755, 16.80346, 103.9929, 27.88373
2018-04-10T13:13:50.1854262Z, 0.8560755, 16.80346, 103.9929, 27.88373
2018-04-10T13:13:50.1899333Z, 0.8787156, 16.4816, 103.8408, 27.95897
2018-04-10T13:13:50.1939540Z, 0.8787156, 16.4816, 103.8408, 27.95897
2018-04-10T13:13:50.1985009Z, 0.8787156, 16.4816, 103.8408, 27.95897
2018-04-10T13:13:50.2147763Z, 0.8978512, 16.20211, 103.645, 28.03444
2018-04-10T13:13:50.2172797Z, 0.8978512, 16.20211, 103.645, 28.03444
2018-04-10T13:13:50.2237941Z, 0.9142174, 16.03765, 103.5746, 28.09312
2018-04-10T13:13:50.2308046Z, 0.9142174, 16.03765, 103.5746, 28.09312
2018-04-10T13:13:50.2476691Z, 0.9279863, 15.97479, 103.5826, 28.13379
2018-04-10T13:13:50.2501723Z, 0.9279863, 15.97479, 103.5826, 28.13379
2018-04-10T13:13:50.2571426Z, 0.9396611, 15.90466, 103.5351, 28.17695
2018-04-10T13:13:50.2606607Z, 0.9396611, 15.90466, 103.5351, 28.17695
2018-04-10T13:13:50.2776943Z, 0.9495072, 15.84038, 103.5601, 28.19109
2018-04-10T13:13:50.2806892Z, 0.9495072, 15.84038, 103.5601, 28.19109
2018-04-10T13:13:50.2846951Z, 0.9495072, 15.84038, 103.5601, 28.19109
2018-04-10T13:13:50.2917059Z, 0.9577586, 15.75419, 103.5997, 28.25636
2018-04-10T13:13:50.3087357Z, 0.9577586, 15.75419, 103.5997, 28.25636
2018-04-10T13:13:50.3112397Z, 0.9646674, 15.6581, 103.6685, 28.33582
2018-04-10T13:13:50.3191672Z, 0.9646674, 15.6581, 103.6685, 28.33582
2018-04-10T13:13:50.3226899Z, 0.9646674, 15.6581, 103.6685, 28.33582
2018-04-10T13:13:50.3398803Z, 0.9704972, 15.52282, 103.8389, 28.4134
2018-04-10T13:13:50.3423743Z, 0.9704972, 15.52282, 103.8389, 28.4134
2018-04-10T13:13:50.3483872Z, 0.9753538, 15.35939, 103.9623, 28.50825
2018-04-10T13:13:50.3524608Z, 0.9753538, 15.35939, 103.9623, 28.50825
2018-04-10T13:13:50.3693108Z, 0.9794314, 15.21048, 104.1237, 28.68226
2018-04-10T13:13:50.3718145Z, 0.9794314, 15.21048, 104.1237, 28.68226
2018-04-10T13:13:50.3794042Z, 0.982837, 15.00297, 103.9042, 29.02621
2018-04-10T13:13:50.3854143Z, 0.982837, 15.00297, 103.9042, 29.02621
2018-04-10T13:13:50.4024966Z, 0.9856864, 14.8672, 104.3692, 29.33345
2018-04-10T13:13:50.4054898Z, 0.9856864, 14.8672, 104.3692, 29.33345
2018-04-10T13:13:50.4121121Z, 0.9856864, 14.8672, 104.3692, 29.33345
2018-04-10T13:13:50.4193665Z, 0.9880607, 14.65432, 104.5075, 29.65346
2018-04-10T13:13:50.4424147Z, 1, 14.40573, 104.2719, 30.02421
2018-04-10T13:13:50.4449261Z, 1, 14.40573, 104.2719, 30.02421
2018-04-10T13:13:50.4508614Z, 1, 14.22173, 104.6411, 30.3176
2018-04-10T13:13:50.4680592Z, 1, 14.00958, 104.6949, 30.56251
2018-04-10T13:13:50.4705629Z, 1, 14.00958, 104.6949, 30.56251
2018-04-10T13:13:50.4779024Z, 1, 14.00958, 104.6949, 30.56251
2018-04-10T13:13:50.4941425Z, 1, 13.83787, 104.6961, 30.75286
2018-04-10T13:13:50.4971462Z, 1, 13.83787, 104.6961, 30.75286
2018-04-10T13:13:50.5039871Z, 1, 13.69051, 104.4033, 30.98397
2018-04-10T13:13:50.5106484Z, 1, 13.69051, 104.4033, 30.98397
2018-04-10T13:13:50.5279603Z, 1, 13.55357, 104.6779, 31.09804
2018-04-10T13:13:50.5309658Z, 1, 13.55357, 104.6779, 31.09804
2018-04-10T13:13:50.5384766Z, 1, 13.34329, 104.6094, 31.17076
2018-04-10T13:13:50.5419819Z, 1, 13.34329, 104.6094, 31.17076
2018-04-10T13:13:50.5590658Z, 1, 13.16971, 104.5559, 31.25985
2018-04-10T13:13:50.5635612Z, 1, 13.16971, 104.5559, 31.25985
2018-04-10T13:13:50.5705689Z, 1, 12.99396, 104.4761, 31.35731
2018-04-10T13:13:50.5879041Z, 1, 12.82715, 104.3951, 31.41477
2018-04-10T13:13:50.5899069Z, 1, 12.82715, 104.3951, 31.41477
2018-04-10T13:13:50.5948483Z, 1, 12.82715, 104.3951, 31.41477
2018-04-10T13:13:50.6023993Z, 1, 12.82715, 104.3951, 31.41477
2018-04-10T13:13:50.6190828Z, 1, 12.69951, 104.3292, 31.41041
2018-04-10T13:13:50.6220874Z, 1, 12.58313, 104.0208, 31.53812
2018-04-10T13:13:50.6260936Z, 1, 12.58313, 104.0208, 31.53812
2018-04-10T13:13:50.6326424Z, 1, 12.58313, 104.0208, 31.53812
2018-04-10T13:13:50.6496883Z, 1, 12.52551, 104.2225, 31.58005
2018-04-10T13:13:50.6521905Z, 1, 12.52551, 104.2225, 31.58005
2018-04-10T13:13:50.6597025Z, 1, 12.45869, 104.2546, 31.67468
2018-04-10T13:13:50.6662186Z, 1, 12.45869, 104.2546, 31.67468
2018-04-10T13:13:50.6832810Z, 1, 12.37719, 104.0367, 31.83808
2018-04-10T13:13:50.6858003Z, 1, 12.37719, 104.0367, 31.83808
2018-04-10T13:13:50.6907938Z, 1, 12.37719, 104.0367, 31.83808
2018-04-10T13:13:50.6973022Z, 1, 12.37893, 104.3201, 31.90511
2018-04-10T13:13:50.7138341Z, 1, 12.34323, 104.1774, 32.02341
2018-04-10T13:13:50.7168390Z, 1, 12.34323, 104.1774, 32.02341
2018-04-10T13:13:50.7233488Z, 1, 12.34323, 104.1774, 32.02341
2018-04-10T13:13:50.7298709Z, 1, 12.35892, 104.4207, 32.04394
2018-04-10T13:13:50.7468863Z, 1, 12.36929, 104.5123, 32.0505
2018-04-10T13:13:50.7498906Z, 1, 12.36929, 104.5123, 32.0505
2018-04-10T13:13:50.7574006Z, 1, 12.36929, 104.5123, 32.0505
2018-04-10T13:13:50.7739262Z, 1, 12.36256, 104.564, 32.05172
2018-04-10T13:13:50.7769308Z, 1, 12.36256, 104.564, 32.05172
2018-04-10T13:13:50.7829406Z, 1, 12.34873, 104.6065, 32.05428
2018-04-10T13:13:50.7899505Z, 1, 12.34873, 104.6065, 32.05428
2018-04-10T13:13:50.8070089Z, 1, 12.35162, 104.6339, 32.05809
2018-04-10T13:13:50.8100135Z, 1, 12.35162, 104.6339, 32.05809
2018-04-10T13:13:50.8163924Z, 1, 12.35015, 104.6731, 32.0509
2018-04-10T13:13:50.8234448Z, 1, 12.35015, 104.6731, 32.0509
2018-04-10T13:13:50.8401718Z, 1, 12.36197, 104.7021, 32.02243
2018-04-10T13:13:50.8512599Z, 1, 12.42247, 104.7726, 32.04375
2018-04-10T13:13:50.8684270Z, 1, 12.4565, 104.8191, 32.02507
2018-04-10T13:13:50.8709315Z, 1, 12.4565, 104.8191, 32.02507
2018-04-10T13:13:50.8774949Z, 1, 12.4565, 104.8191, 32.02507
2018-04-10T13:13:50.8835044Z, 1, 12.50445, 104.8475, 31.99999
2018-04-10T13:13:50.9005451Z, 1, 12.53796, 104.8681, 31.9799
2018-04-10T13:13:50.9035438Z, 1, 12.53796, 104.8681, 31.9799
2018-04-10T13:13:50.9100835Z, 1, 12.53796, 104.8681, 31.9799
2018-04-10T13:13:50.9140888Z, 1, 12.53796, 104.8681, 31.9799
2018-04-10T13:13:50.9310427Z, 1, 12.56698, 104.8779, 31.9531
2018-04-10T13:13:50.9350492Z, 1, 12.59261, 104.8734, 31.95709
2018-04-10T13:13:50.9415841Z, 1, 12.59261, 104.8734, 31.95709
2018-04-10T13:13:50.9451013Z, 1, 12.59261, 104.8734, 31.95709
2018-04-10T13:13:50.9491137Z, 1, 12.59261, 104.8734, 31.95709
2018-04-10T13:13:50.9665924Z, 1, 12.62318, 104.8794, 31.96467
2018-04-10T13:13:50.9695970Z, 1, 12.61193, 104.8318, 31.95979
2018-04-10T13:13:50.9760477Z, 1, 12.61193, 104.8318, 31.95979
2018-04-10T13:13:50.9800658Z, 1, 12.61193, 104.8318, 31.95979
2018-04-10T13:13:50.9967843Z, 1, 12.56722, 104.7895, 31.98157
2018-04-10T13:13:50.9997904Z, 1, 12.56722, 104.7895, 31.98157
2018-04-10T13:13:51.0043074Z, 1, 12.51035, 104.6955, 31.97448
2018-04-10T13:13:51.0114904Z, 1, 12.51035, 104.6955, 31.97448
2018-04-10T13:13:51.0287980Z, 1, 12.43621, 104.6169, 31.86364
2018-04-10T13:13:51.0313018Z, 1, 12.43621, 104.6169, 31.86364
2018-04-10T13:13:51.0388126Z, 1, 12.36006, 104.5285, 31.58516
2018-04-10T13:13:51.0423221Z, 1, 12.36006, 104.5285, 31.58516
2018-04-10T13:13:51.0590577Z, 1, 12.26291, 104.4155, 31.10843
2018-04-10T13:13:51.0625624Z, 1, 12.26291, 104.4155, 31.10843
2018-04-10T13:13:51.0705901Z, 1, 12.26291, 104.4155, 31.10843
2018-04-10T13:13:51.0874728Z, 1, 12.24166, 104.4261, 30.44832
2018-04-10T13:13:51.0904774Z, 1, 12.35558, 104.3831, 29.34803
2018-04-10T13:13:51.0974879Z, 1, 12.35558, 104.3831, 29.34803
2018-04-10T13:13:51.1037169Z, 1, 12.35558, 104.3831, 29.34803
2018-04-10T13:13:51.1209486Z, 1, 12.76662, 104.5744, 27.92033
2018-04-10T13:13:51.1239523Z, 1, 12.76662, 104.5744, 27.92033
2018-04-10T13:13:51.1309622Z, 1, 13.46215, 105.2693, 26.14644
2018-04-10T13:13:51.1375450Z, 1, 13.46215, 105.2693, 26.14644
2018-04-10T13:13:51.1539880Z, 1, 14.53675, 106.2868, 23.74948
2018-04-10T13:13:51.1564923Z, 1, 14.53675, 106.2868, 23.74948
2018-04-10T13:13:51.1600115Z, 1, 16.02065, 107.5994, 20.89742
2018-04-10T13:13:51.1666912Z, 1, 16.02065, 107.5994, 20.89742
2018-04-10T13:13:51.1840160Z, 1, 18.08957, 109.189, 17.70311
2018-04-10T13:13:51.1865200Z, 1, 18.08957, 109.189, 17.70311
2018-04-10T13:13:51.1935114Z, 1, 18.08957, 109.189, 17.70311
2018-04-10T13:13:51.2000529Z, 1, 20.79924, 110.9126, 13.56357
2018-04-10T13:13:51.2163038Z, 1, 23.66794, 112.0471, 9.299939
2018-04-10T13:13:51.2193266Z, 1, 23.66794, 112.0471, 9.299939
2018-04-10T13:13:51.2233641Z, 1, 23.66794, 112.0471, 9.299939
2018-04-10T13:13:51.2303751Z, 1, 26.83544, 113.7072, 5.147515
2018-04-10T13:13:51.2474568Z, 1, 30.73672, 115.8076, 1.962623
2018-04-10T13:13:51.2499457Z, 1, 30.73672, 115.8076, 1.962623
2018-04-10T13:13:51.2569628Z, 1, 30.73672, 115.8076, 1.962623
2018-04-10T13:13:51.2634809Z, 1, 34.23643, 117.84, -1.781499
2018-04-10T13:13:51.2804911Z, 1, 34.23643, 117.84, -1.781499
2018-04-10T13:13:51.2829951Z, 1, 37.96984, 119.6072, -6.064778
2018-04-10T13:13:51.2895559Z, 1, 37.96984, 119.6072, -6.064778
2018-04-10T13:13:51.3063815Z, 1, 42.97557, 122.0047, -9.814567
2018-04-10T13:13:51.3088852Z, 1, 42.97557, 122.0047, -9.814567
2018-04-10T13:13:51.3133922Z, 1, 42.97557, 122.0047, -9.814567
2018-04-10T13:13:51.3204033Z, 1, 47.72291, 124.0391, -13.08659
2018-04-10T13:13:51.3239461Z, 1, 47.72291, 124.0391, -13.08659
2018-04-10T13:13:51.3546039Z, 1, 58.09199, 126.2071, -22.10137
2018-04-10T13:13:51.3571128Z, 1, 58.09199, 126.2071, -22.10137
2018-04-10T13:13:51.3734735Z, 1, 63.56093, 125.9215, -31.07123
2018-04-10T13:13:51.3765991Z, 1, 63.56093, 125.9215, -31.07123
2018-04-10T13:13:51.3836008Z, 1, 63.56093, 125.9215, -31.07123
2018-04-10T13:13:51.4006497Z, 1, 70.18584, 127.2659, -35.44644
2018-04-10T13:13:51.4031520Z, 1, 76.54537, 127.7045, -39.53961
2018-04-10T13:13:51.4096753Z, 1, 76.54537, 127.7045, -39.53961
2018-04-10T13:13:51.4137002Z, 1, 76.54537, 127.7045, -39.53961
2018-04-10T13:13:51.4307409Z, 1, 83.891, 129.828, -43.64112
2018-04-10T13:13:51.4332352Z, 1, 83.891, 129.828, -43.64112
2018-04-10T13:13:51.4402910Z, 1, 89.91441, 130.6688, -48.38218
2018-04-10T13:13:51.4443094Z, 1, 89.91441, 130.6688, -48.38218
2018-04-10T13:13:51.4488164Z, 1, 89.91441, 130.6688, -48.38218
2018-04-10T13:13:51.4656090Z, 1, 95.80714, 131.3537, -52.9419
2018-04-10T13:13:51.4681152Z, 1, 95.80714, 131.3537, -52.9419
2018-04-10T13:13:51.4721242Z, 1, 101.0375, 131.4257, -57.69772
2018-04-10T13:13:51.4796379Z, 1, 101.0375, 131.4257, -57.69772
2018-04-10T13:13:51.4961766Z, 1, 104.7313, 131.0356, -63.67857
2018-04-10T13:13:51.4981799Z, 1, 104.7313, 131.0356, -63.67857
2018-04-10T13:13:51.5058416Z, 1, 108.1648, 130.6257, -69.06956
2018-04-10T13:13:51.5098566Z, 1, 108.1648, 130.6257, -69.06956
2018-04-10T13:13:51.5269377Z, 1, 111.3887, 130.8289, -73.97698
2018-04-10T13:13:51.5294434Z, 1, 111.3887, 130.8289, -73.97698
2018-04-10T13:13:51.5369019Z, 1, 111.3887, 130.8289, -73.97698
2018-04-10T13:13:51.5439178Z, 1, 114.6196, 131.3492, -79.52815
2018-04-10T13:13:51.5608409Z, 1, 117.2606, 131.851, -83.45583
2018-04-10T13:13:51.5633452Z, 1, 117.2606, 131.851, -83.45583
2018-04-10T13:13:51.5699407Z, 1, 117.2606, 131.851, -83.45583
2018-04-10T13:13:51.5870065Z, 1, 119.7323, 132.5406, -87.68437
2018-04-10T13:13:51.5890096Z, 1, 119.7323, 132.5406, -87.68437
2018-04-10T13:13:51.5963696Z, 1, 122.0015, 133.2752, -89.518
2018-04-10T13:13:51.6003911Z, 1, 122.0015, 133.2752, -89.518
2018-04-10T13:13:51.6174258Z, 1, 123.4239, 133.9973, -93.32932
2018-04-10T13:13:51.6199309Z, 1, 123.4239, 133.9973, -93.32932
2018-04-10T13:13:51.6239496Z, 1, 123.4239, 133.9973, -93.32932
2018-04-10T13:13:51.6314491Z, 1, 124.5996, 135.0842, -96.39742
2018-04-10T13:13:51.6349643Z, 1, 124.5996, 135.0842, -96.39742
2018-04-10T13:13:51.6520277Z, 1, 125.4725, 136.3144, -99.42032
2018-04-10T13:13:51.6540303Z, 1, 125.4725, 136.3144, -99.42032
2018-04-10T13:13:51.6618675Z, 1, 125.9905, 137.4847, -101.8288
2018-04-10T13:13:51.6654101Z, 1, 125.9905, 137.4847, -101.8288
2018-04-10T13:13:51.6822501Z, 1, 125.9452, 138.4931, -104.8303
2018-04-10T13:13:51.6847598Z, 1, 125.9452, 138.4931, -104.8303
2018-04-10T13:13:51.6910670Z, 1, 125.9452, 138.4931, -104.8303
2018-04-10T13:13:51.6983334Z, 1, 126.0448, 139.4215, -106.2656
2018-04-10T13:13:51.7144648Z, 1, 126.1203, 140.3519, -107.6349
2018-04-10T13:13:51.7174697Z, 1, 126.1203, 140.3519, -107.6349
2018-04-10T13:13:51.7247158Z, 1, 126.1203, 140.3519, -107.6349
2018-04-10T13:13:51.7292243Z, 1, 126.1203, 140.3519, -107.6349
2018-04-10T13:13:51.7454789Z, 1, 125.9833, 141.1151, -109.0794
2018-04-10T13:13:51.7484832Z, 1, 125.2995, 141.4889, -111.0534
2018-04-10T13:13:51.7560299Z, 1, 125.2995, 141.4889, -111.0534
2018-04-10T13:13:51.7625071Z, 1, 125.2995, 141.4889, -111.0534
2018-04-10T13:13:51.7795435Z, 1, 124.9261, 141.7149, -112.0949
2018-04-10T13:13:51.7820484Z, 1, 124.9261, 141.7149, -112.0949
2018-04-10T13:13:51.7885565Z, 1, 124.6245, 141.8655, -113.3844
2018-04-10T13:13:51.8057128Z, 1, 124.2346, 141.8629, -114.4225
2018-04-10T13:13:51.8077161Z, 1, 124.2346, 141.8629, -114.4225
2018-04-10T13:13:51.8152275Z, 1, 124.2346, 141.8629, -114.4225
2018-04-10T13:13:51.8232413Z, 1, 123.6678, 141.7543, -115.9585
2018-04-10T13:13:51.8402811Z, 1, 123.5605, 141.8075, -116.3912
2018-04-10T13:13:51.8422697Z, 1, 123.5605, 141.8075, -116.3912
2018-04-10T13:13:51.8492802Z, 1, 123.5605, 141.8075, -116.3912
2018-04-10T13:13:51.8532861Z, 1, 123.2981, 141.7798, -116.884
2018-04-10T13:13:51.8703122Z, 1, 123.0387, 141.7907, -117.0218
2018-04-10T13:13:51.8728202Z, 1, 123.0387, 141.7907, -117.0218
2018-04-10T13:13:51.8798267Z, 1, 123.0387, 141.7907, -117.0218
2018-04-10T13:13:51.8863369Z, 1, 123.0387, 141.7907, -117.0218
2018-04-10T13:13:51.9033633Z, 1, 122.5614, 141.6447, -117.4023
2018-04-10T13:13:51.9063694Z, 1, 122.1126, 141.3677, -117.2995
2018-04-10T13:13:51.9133893Z, 1, 122.1126, 141.3677, -117.2995
2018-04-10T13:13:51.9302555Z, 1, 121.6188, 141.0955, -117.1288
2018-04-10T13:13:51.9327595Z, 1, 121.6188, 141.0955, -117.1288
2018-04-10T13:13:51.9402715Z, 1, 121.3044, 140.9183, -116.8573
2018-04-10T13:13:51.9467828Z, 1, 121.3044, 140.9183, -116.8573
2018-04-10T13:13:51.9636530Z, 1, 121.0134, 140.7333, -116.7733
2018-04-10T13:13:51.9661629Z, 1, 121.0134, 140.7333, -116.7733
2018-04-10T13:13:51.9724588Z, 1, 121.0134, 140.7333, -116.7733
2018-04-10T13:13:51.9764820Z, 1, 120.8696, 140.6585, -116.7031
2018-04-10T13:13:51.9804916Z, 1, 120.8696, 140.6585, -116.7031
2018-04-10T13:13:51.9975958Z, 1, 120.7865, 140.6253, -116.521
2018-04-10T13:13:51.9995988Z, 1, 120.7865, 140.6253, -116.521
2018-04-10T13:13:52.0041606Z, 1, 120.7865, 140.6253, -116.521
2018-04-10T13:13:52.0116600Z, 1, 120.6845, 140.5223, -116.4127
2018-04-10T13:13:52.0286825Z, 1, 120.5828, 140.4568, -116.249
2018-04-10T13:13:52.0311854Z, 1, 120.5828, 140.4568, -116.249
2018-04-10T13:13:52.0381623Z, 1, 120.5828, 140.4568, -116.249
2018-04-10T13:13:52.0446821Z, 1, 120.469, 140.3842, -116.1251
2018-04-10T13:13:52.0616915Z, 1, 120.4016, 140.2978, -115.9988
2018-04-10T13:13:52.0647032Z, 1, 120.4016, 140.2978, -115.9988
2018-04-10T13:13:52.0717080Z, 1, 120.4016, 140.2978, -115.9988
2018-04-10T13:13:52.0884843Z, 1, 120.3615, 140.2702, -116.0359
2018-04-10T13:13:52.0909943Z, 1, 120.3615, 140.2702, -116.0359
2018-04-10T13:13:52.0979962Z, 1, 120.2636, 140.202, -116.0336
2018-04-10T13:13:52.1019953Z, 1, 120.2636, 140.202, -116.0336
2018-04-10T13:13:52.1196251Z, 1, 120.2015, 140.1791, -116.0462
2018-04-10T13:13:52.1221382Z, 1, 120.2015, 140.1791, -116.0462
2018-04-10T13:13:52.1291954Z, 1, 120.2015, 140.1791, -116.0462
2018-04-10T13:13:52.1363826Z, 1, 120.2057, 140.272, -115.9813
2018-04-10T13:13:52.1527075Z, 1, 120.2018, 140.3333, -115.8268
2018-04-10T13:13:52.1552127Z, 1, 120.2018, 140.3333, -115.8268
2018-04-10T13:13:52.1627961Z, 1, 120.2018, 140.3333, -115.8268
2018-04-10T13:13:52.1663304Z, 1, 120.0778, 140.3654, -115.6508
2018-04-10T13:13:52.1829968Z, 1, 119.9941, 140.432, -115.3313
2018-04-10T13:13:52.1855005Z, 1, 119.9941, 140.432, -115.3313
2018-04-10T13:13:52.1915798Z, 1, 119.9941, 140.432, -115.3313
2018-04-10T13:13:52.1990940Z, 1, 119.9941, 140.432, -115.3313
2018-04-10T13:13:52.2151585Z, 1, 119.8205, 140.3759, -114.9967
2018-04-10T13:13:52.2181625Z, 1, 119.6765, 140.3348, -114.6101
2018-04-10T13:13:52.2250373Z, 1, 119.6765, 140.3348, -114.6101
2018-04-10T13:13:52.2320481Z, 1, 119.6765, 140.3348, -114.6101
2018-04-10T13:13:52.2489479Z, 1, 119.6504, 140.3605, -114.3228
2018-04-10T13:13:52.2524531Z, 1, 119.7152, 140.4821, -114.0954
2018-04-10T13:13:52.2594642Z, 1, 119.7152, 140.4821, -114.0954
2018-04-10T13:13:52.2756394Z, 1, 119.7283, 140.6734, -113.9605
2018-04-10T13:13:52.2786443Z, 1, 119.7283, 140.6734, -113.9605
2018-04-10T13:13:52.2851550Z, 1, 119.7283, 140.6734, -113.9605
2018-04-10T13:13:52.2926866Z, 1, 119.8436, 140.9437, -113.8669
2018-04-10T13:13:52.3098033Z, 1, 119.8622, 141.1095, -113.652
2018-04-10T13:13:52.3123067Z, 1, 119.8622, 141.1095, -113.652
2018-04-10T13:13:52.3196249Z, 1, 119.8622, 141.1095, -113.652
2018-04-10T13:13:52.3256350Z, 1, 119.8256, 141.2061, -113.4998
2018-04-10T13:13:52.3433175Z, 1, 119.8554, 141.3162, -113.3306
2018-04-10T13:13:52.3458186Z, 1, 119.8554, 141.3162, -113.3306
2018-04-10T13:13:52.3523393Z, 1, 119.8554, 141.3162, -113.3306
2018-04-10T13:13:52.3691543Z, 1, 119.7672, 141.3301, -113.1911
2018-04-10T13:13:52.3726598Z, 1, 119.7672, 141.3301, -113.1911
2018-04-10T13:13:52.3771811Z, 1, 119.8481, 141.4092, -113.1027
2018-04-10T13:13:52.3831998Z, 1, 119.8481, 141.4092, -113.1027
2018-04-10T13:13:52.3872062Z, 1, 119.8481, 141.4092, -113.1027
2018-04-10T13:13:52.4040255Z, 1, 119.805, 141.3159, -112.9673
2018-04-10T13:13:52.4070307Z, 1, 119.805, 141.3159, -112.9673
2018-04-10T13:13:52.4140565Z, 1, 119.7594, 141.1985, -112.7492
2018-04-10T13:13:52.4310563Z, 1, 119.747, 141.0908, -112.6216
2018-04-10T13:13:52.4330593Z, 1, 119.747, 141.0908, -112.6216
2018-04-10T13:13:52.4403570Z, 1, 119.747, 141.0908, -112.6216
2018-04-10T13:13:52.4438762Z, 1, 119.8135, 141.1126, -112.5533
2018-04-10T13:13:52.4504282Z, 1, 119.8135, 141.1126, -112.5533
2018-04-10T13:13:52.4671760Z, 1, 119.9185, 141.1582, -112.4002
2018-04-10T13:13:52.4696772Z, 1, 119.9185, 141.1582, -112.4002
2018-04-10T13:13:52.4776630Z, 1, 119.9997, 141.1829, -112.2025
2018-04-10T13:13:52.4946815Z, 1, 120.0736, 141.2038, -112.0181
2018-04-10T13:13:52.4976941Z, 1, 120.0736, 141.2038, -112.0181
2018-04-10T13:13:52.5021935Z, 1, 120.0736, 141.2038, -112.0181
2018-04-10T13:13:52.5087045Z, 1, 120.0736, 141.2038, -112.0181
2018-04-10T13:13:52.5257304Z, 1, 120.0817, 141.2664, -111.9389
2018-04-10T13:13:52.5292439Z, 1, 120.0817, 141.2664, -111.9389
2018-04-10T13:13:52.5332947Z, 1, 120.0697, 141.2854, -111.8042
2018-04-10T13:13:52.5404677Z, 1, 120.0697, 141.2854, -111.8042
2018-04-10T13:13:52.5567352Z, 1, 120.0471, 141.3566, -111.6768
2018-04-10T13:13:52.5592391Z, 1, 120.0471, 141.3566, -111.6768
2018-04-10T13:13:52.5657664Z, 1, 119.9866, 141.3837, -111.4325
2018-04-10T13:13:52.5697947Z, 1, 119.9866, 141.3837, -111.4325
2018-04-10T13:13:52.5867389Z, 1, 120.0034, 141.5201, -111.2285
2018-04-10T13:13:52.5892444Z, 1, 120.0034, 141.5201, -111.2285
2018-04-10T13:13:52.5932138Z, 1, 120.0034, 141.5201, -111.2285
2018-04-10T13:13:52.6007218Z, 1, 119.9477, 141.6115, -111.0974
2018-04-10T13:13:52.6068557Z, 1, 119.9477, 141.6115, -111.0974
2018-04-10T13:13:52.6236881Z, 1, 119.931, 141.7091, -110.8482
2018-04-10T13:13:52.6266802Z, 1, 119.931, 141.7091, -110.8482
2018-04-10T13:13:52.6337032Z, 1, 119.847, 141.7857, -110.6133
2018-04-10T13:13:52.6507069Z, 1, 119.7643, 141.8566, -110.2942
2018-04-10T13:13:52.6527000Z, 1, 119.7643, 141.8566, -110.2942
2018-04-10T13:13:52.6602581Z, 1, 119.7643, 141.8566, -110.2942
2018-04-10T13:13:52.6663146Z, 1, 119.7643, 141.8566, -110.2942
2018-04-10T13:13:52.6834258Z, 1, 119.6649, 141.9462, -110.138
2018-04-10T13:13:52.6859295Z, 1, 119.6149, 142.0276, -109.9688
2018-04-10T13:13:52.6933684Z, 1, 119.6149, 142.0276, -109.9688
2018-04-10T13:13:52.6983855Z, 1, 119.6149, 142.0276, -109.9688
2018-04-10T13:13:52.7144602Z, 1, 119.528, 142.1251, -109.8817
2018-04-10T13:13:52.7174614Z, 1, 119.528, 142.1251, -109.8817
2018-04-10T13:13:52.7209536Z, 1, 119.5322, 142.3269, -109.7144
2018-04-10T13:13:52.7274765Z, 1, 119.5322, 142.3269, -109.7144
2018-04-10T13:13:52.7444375Z, 1, 119.4557, 142.4598, -109.551
2018-04-10T13:13:52.7469415Z, 1, 119.4557, 142.4598, -109.551
2018-04-10T13:13:52.7506824Z, 1, 119.4557, 142.4598, -109.551
2018-04-10T13:13:52.7577379Z, 1, 119.4878, 142.7242, -109.381
2018-04-10T13:13:52.7739951Z, 1, 119.4944, 142.9298, -109.2498
2018-04-10T13:13:52.7764860Z, 1, 119.4944, 142.9298, -109.2498
2018-04-10T13:13:52.7804930Z, 1, 119.4944, 142.9298, -109.2498
2018-04-10T13:13:52.7854548Z, 1, 119.4944, 142.9298, -109.2498
2018-04-10T13:13:52.7894604Z, 1, 119.4512, 143.0384, -109.2016
2018-04-10T13:13:52.8066651Z, 1, 119.4866, 143.2158, -109.1325
2018-04-10T13:13:52.8086568Z, 1, 119.4866, 143.2158, -109.1325
2018-04-10T13:13:52.8161685Z, 1, 119.4866, 143.2158, -109.1325
2018-04-10T13:13:52.8220175Z, 1, 119.4866, 143.2158, -109.1325
2018-04-10T13:13:52.8538294Z, 1, 119.6688, 143.6653, -109.1851
2018-04-10T13:13:52.8568215Z, 1, 119.6688, 143.6653, -109.1851
2018-04-10T13:13:52.8734600Z, 1, 119.7324, 143.8823, -109.2713
2018-04-10T13:13:52.8769641Z, 1, 119.7576, 144.0485, -109.2727
2018-04-10T13:13:52.8834862Z, 1, 119.7576, 144.0485, -109.2727
2018-04-10T13:13:52.9005210Z, 1, 119.7112, 144.1216, -109.1833
2018-04-10T13:13:52.9030329Z, 1, 119.7112, 144.1216, -109.1833
2018-04-10T13:13:52.9091896Z, 1, 119.7112, 144.1216, -109.1833
2018-04-10T13:13:52.9162041Z, 1, 119.6375, 144.1677, -109.0839
2018-04-10T13:13:52.9197070Z, 1, 119.6375, 144.1677, -109.0839
2018-04-10T13:13:52.9367250Z, 1, 119.6522, 144.2729, -108.9775
2018-04-10T13:13:52.9392378Z, 1, 119.6522, 144.2729, -108.9775
2018-04-10T13:13:52.9462560Z, 1, 119.6883, 144.3827, -108.9188
2018-04-10T13:13:52.9502439Z, 1, 119.6883, 144.3827, -108.9188
2018-04-10T13:13:52.9672823Z, 1, 119.6879, 144.4326, -108.8363
2018-04-10T13:13:52.9702761Z, 1, 119.6879, 144.4326, -108.8363
2018-04-10T13:13:52.9742826Z, 1, 119.6879, 144.4326, -108.8363
2018-04-10T13:13:52.9812925Z, 1, 119.6732, 144.4578, -108.8216
2018-04-10T13:13:52.9978180Z, 1, 119.6756, 144.4467, -108.7831
2018-04-10T13:13:53.0003218Z, 1, 119.6756, 144.4467, -108.7831
2018-04-10T13:13:53.0073320Z, 1, 119.6756, 144.4467, -108.7831
2018-04-10T13:13:53.0243758Z, 1, 119.6393, 144.4543, -108.7718
2018-04-10T13:13:53.0263644Z, 1, 119.6393, 144.4543, -108.7718
2018-04-10T13:13:53.0303708Z, 1, 119.6393, 144.4543, -108.7718
2018-04-10T13:13:53.0344142Z, 1, 119.6921, 144.4693, -108.7554
2018-04-10T13:13:53.0423884Z, 1, 119.6921, 144.4693, -108.7554
2018-04-10T13:13:53.0588374Z, 1, 119.6259, 144.4028, -108.711
2018-04-10T13:13:53.0613377Z, 1, 119.6259, 144.4028, -108.711
2018-04-10T13:13:53.0683479Z, 1, 119.5621, 144.3502, -108.6988
2018-04-10T13:13:53.0749955Z, 1, 119.5621, 144.3502, -108.6988
2018-04-10T13:13:53.0918353Z, 1, 119.5337, 144.2802, -108.603
2018-04-10T13:13:53.0943410Z, 1, 119.5337, 144.2802, -108.603
2018-04-10T13:13:53.1018570Z, 1, 119.5536, 144.2463, -108.6429
2018-04-10T13:13:53.1189358Z, 1, 119.5683, 144.1956, -108.6583
2018-04-10T13:13:53.1214330Z, 1, 119.5683, 144.1956, -108.6583
2018-04-10T13:13:53.1289455Z, 1, 119.5683, 144.1956, -108.6583
2018-04-10T13:13:53.1359560Z, 1, 119.5683, 144.1956, -108.6583
2018-04-10T13:13:53.1525504Z, 1, 119.449, 144.0673, -108.6512
2018-04-10T13:13:53.1545527Z, 1, 119.3821, 143.9696, -108.6647
2018-04-10T13:13:53.1624622Z, 1, 119.3821, 143.9696, -108.6647
2018-04-10T13:13:53.1664988Z, 1, 119.3821, 143.9696, -108.6647
2018-04-10T13:13:53.1835612Z, 1, 119.3623, 143.9174, -108.695
2018-04-10T13:13:53.1860589Z, 1, 119.3623, 143.9174, -108.695
2018-04-10T13:13:53.1934576Z, 1, 119.3211, 143.8221, -108.6792
2018-04-10T13:13:53.2004786Z, 1, 119.3211, 143.8221, -108.6792
2018-04-10T13:13:53.2170455Z, 1, 119.2705, 143.7335, -108.6761
2018-04-10T13:13:53.2195494Z, 1, 119.2705, 143.7335, -108.6761
2018-04-10T13:13:53.2260920Z, 1, 119.2659, 143.6713, -108.672
2018-04-10T13:13:53.2305897Z, 1, 119.2659, 143.6713, -108.672
2018-04-10T13:13:53.2472934Z, 1, 119.3114, 143.6867, -108.6678
2018-04-10T13:13:53.2497849Z, 1, 119.3114, 143.6867, -108.6678
2018-04-10T13:13:53.2570527Z, 1, 119.3114, 143.6867, -108.6678
2018-04-10T13:13:53.2605850Z, 1, 119.2705, 143.6104, -108.6415
2018-04-10T13:13:53.2776504Z, 1, 119.2783, 143.6398, -108.6734
2018-04-10T13:13:53.2801539Z, 1, 119.2783, 143.6398, -108.6734
2018-04-10T13:13:53.2870960Z, 1, 119.2783, 143.6398, -108.6734
2018-04-10T13:13:53.2935251Z, 1, 119.2408, 143.6747, -108.733
2018-04-10T13:13:53.3105621Z, 1, 119.2481, 143.7313, -108.6849
2018-04-10T13:13:53.3135661Z, 1, 119.2481, 143.7313, -108.6849
2018-04-10T13:13:53.3206415Z, 1, 119.2481, 143.7313, -108.6849
2018-04-10T13:13:53.3371264Z, 1, 119.2518, 143.781, -108.6807
2018-04-10T13:13:53.3421429Z, 1, 119.2518, 143.781, -108.6807
2018-04-10T13:13:53.3456311Z, 1, 119.2528, 143.8377, -108.6357
2018-04-10T13:13:53.3521535Z, 1, 119.2528, 143.8377, -108.6357
2018-04-10T13:13:53.3689104Z, 1, 119.2548, 143.8845, -108.5679
2018-04-10T13:13:53.3714147Z, 1, 119.2548, 143.8845, -108.5679
2018-04-10T13:13:53.3792662Z, 1, 119.2224, 143.9008, -108.485
2018-04-10T13:13:53.3827615Z, 1, 119.2224, 143.9008, -108.485
2018-04-10T13:13:53.3995714Z, 1, 119.1932, 143.9171, -108.433
2018-04-10T13:13:53.4020756Z, 1, 119.1932, 143.9171, -108.433
2018-04-10T13:13:53.4060838Z, 1, 119.1932, 143.9171, -108.433
2018-04-10T13:13:53.4130923Z, 1, 119.0924, 143.8791, -108.4605
2018-04-10T13:13:53.4305078Z, 1, 119.0924, 143.8791, -108.4605
2018-04-10T13:13:53.4330115Z, 1, 119.0696, 143.8935, -108.3421
2018-04-10T13:13:53.4400804Z, 1, 119.0696, 143.8935, -108.3421
2018-04-10T13:13:53.4475960Z, 1, 119.0696, 143.8935, -108.3421
2018-04-10T13:13:53.4641011Z, 1, 118.9872, 143.8377, -108.3786
2018-04-10T13:13:53.4666040Z, 1, 118.9107, 143.7064, -108.3956
2018-04-10T13:13:53.4736150Z, 1, 118.9107, 143.7064, -108.3956
2018-04-10T13:13:53.4781229Z, 1, 118.9107, 143.7064, -108.3956
2018-04-10T13:13:53.4941077Z, 1, 118.9358, 143.5825, -108.5542
2018-04-10T13:13:53.4971132Z, 1, 118.9358, 143.5825, -108.5542
2018-04-10T13:13:53.5028504Z, 1, 119.121, 143.528, -108.8501
2018-04-10T13:13:53.5068588Z, 1, 119.121, 143.528, -108.8501
2018-04-10T13:13:53.5135303Z, 1, 119.121, 143.528, -108.8501
2018-04-10T13:13:53.5306433Z, 1, 119.4773, 143.7056, -109.4964
2018-04-10T13:13:53.5341537Z, 1, 119.4773, 143.7056, -109.4964
2018-04-10T13:13:53.5381561Z, 1, 120.0906, 144.175, -111.596
2018-04-10T13:13:53.5552313Z, 1, 120.0971, 144.3051, -111.5939
2018-04-10T13:13:53.5577356Z, 1, 120.0971, 144.3051, -111.5939
2018-04-10T13:13:53.5642930Z, 1, 120.0971, 144.3051, -111.5939
2018-04-10T13:13:53.5708216Z, 1, 119.8334, 144.1546, -110.9958
2018-04-10T13:13:53.5875894Z, 1, 119.2462, 143.7501, -109.3026
2018-04-10T13:13:53.5931005Z, 1, 119.2462, 143.7501, -109.3026
2018-04-10T13:13:53.5955903Z, 1, 119.2462, 143.7501, -109.3026
2018-04-10T13:13:53.6031014Z, 1, 119.2462, 143.7501, -109.3026
2018-04-10T13:13:53.6069266Z, 1, 117.4595, 142.8895, -109.2831
2018-04-10T13:13:53.6236940Z, 1, 116.719, 142.6147, -110.0816
2018-04-10T13:13:53.6266987Z, 1, 116.719, 142.6147, -110.0816
2018-04-10T13:13:53.6342121Z, 1, 116.719, 142.6147, -110.0816
2018-04-10T13:13:53.6509616Z, 1, 115.6189, 143.4505, -111.722
2018-04-10T13:13:53.6534682Z, 1, 115.6189, 143.4505, -111.722
2018-04-10T13:13:53.6604772Z, 1, 113.883, 144.237, -111.8008
2018-04-10T13:13:53.6665482Z, 1, 113.883, 144.237, -111.8008
2018-04-10T13:13:53.6835761Z, 1, 113.0031, 145.4989, -112.0181
2018-04-10T13:13:53.6860798Z, 1, 113.0031, 145.4989, -112.0181
2018-04-10T13:13:53.6925934Z, 1, 113.0307, 148.2376, -112.7566
2018-04-10T13:13:53.6996497Z, 1, 113.0307, 148.2376, -112.7566
2018-04-10T13:13:53.7160315Z, 1, 113.0025, 151.0242, -113.6323
2018-04-10T13:13:53.7185424Z, 1, 113.0025, 151.0242, -113.6323
2018-04-10T13:13:53.7245456Z, 1, 113.0025, 151.0242, -113.6323
2018-04-10T13:13:53.7285515Z, 1, 113.2912, 153.7194, -114.5734
2018-04-10T13:13:53.7453184Z, 1, 113.2579, 155.6165, -115.4462
2018-04-10T13:13:53.7478232Z, 1, 113.2579, 155.6165, -115.4462
2018-04-10T13:13:53.7546621Z, 1, 113.2579, 155.6165, -115.4462
2018-04-10T13:13:53.7716897Z, 1, 112.9805, 156.9628, -115.9987
2018-04-10T13:13:53.7741934Z, 1, 112.9805, 156.9628, -115.9987
2018-04-10T13:13:53.7812045Z, 1, 112.601, 157.8198, -115.958
2018-04-10T13:13:53.7876307Z, 1, 112.601, 157.8198, -115.958
2018-04-10T13:13:53.7941423Z, 1, 112.352, 158.4598, -115.9623
2018-04-10T13:13:53.8110882Z, 1, 112.352, 158.4598, -115.9623
2018-04-10T13:13:53.8150941Z, 1, 111.8549, 158.5299, -115.6986
2018-04-10T13:13:53.8216594Z, 1, 111.8549, 158.5299, -115.6986
2018-04-10T13:13:53.8382109Z, 1, 111.3956, 158.1474, -115.3007
2018-04-10T13:13:53.8402142Z, 1, 111.3956, 158.1474, -115.3007
2018-04-10T13:13:53.8449023Z, 1, 111.3956, 158.1474, -115.3007
2018-04-10T13:13:53.8484076Z, 1, 111.0175, 157.6005, -114.822
2018-04-10T13:13:53.8559617Z, 1, 111.0175, 157.6005, -114.822
2018-04-10T13:13:53.8724627Z, 1, 110.616, 156.9322, -114.3937
2018-04-10T13:13:53.8749519Z, 1, 110.616, 156.9322, -114.3937
2018-04-10T13:13:53.8824633Z, 1, 110.1556, 156.0645, -114.1783
2018-04-10T13:13:53.8886004Z, 1, 110.1556, 156.0645, -114.1783
2018-04-10T13:13:53.9053681Z, 1, 109.5951, 154.9086, -113.8559
2018-04-10T13:13:53.9078733Z, 1, 109.5951, 154.9086, -113.8559
2018-04-10T13:13:53.9119221Z, 1, 109.5951, 154.9086, -113.8559
2018-04-10T13:13:53.9194378Z, 1, 108.7976, 153.1395, -113.1969
2018-04-10T13:13:53.9357137Z, 1, 107.9718, 150.9629, -112.0884
2018-04-10T13:13:53.9382098Z, 1, 107.9718, 150.9629, -112.0884
2018-04-10T13:13:53.9442352Z, 1, 107.9718, 150.9629, -112.0884
2018-04-10T13:13:53.9507548Z, 1, 107.2541, 148.6355, -110.9401
2018-04-10T13:13:53.9678248Z, 1, 107.2541, 148.6355, -110.9401
2018-04-10T13:13:53.9703322Z, 1, 106.6525, 146.4911, -110.0387
2018-04-10T13:13:53.9782537Z, 1, 106.6525, 146.4911, -110.0387
2018-04-10T13:13:53.9948655Z, 1, 106.2846, 144.4672, -109.4582
2018-04-10T13:13:53.9978698Z, 1, 106.2846, 144.4672, -109.4582
2018-04-10T13:13:54.0044102Z, 1, 106.0708, 142.5917, -109.3427
2018-04-10T13:13:54.0119184Z, 1, 106.0708, 142.5917, -109.3427
2018-04-10T13:13:54.0294461Z, 1, 106.0831, 140.4678, -109.2732
2018-04-10T13:13:54.0319492Z, 1, 106.0831, 140.4678, -109.2732
2018-04-10T13:13:54.0364563Z, 1, 106.0831, 140.4678, -109.2732
2018-04-10T13:13:54.0399801Z, 1, 106.072, 137.9344, -108.7551
2018-04-10T13:13:54.0439851Z, 1, 106.072, 137.9344, -108.7551
2018-04-10T13:13:54.0609942Z, 1, 105.7252, 135.1297, -108.0283
2018-04-10T13:13:54.0639982Z, 1, 105.7252, 135.1297, -108.0283
2018-04-10T13:13:54.0705081Z, 1, 105.7252, 135.1297, -108.0283
2018-04-10T13:13:54.0880483Z, 1, 105.9129, 132.4653, -107.3145
2018-04-10T13:13:54.0910398Z, 1, 106.8349, 130.2003, -106.8616
2018-04-10T13:13:54.0985512Z, 1, 106.8349, 130.2003, -106.8616
2018-04-10T13:13:54.1045608Z, 1, 106.8349, 130.2003, -106.8616
2018-04-10T13:13:54.1215858Z, 1, 107.4592, 127.7052, -106.8848
2018-04-10T13:13:54.1245898Z, 1, 108.0488, 124.8428, -106.5588
2018-04-10T13:13:54.1311065Z, 1, 108.0488, 124.8428, -106.5588
2018-04-10T13:13:54.1386120Z, 1, 108.0488, 124.8428, -106.5588
2018-04-10T13:13:54.1556547Z, 1, 108.5913, 121.7691, -106.2974
2018-04-10T13:13:54.1586507Z, 1, 108.5913, 121.7691, -106.2974
2018-04-10T13:13:54.1626572Z, 1, 108.9973, 118.4622, -105.9967
2018-04-10T13:13:54.1667023Z, 1, 108.9973, 118.4622, -105.9967
2018-04-10T13:13:54.1834197Z, 1, 109.1438, 115.2423, -105.8207
2018-04-10T13:13:54.1859229Z, 1, 109.1438, 115.2423, -105.8207
2018-04-10T13:13:54.1930589Z, 1, 109.1438, 115.2423, -105.8207
2018-04-10T13:13:54.1975657Z, 1, 109.7987, 112.4291, -105.8197
2018-04-10T13:13:54.2010891Z, 1, 109.7987, 112.4291, -105.8197
2018-04-10T13:13:54.2184898Z, 1, 110.7485, 109.6609, -105.4767
2018-04-10T13:13:54.2209819Z, 1, 110.7485, 109.6609, -105.4767
2018-04-10T13:13:54.2279932Z, 1, 112.2342, 107.1744, -104.6806
2018-04-10T13:13:54.2319991Z, 1, 112.2342, 107.1744, -104.6806
2018-04-10T13:13:54.2491599Z, 1, 112.6239, 104.5752, -103.5551
2018-04-10T13:13:54.2516636Z, 1, 112.6239, 104.5752, -103.5551
2018-04-10T13:13:54.2556840Z, 1, 112.6239, 104.5752, -103.5551
2018-04-10T13:13:54.2619716Z, 1, 112.6239, 104.5752, -103.5551
2018-04-10T13:13:54.2790208Z, 1, 113.5824, 102.0082, -102.7832
2018-04-10T13:13:54.2820257Z, 1, 114.4108, 99.76635, -102.9052
2018-04-10T13:13:54.2885532Z, 1, 114.4108, 99.76635, -102.9052
2018-04-10T13:13:54.3056019Z, 1, 115.8318, 97.49418, -102.1062
2018-04-10T13:13:54.3080931Z, 1, 115.8318, 97.49418, -102.1062
2018-04-10T13:13:54.3126013Z, 1, 115.8318, 97.49418, -102.1062
2018-04-10T13:13:54.3190027Z, 1, 117.5384, 94.542, -100.6375
2018-04-10T13:13:54.3251295Z, 1, 117.5384, 94.542, -100.6375
2018-04-10T13:13:54.3417979Z, 1, 118.2672, 91.29691, -99.22151
2018-04-10T13:13:54.3442994Z, 1, 118.2672, 91.29691, -99.22151
2018-04-10T13:13:54.3508112Z, 1, 118.7614, 87.27933, -97.27765
2018-04-10T13:13:54.3548285Z, 1, 118.7614, 87.27933, -97.27765
2018-04-10T13:13:54.3714929Z, 1, 119.356, 83.48447, -96.99272
2018-04-10T13:13:54.3740072Z, 1, 119.356, 83.48447, -96.99272
2018-04-10T13:13:54.3819580Z, 1, 119.356, 83.48447, -96.99272
2018-04-10T13:13:54.3982587Z, 1, 120.8246, 81.94337, -98.64819
2018-04-10T13:13:54.4007641Z, 1, 120.8246, 81.94337, -98.64819
2018-04-10T13:13:54.4072888Z, 1, 121.8573, 79.50838, -99.54288
2018-04-10T13:13:54.4134515Z, 1, 121.8573, 79.50838, -99.54288
2018-04-10T13:13:54.4304788Z, 1, 124.8921, 89.08495, -91.85951
2018-04-10T13:13:54.4324821Z, 1, 124.8921, 89.08495, -91.85951
2018-04-10T13:13:54.4400528Z, 1, 134.609, 91.35182, -93.4534
2018-04-10T13:13:54.4460475Z, 1, 134.609, 91.35182, -93.4534
2018-04-10T13:13:54.4630811Z, 1, 140.1524, 94.41689, -97.61421
2018-04-10T13:13:54.4655987Z, 1, 140.1524, 94.41689, -97.61421
2018-04-10T13:13:54.4695895Z, 1, 140.1524, 94.41689, -97.61421
2018-04-10T13:13:54.4770178Z, 1, 145.0738, 96.13271, -100.3397
2018-04-10T13:13:54.4933917Z, 1, 151.8125, 97.75903, -102.2556
2018-04-10T13:13:54.4963960Z, 1, 151.8125, 97.75903, -102.2556
2018-04-10T13:13:54.5029061Z, 1, 151.8125, 97.75903, -102.2556
2018-04-10T13:13:54.5099169Z, 1, 157.3673, 99.51181, -102.5485
2018-04-10T13:13:54.5271682Z, 1, 160.5408, 99.55991, -102.6664
2018-04-10T13:13:54.5296725Z, 1, 160.5408, 99.55991, -102.6664
2018-04-10T13:13:54.5367465Z, 1, 160.5408, 99.55991, -102.6664
2018-04-10T13:13:54.5407427Z, 1, 160.5408, 99.55991, -102.6664
2018-04-10T13:13:54.5577290Z, 1, 161.0102, 98.00513, -101.6622
2018-04-10T13:13:54.5602327Z, 1, 159.5512, 94.9701, -100.6555
2018-04-10T13:13:54.5666196Z, 1, 159.5512, 94.9701, -100.6555
2018-04-10T13:13:54.5738208Z, 1, 159.5512, 94.9701, -100.6555
2018-04-10T13:13:54.5910545Z, 1, 155.7408, 91.09805, -100.3679
2018-04-10T13:13:54.5935602Z, 1, 151.6962, 86.06291, -98.99394
2018-04-10T13:13:54.6010844Z, 1, 151.6962, 86.06291, -98.99394
2018-04-10T13:13:54.6177984Z, 1, 145.0453, 81.02679, -96.74843
2018-04-10T13:13:54.6198014Z, 1, 145.0453, 81.02679, -96.74843
2018-04-10T13:13:54.6243082Z, 1, 145.0453, 81.02679, -96.74843
2018-04-10T13:13:54.6313290Z, 1, 139.4211, 78.24331, -94.99371
2018-04-10T13:13:54.6383844Z, 1, 139.4211, 78.24331, -94.99371
2018-04-10T13:13:54.6547307Z, 1, 137.0637, 76.73196, -92.96072
2018-04-10T13:13:54.6577202Z, 1, 137.0637, 76.73196, -92.96072
2018-04-10T13:13:54.6640792Z, 1, 137.0637, 76.73196, -92.96072
2018-04-10T13:13:54.6811009Z, 1, 136.6806, 77.21032, -91.18639
2018-04-10T13:13:54.6841055Z, 1, 136.6806, 77.21032, -91.18639
2018-04-10T13:13:54.6907201Z, 1, 136.6806, 77.21032, -91.18639
2018-04-10T13:13:54.6947399Z, 1, 136.6806, 77.21032, -91.18639
2018-04-10T13:13:54.7013807Z, 1, 137.7057, 78.58274, -91.62431
2018-04-10T13:13:54.7177449Z, 1, 138.2088, 79.65694, -92.58472
2018-04-10T13:13:54.7202489Z, 1, 138.2088, 79.65694, -92.58472
2018-04-10T13:13:54.7242545Z, 1, 138.2088, 79.65694, -92.58472
2018-04-10T13:13:54.7312661Z, 1, 138.2088, 79.65694, -92.58472
2018-04-10T13:13:54.7482931Z, 1, 138.2088, 79.65694, -92.58472
2018-04-10T13:13:54.7502965Z, False, 0, 0, 0
2018-04-10T13:13:54.7568351Z, False, 0, 0, 0
2018-04-10T13:13:54.7608472Z, False, 0, 0, 0
2018-04-10T13:13:54.7776509Z, False, 0, 0, 0
2018-04-10T13:13:54.7801438Z, False, 0, 0, 0
2018-04-10T13:13:54.7871167Z, False, 0, 0, 0
2018-04-10T13:13:54.7911268Z, False, 0, 0, 0
2018-04-10T13:13:54.8078046Z, False, 0, 0, 0
2018-04-10T13:13:54.8098091Z, False, 0, 0, 0
2018-04-10T13:13:54.8173203Z, False, 0, 0, 0
2018-04-10T13:13:54.8211044Z, False, 0, 0, 0
2018-04-10T13:13:54.8376624Z, False, 0, 0, 0
2018-04-10T13:13:54.8401502Z, False, 0, 0, 0
2018-04-10T13:13:54.8441595Z, False, 0, 0, 0
2018-04-10T13:13:54.8516712Z, False, 0, 0, 0
2018-04-10T13:13:54.8683470Z, False, 0, 0, 0
2018-04-10T13:13:54.8708621Z, False, 0, 0, 0
2018-04-10T13:13:54.8751042Z, False, 0, 0, 0
2018-04-10T13:13:54.8791240Z, False, 0, 0, 0
2018-04-10T13:13:54.8856393Z, False, 0, 0, 0
2018-04-10T13:13:54.9032882Z, False, 0, 0, 0
2018-04-10T13:13:54.9057868Z, False, 0, 0, 0
2018-04-10T13:13:54.9125557Z, False, 0, 0, 0
2018-04-10T13:13:54.9189520Z, False, 0, 0, 0
2018-04-10T13:13:54.9358350Z, False, 0, 0, 0
2018-04-10T13:13:54.9383373Z, False, 0, 0, 0
2018-04-10T13:13:54.9452786Z, False, 0, 0, 0
2018-04-10T13:13:54.9622738Z, False, 0, 0, 0
2018-04-10T13:13:54.9642771Z, False, 0, 0, 0
2018-04-10T13:13:54.9682964Z, False, 0, 0, 0
2018-04-10T13:13:54.9753174Z, False, 0, 0, 0
2018-04-10T13:13:54.9818540Z, False, 0, 0, 0
2018-04-10T13:13:54.9990336Z, False, 0, 0, 0
2018-04-10T13:13:55.0015373Z, False, 0, 0, 0
2018-04-10T13:13:55.0080597Z, False, 0, 0, 0
2018-04-10T13:13:55.0250853Z, False, 0, 0, 0
2018-04-10T13:13:55.0275882Z, False, 0, 0, 0
2018-04-10T13:13:55.0346627Z, False, 0, 0, 0
2018-04-10T13:13:55.0421348Z, False, 0, 0, 0
2018-04-10T13:13:55.0586607Z, False, 0, 0, 0
2018-04-10T13:13:55.0611635Z, False, 0, 0, 0
2018-04-10T13:13:55.0676669Z, False, 0, 0, 0
2018-04-10T13:13:55.0751748Z, False, 0, 0, 0
2018-04-10T13:13:55.0922642Z, False, 0, 0, 0
2018-04-10T13:13:55.0957578Z, False, 0, 0, 0
2018-04-10T13:13:55.1022224Z, False, 0, 0, 0
2018-04-10T13:13:55.1193502Z, False, 0, 0, 0
2018-04-10T13:13:55.1218442Z, False, 0, 0, 0
2018-04-10T13:13:55.1298565Z, False, 0, 0, 0
2018-04-10T13:13:55.1338684Z, False, 0, 0, 0
2018-04-10T13:13:55.1378808Z, False, 0, 0, 0
2018-04-10T13:13:55.1543944Z, False, 0, 0, 0
2018-04-10T13:13:55.1568978Z, False, 0, 0, 0
2018-04-10T13:13:55.1634080Z, False, 0, 0, 0
2018-04-10T13:13:55.1674144Z, False, 0, 0, 0
2018-04-10T13:13:55.1839753Z, False, 0, 0, 0
2018-04-10T13:13:55.1869796Z, False, 0, 0, 0
2018-04-10T13:13:55.1910009Z, False, 0, 0, 0
2018-04-10T13:13:55.1984986Z, False, 0, 0, 0
2018-04-10T13:13:55.2151554Z, False, 0, 0, 0
2018-04-10T13:13:55.2176594Z, False, 0, 0, 0
2018-04-10T13:13:55.2242259Z, False, 0, 0, 0
2018-04-10T13:13:55.2312372Z, False, 0, 0, 0
2018-04-10T13:13:55.2482637Z, False, 0, 0, 0
2018-04-10T13:13:55.2502662Z, False, 0, 0, 0
2018-04-10T13:13:55.2577292Z, False, 0, 0, 0
2018-04-10T13:13:55.2744090Z, False, 0, 0, 0
2018-04-10T13:13:55.2764135Z, False, 0, 0, 0
2018-04-10T13:13:55.2804203Z, False, 0, 0, 0
2018-04-10T13:13:55.2879257Z, False, 0, 0, 0
2018-04-10T13:13:55.2949333Z, False, 0, 0, 0
2018-04-10T13:13:55.3119370Z, False, 0, 0, 0
2018-04-10T13:13:55.3139407Z, False, 0, 0, 0
2018-04-10T13:13:55.3217441Z, False, 0, 0, 0
2018-04-10T13:13:55.3383052Z, False, 0, 0, 0
2018-04-10T13:13:55.3403097Z, False, 0, 0, 0
2018-04-10T13:13:55.3448165Z, False, 0, 0, 0
2018-04-10T13:13:55.3523262Z, False, 0, 0, 0
2018-04-10T13:13:55.3693871Z, False, 0, 0, 0
2018-04-10T13:13:55.3713896Z, False, 0, 0, 0
2018-04-10T13:13:55.3779342Z, False, 0, 0, 0
2018-04-10T13:13:55.3844461Z, False, 0, 0, 0
2018-04-10T13:13:55.4015266Z, False, 0, 0, 0
2018-04-10T13:13:55.4040323Z, False, 0, 0, 0
2018-04-10T13:13:55.4110565Z, False, 0, 0, 0
2018-04-10T13:13:55.4181222Z, False, 0, 0, 0
2018-04-10T13:13:55.4348171Z, False, 0, 0, 0
2018-04-10T13:13:55.4368199Z, False, 0, 0, 0
2018-04-10T13:13:55.4408263Z, False, 0, 0, 0
2018-04-10T13:13:55.4473359Z, False, 0, 0, 0
2018-04-10T13:13:55.4648926Z, False, 0, 0, 0
2018-04-10T13:13:55.4673963Z, False, 0, 0, 0
2018-04-10T13:13:55.4734386Z, False, 0, 0, 0
2018-04-10T13:13:55.4804257Z, False, 0, 0, 0
2018-04-10T13:13:55.4971454Z, False, 0, 0, 0
2018-04-10T13:13:55.4996511Z, False, 0, 0, 0
2018-04-10T13:13:55.5065432Z, False, 0, 0, 0
2018-04-10T13:13:55.5105667Z, False, 0, 0, 0
2018-04-10T13:13:55.5276040Z, False, 0, 0, 0
2018-04-10T13:13:55.5303371Z, False, 0, 0, 0
2018-04-10T13:13:55.5346776Z, False, 0, 0, 0
2018-04-10T13:13:55.5416164Z, False, 0, 0, 0
2018-04-10T13:13:55.5583793Z, False, 0, 0, 0
2018-04-10T13:13:55.5603819Z, False, 0, 0, 0
2018-04-10T13:13:55.5677108Z, False, 0, 0, 0
2018-04-10T13:13:55.5747176Z, False, 0, 0, 0
2018-04-10T13:13:55.5914341Z, False, 0, 0, 0
2018-04-10T13:13:55.5934404Z, False, 0, 0, 0
2018-04-10T13:13:55.6014513Z, False, 0, 0, 0
2018-04-10T13:13:55.6049687Z, False, 0, 0, 0
2018-04-10T13:13:55.6219662Z, False, 0, 0, 0
2018-04-10T13:13:55.6244585Z, False, 0, 0, 0
2018-04-10T13:13:55.6304512Z, False, 0, 0, 0
2018-04-10T13:13:55.6379643Z, False, 0, 0, 0
2018-04-10T13:13:55.6546413Z, False, 0, 0, 0
2018-04-10T13:13:55.6566441Z, False, 0, 0, 0
2018-04-10T13:13:55.6641606Z, False, 0, 0, 0
2018-04-10T13:13:55.6812102Z, False, 0, 0, 0
2018-04-10T13:13:55.6837139Z, False, 0, 0, 0
2018-04-10T13:13:55.6912039Z, False, 0, 0, 0
2018-04-10T13:13:55.6957082Z, False, 0, 0, 0
2018-04-10T13:13:55.7126546Z, False, 0, 0, 0
2018-04-10T13:13:55.7146572Z, False, 0, 0, 0
2018-04-10T13:13:55.7231593Z, False, 0, 0, 0
2018-04-10T13:13:55.7299896Z, False, 0, 0, 0
2018-04-10T13:13:55.7470394Z, False, 0, 0, 0
2018-04-10T13:13:55.7495465Z, False, 0, 0, 0
2018-04-10T13:13:55.7566088Z, False, 0, 0, 0
2018-04-10T13:13:55.7734201Z, False, 0, 0, 0
2018-04-10T13:13:55.7764248Z, False, 0, 0, 0
2018-04-10T13:13:55.7834361Z, False, 0, 0, 0
2018-04-10T13:13:55.7899067Z, False, 0, 0, 0
2018-04-10T13:13:55.7944101Z, False, 0, 0, 0
2018-04-10T13:13:55.8112373Z, False, 0, 0, 0
2018-04-10T13:13:55.8132412Z, False, 0, 0, 0
2018-04-10T13:13:55.8204057Z, False, 0, 0, 0
2018-04-10T13:13:55.8375352Z, False, 0, 0, 0
2018-04-10T13:13:55.8400384Z, False, 0, 0, 0
2018-04-10T13:13:55.8465482Z, False, 0, 0, 0
2018-04-10T13:13:55.8531779Z, False, 0, 0, 0
2018-04-10T13:13:55.8697057Z, False, 0, 0, 0
2018-04-10T13:13:55.8722126Z, False, 0, 0, 0
2018-04-10T13:13:55.8800797Z, False, 0, 0, 0
2018-04-10T13:13:55.8866038Z, False, 0, 0, 0
2018-04-10T13:13:55.9033101Z, False, 0, 0, 0
2018-04-10T13:13:55.9053132Z, False, 0, 0, 0
2018-04-10T13:13:55.9098348Z, False, 0, 0, 0
2018-04-10T13:13:55.9163313Z, False, 0, 0, 0
2018-04-10T13:13:55.9333916Z, False, 0, 0, 0
2018-04-10T13:13:55.9358828Z, False, 0, 0, 0
2018-04-10T13:13:55.9423992Z, False, 0, 0, 0
2018-04-10T13:13:55.9469191Z, False, 0, 0, 0
2018-04-10T13:13:55.9637480Z, False, 0, 0, 0
2018-04-10T13:13:55.9672402Z, False, 0, 0, 0
2018-04-10T13:13:55.9737612Z, False, 0, 0, 0
2018-04-10T13:13:55.9782569Z, False, 0, 0, 0
2018-04-10T13:13:55.9947881Z, False, 0, 0, 0
2018-04-10T13:13:55.9977930Z, False, 0, 0, 0
2018-04-10T13:13:56.0047975Z, False, 0, 0, 0
2018-04-10T13:13:56.0088122Z, False, 0, 0, 0
2018-04-10T13:13:56.0253383Z, False, 0, 0, 0
2018-04-10T13:13:56.0278420Z, False, 0, 0, 0
2018-04-10T13:13:56.0318604Z, False, 0, 0, 0
2018-04-10T13:13:56.0384096Z, False, 0, 0, 0
2018-04-10T13:13:56.0424007Z, False, 0, 0, 0
2018-04-10T13:13:56.0594260Z, False, 0, 0, 0
2018-04-10T13:13:56.0619294Z, False, 0, 0, 0
2018-04-10T13:13:56.0681917Z, False, 0, 0, 0
2018-04-10T13:13:56.0721981Z, False, 0, 0, 0
2018-04-10T13:13:56.0889921Z, False, 0, 0, 0
2018-04-10T13:13:56.0915006Z, False, 0, 0, 0
2018-04-10T13:13:56.0965060Z, False, 0, 0, 0
2018-04-10T13:13:56.1020135Z, False, 0, 0, 0
2018-04-10T13:13:56.1185960Z, False, 0, 0, 0
2018-04-10T13:13:56.1210886Z, False, 0, 0, 0
2018-04-10T13:13:56.1280991Z, False, 0, 0, 0
2018-04-10T13:13:56.1341223Z, False, 0, 0, 0
2018-04-10T13:13:56.1509125Z, False, 0, 0, 0
2018-04-10T13:13:56.1533940Z, False, 0, 0, 0
2018-04-10T13:13:56.1601398Z, False, 0, 0, 0
2018-04-10T13:13:56.1671697Z, False, 0, 0, 0
2018-04-10T13:13:56.1839704Z, False, 0, 0, 0
2018-04-10T13:13:56.1864750Z, False, 0, 0, 0
2018-04-10T13:13:56.1927119Z, False, 0, 0, 0
2018-04-10T13:13:56.2000938Z, False, 0, 0, 0
2018-04-10T13:13:56.2166268Z, False, 0, 0, 0
2018-04-10T13:13:56.2186307Z, False, 0, 0, 0
2018-04-10T13:13:56.2256412Z, False, 0, 0, 0
2018-04-10T13:13:56.2426794Z, False, 0, 0, 0
2018-04-10T13:13:56.2451708Z, False, 0, 0, 0
2018-04-10T13:13:56.2491773Z, False, 0, 0, 0
2018-04-10T13:13:56.2571902Z, False, 0, 0, 0
2018-04-10T13:13:56.2737163Z, False, 0, 0, 0
2018-04-10T13:13:56.2767195Z, False, 0, 0, 0
2018-04-10T13:13:56.2842471Z, False, 0, 0, 0
2018-04-10T13:13:56.2912425Z, False, 0, 0, 0
2018-04-10T13:13:56.3082681Z, False, 0, 0, 0
2018-04-10T13:13:56.3112838Z, False, 0, 0, 0
2018-04-10T13:13:56.3173045Z, False, 0, 0, 0
2018-04-10T13:13:56.3243292Z, False, 0, 0, 0
2018-04-10T13:13:56.3413554Z, False, 0, 0, 0
2018-04-10T13:13:56.3433593Z, False, 0, 0, 0
2018-04-10T13:13:56.3503684Z, False, 0, 0, 0
2018-04-10T13:13:56.3573945Z, False, 0, 0, 0
2018-04-10T13:13:56.3741825Z, False, 0, 0, 0
2018-04-10T13:13:56.3761859Z, False, 0, 0, 0
2018-04-10T13:13:56.3832092Z, False, 0, 0, 0
2018-04-10T13:13:56.3997888Z, False, 0, 0, 0
2018-04-10T13:13:56.4017933Z, False, 0, 0, 0
2018-04-10T13:13:56.4067131Z, False, 0, 0, 0
2018-04-10T13:13:56.4136407Z, False, 0, 0, 0
2018-04-10T13:13:56.4197368Z, False, 0, 0, 0
2018-04-10T13:13:56.4366918Z, False, 0, 0, 0
2018-04-10T13:13:56.4391910Z, False, 0, 0, 0
2018-04-10T13:13:56.4457020Z, False, 0, 0, 0
2018-04-10T13:13:56.4628127Z, False, 0, 0, 0
2018-04-10T13:13:56.4653243Z, False, 0, 0, 0
2018-04-10T13:13:56.4733313Z, False, 0, 0, 0
2018-04-10T13:13:56.4798989Z, False, 0, 0, 0
2018-04-10T13:13:56.4961006Z, False, 0, 0, 0
2018-04-10T13:13:56.4991214Z, False, 0, 0, 0
2018-04-10T13:13:56.5050017Z, False, 0, 0, 0
2018-04-10T13:13:56.5244573Z, False, 0, 0, 0
2018-04-10T13:13:56.5299654Z, False, 0, 0, 0
2018-04-10T13:13:56.5369964Z, False, 0, 0, 0
2018-04-10T13:13:56.5435048Z, False, 0, 0, 0
2018-04-10T13:13:56.5605717Z, False, 0, 0, 0
2018-04-10T13:13:56.5635621Z, False, 0, 0, 0
2018-04-10T13:13:56.5696465Z, False, 0, 0, 0
2018-04-10T13:13:56.5761558Z, False, 0, 0, 0
2018-04-10T13:13:56.5928831Z, False, 0, 0, 0
2018-04-10T13:13:56.5953748Z, False, 0, 0, 0
2018-04-10T13:13:56.6019485Z, False, 0, 0, 0
2018-04-10T13:13:56.6186616Z, False, 0, 0, 0
2018-04-10T13:13:56.6206672Z, False, 0, 0, 0
2018-04-10T13:13:56.6251732Z, False, 0, 0, 0
2018-04-10T13:13:56.6325596Z, False, 0, 0, 0
2018-04-10T13:13:56.6496074Z, False, 0, 0, 0
2018-04-10T13:13:56.6516111Z, False, 0, 0, 0
2018-04-10T13:13:56.6570912Z, False, 0, 0, 0
2018-04-10T13:13:56.6636162Z, False, 0, 0, 0
2018-04-10T13:13:56.6801414Z, False, 0, 0, 0
2018-04-10T13:13:56.6821457Z, False, 0, 0, 0
2018-04-10T13:13:56.6896554Z, False, 0, 0, 0
2018-04-10T13:13:56.6957674Z, False, 0, 0, 0
2018-04-10T13:13:56.7127708Z, False, 0, 0, 0
2018-04-10T13:13:56.7162763Z, False, 0, 0, 0
2018-04-10T13:13:56.7223960Z, False, 0, 0, 0
2018-04-10T13:13:56.7297625Z, False, 0, 0, 0
