2018-04-10T15:37:32.7890588Z, False, 0, 0, 0
2018-04-10T15:37:32.7935651Z, False, 0, 0, 0
2018-04-10T15:37:32.8082859Z, False, 0, 0, 0
2018-04-10T15:37:32.8248414Z, False, 0, 0, 0
2018-04-10T15:37:32.8410738Z, False, 0, 0, 0
2018-04-10T15:37:32.8573796Z, False, 0, 0, 0
2018-04-10T15:37:32.8743062Z, False, 0, 0, 0
2018-04-10T15:37:32.8910628Z, False, 0, 0, 0
2018-04-10T15:37:32.9074159Z, False, 0, 0, 0
2018-04-10T15:37:32.9243593Z, 0.0914757, 89.75876, 111.5499, 47.88454
2018-04-10T15:37:32.9406400Z, 0.1366252, 87.9761, 112.8091, 54.80895
2018-04-10T15:37:32.9574422Z, 0.2251003, 84.28584, 114.1199, 65.6572
2018-04-10T15:37:32.9742185Z, 0.3096459, 79.29758, 113.249, 72.56413
2018-04-10T15:37:32.9906066Z, 0.3896886, 75.71796, 113.5956, 79.48452
2018-04-10T15:37:33.0089904Z, 0.4643134, 73.43619, 114.3675, 87.09049
2018-04-10T15:37:33.0235049Z, 0.5329975, 71.66062, 115.5174, 94.05165
2018-04-10T15:37:33.0400472Z, 0.5951186, 70.15971, 115.526, 99.62623
2018-04-10T15:37:33.0561399Z, 0.6238581, 69.42396, 115.215, 101.8622
2018-04-10T15:37:33.0758411Z, 0.700532, 66.72669, 112.7927, 107.7564
2018-04-10T15:37:33.0896748Z, 0.7442641, 66.33173, 112.8828, 109.7025
2018-04-10T15:37:33.1069580Z, 0.7822531, 65.08981, 112.5459, 110.9622
2018-04-10T15:37:33.1233774Z, 0.8031684, 64.39433, 112.4456, 111.1807
2018-04-10T15:37:33.1392219Z, 0.8300634, 62.77597, 112.1659, 111.2185
2018-04-10T15:37:33.1569721Z, 0.8571037, 61.04601, 112.1785, 110.7624
2018-04-10T15:37:33.1727466Z, 0.8798748, 59.16306, 112.0635, 109.9241
2018-04-10T15:37:33.1892676Z, 0.8980339, 57.08935, 111.9546, 108.811
2018-04-10T15:37:33.2055913Z, 0.9156726, 54.8395, 111.2894, 107.5638
2018-04-10T15:37:33.2264233Z, 0.9281426, 52.57294, 110.8245, 106.627
2018-04-10T15:37:33.2390623Z, 0.9398077, 50.35633, 110.3706, 105.7812
2018-04-10T15:37:33.2585346Z, 0.9495897, 48.16658, 110.0572, 105.1433
2018-04-10T15:37:33.2776191Z, 0.9578266, 46.20321, 109.7013, 104.3812
2018-04-10T15:37:33.2915317Z, 0.9647568, 44.44308, 109.386, 103.3861
2018-04-10T15:37:33.3083319Z, 0.9705614, 42.825, 108.9999, 102.7711
2018-04-10T15:37:33.3247402Z, 0.9754102, 40.63696, 107.1927, 102.2128
2018-04-10T15:37:33.3380198Z, 0.9779015, 39.67553, 106.7424, 101.9404
2018-04-10T15:37:33.3580255Z, 0.9828658, 37.81576, 106.2531, 101.1678
2018-04-10T15:37:33.3740595Z, 0.9844461, 37.27946, 106.0573, 100.9627
2018-04-10T15:37:33.3910433Z, 0.9869539, 36.43058, 105.9662, 100.5133
2018-04-10T15:37:33.4070637Z, 0.9892154, 36.02031, 106.3988, 100.1985
2018-04-10T15:37:33.4240893Z, 1, 35.43578, 106.4191, 99.91097
2018-04-10T15:37:33.4371369Z, 1, 35.15475, 106.4391, 99.46543
2018-04-10T15:37:33.4567351Z, 1, 34.85145, 106.4497, 99.22528
2018-04-10T15:37:33.4742636Z, 1, 34.88901, 106.5227, 98.97874
2018-04-10T15:37:33.4907883Z, 1, 34.98237, 106.6571, 98.76167
2018-04-10T15:37:33.5067794Z, 1, 35.1649, 106.828, 98.6233
2018-04-10T15:37:33.5237077Z, 1, 35.59467, 106.9865, 98.33044
2018-04-10T15:37:33.5366884Z, 1, 35.92565, 107.1, 98.18192
2018-04-10T15:37:33.5567198Z, 1, 36.73972, 107.2629, 97.82761
2018-04-10T15:37:33.5727165Z, 1, 37.64647, 107.1919, 97.10178
2018-04-10T15:37:33.5896707Z, 1, 38.64935, 106.9707, 96.24213
2018-04-10T15:37:33.6061954Z, 1, 39.8341, 106.9527, 95.35538
2018-04-10T15:37:33.6227210Z, 1, 41.07487, 107.0821, 94.48462
2018-04-10T15:37:33.6362422Z, 1, 42.41074, 107.7927, 93.86255
2018-04-10T15:37:33.6557723Z, 1, 43.03534, 108.3017, 93.58388
2018-04-10T15:37:33.6722970Z, 1, 44.67698, 109.5557, 92.31366
2018-04-10T15:37:33.6892959Z, 1, 45.33457, 110.6785, 91.10603
2018-04-10T15:37:33.7057315Z, 1, 46.04696, 111.6771, 90.1532
2018-04-10T15:37:33.7189380Z, 1, 46.35706, 112.2452, 89.77769
2018-04-10T15:37:33.7391261Z, 1, 47.66407, 114.454, 89.0022
2018-04-10T15:37:33.7557123Z, 1, 48.17359, 115.3315, 88.84894
2018-04-10T15:37:33.7717888Z, 1, 49.61865, 117.2821, 89.0425
2018-04-10T15:37:33.7883297Z, 1, 50.72404, 118.6283, 88.63441
2018-04-10T15:37:33.8050898Z, 1, 51.81421, 120.3843, 88.40158
2018-04-10T15:37:33.8183036Z, 1, 52.80892, 122.0299, 88.05988
2018-04-10T15:37:33.8379413Z, 1, 53.76149, 123.5849, 87.78603
2018-04-10T15:37:33.8542307Z, 1, 54.72195, 124.9306, 87.76955
2018-04-10T15:37:33.8721761Z, 1, 55.82026, 126.265, 88.06352
2018-04-10T15:37:33.8851842Z, 1, 56.442, 126.974, 88.26986
2018-04-10T15:37:33.9036801Z, 1, 57.67945, 128.2228, 88.58476
2018-04-10T15:37:33.9178226Z, 1, 58.89164, 129.1552, 89.07523
2018-04-10T15:37:33.9347845Z, 1, 60.08818, 129.9202, 89.59826
2018-04-10T15:37:33.9513581Z, 1, 61.25756, 130.4676, 90.03429
2018-04-10T15:37:33.9675447Z, 1, 62.40713, 130.7362, 90.44513
2018-04-10T15:37:33.9840743Z, 1, 63.47636, 130.7083, 90.71671
2018-04-10T15:37:34.0005995Z, 1, 64.60427, 130.6786, 91.19128
2018-04-10T15:37:34.0169241Z, 1, 65.55724, 130.4501, 91.49879
2018-04-10T15:37:34.0338843Z, 1, 66.53278, 130.0978, 91.84653
2018-04-10T15:37:34.0506614Z, 1, 66.95859, 129.867, 91.92198
2018-04-10T15:37:34.0674875Z, 1, 67.72816, 129.249, 91.96765
2018-04-10T15:37:34.0838033Z, 1, 68.31332, 128.5705, 91.79092
2018-04-10T15:37:34.1001117Z, 1, 68.79192, 127.8785, 91.56599
2018-04-10T15:37:34.1165980Z, 1, 69.14944, 127.4042, 91.43376
2018-04-10T15:37:34.1336390Z, 1, 69.35183, 127.1864, 91.38565
2018-04-10T15:37:34.1501497Z, 1, 69.47704, 127.154, 91.37768
2018-04-10T15:37:34.1669411Z, 1, 69.4993, 127.164, 91.40919
2018-04-10T15:37:34.1831516Z, 1, 69.50101, 127.1965, 91.43584
2018-04-10T15:37:34.1997278Z, 1, 69.39785, 127.3504, 91.46658
2018-04-10T15:37:34.2164068Z, 1, 69.27608, 127.5209, 91.56217
2018-04-10T15:37:34.2342731Z, 1, 69.22204, 127.5915, 91.61768
2018-04-10T15:37:34.2492985Z, 1, 69.1321, 127.7148, 91.71262
2018-04-10T15:37:34.2664243Z, 1, 69.10848, 127.8542, 91.81889
2018-04-10T15:37:34.2825480Z, 1, 69.06495, 127.9235, 91.91012
2018-04-10T15:37:34.2989255Z, 1, 68.99756, 127.9135, 91.98955
2018-04-10T15:37:34.3155203Z, 1, 68.9367, 127.9407, 92.11018
2018-04-10T15:37:34.3318955Z, 1, 68.86277, 127.9544, 92.24387
2018-04-10T15:37:34.3489843Z, 1, 68.77868, 127.9074, 92.30243
2018-04-10T15:37:34.3655201Z, 1, 68.6547, 127.8748, 92.37225
2018-04-10T15:37:34.3815926Z, 1, 68.57019, 127.8805, 92.44904
2018-04-10T15:37:34.3984136Z, 1, 68.4809, 127.8477, 92.50465
2018-04-10T15:37:34.4154568Z, 1, 68.43855, 127.8332, 92.53109
2018-04-10T15:37:34.4317350Z, 1, 68.39539, 127.7942, 92.52325
2018-04-10T15:37:34.4487607Z, 1, 68.30074, 127.7279, 92.53767
2018-04-10T15:37:34.4886640Z, 1, 68.21254, 127.6348, 92.50756
2018-04-10T15:37:34.4911589Z, 1, 68.21254, 127.6348, 92.50756
2018-04-10T15:37:34.5077251Z, 1, 68.17818, 127.5885, 92.49851
2018-04-10T15:37:34.5265543Z, 1, 68.12396, 127.5332, 92.51235
2018-04-10T15:37:34.5433557Z, 1, 68.08091, 127.52, 92.51128
2018-04-10T15:37:34.5568476Z, 1, 68.00724, 127.5267, 92.49185
2018-04-10T15:37:34.5740508Z, 1, 67.92762, 127.5812, 92.47716
2018-04-10T15:37:34.5905957Z, 1, 67.90522, 127.6262, 92.46899
2018-04-10T15:37:34.6075797Z, 1, 67.81487, 127.7613, 92.47609
2018-04-10T15:37:34.6241320Z, 1, 67.79662, 127.8853, 92.46346
2018-04-10T15:37:34.6403812Z, 1, 67.7879, 127.9291, 92.46893
2018-04-10T15:37:34.6564435Z, 1, 67.7595, 127.99, 92.46064
2018-04-10T15:37:34.6730857Z, 1, 67.73286, 128.0473, 92.43692
2018-04-10T15:37:34.6896796Z, 1, 67.71919, 128.1021, 92.43094
2018-04-10T15:37:34.7062043Z, 1, 67.70876, 128.1376, 92.42999
2018-04-10T15:37:34.7232310Z, 1, 67.68917, 128.1637, 92.43768
2018-04-10T15:37:34.7392650Z, 1, 67.68629, 128.203, 92.42233
2018-04-10T15:37:34.7562915Z, 1, 67.67838, 128.2556, 92.42368
2018-04-10T15:37:34.7728512Z, 1, 67.67142, 128.3138, 92.42918
2018-04-10T15:37:34.7890520Z, 1, 67.68807, 128.3689, 92.44866
2018-04-10T15:37:34.8056482Z, 1, 67.68969, 128.4184, 92.4432
2018-04-10T15:37:34.8226681Z, 1, 67.69416, 128.446, 92.4346
2018-04-10T15:37:34.8390832Z, 1, 67.69342, 128.5091, 92.39896
2018-04-10T15:37:34.8558689Z, 1, 67.67879, 128.5512, 92.36266
2018-04-10T15:37:34.8726082Z, 1, 67.6664, 128.5823, 92.33048
2018-04-10T15:37:34.8887996Z, 1, 67.60171, 128.6295, 92.298
2018-04-10T15:37:34.9053260Z, 1, 67.49198, 128.6718, 92.2764
2018-04-10T15:37:34.9218942Z, 1, 67.37421, 128.7409, 92.29198
2018-04-10T15:37:34.9379556Z, 1, 67.26427, 128.787, 92.29732
2018-04-10T15:37:34.9549533Z, 1, 67.17841, 128.8778, 92.3418
2018-04-10T15:37:34.9714160Z, 1, 67.07713, 128.923, 92.39476
2018-04-10T15:37:34.9881049Z, 1, 66.97785, 128.9702, 92.44753
2018-04-10T15:37:35.0056439Z, 1, 66.86935, 128.9955, 92.46105
2018-04-10T15:37:35.0214369Z, 1, 66.80318, 128.9638, 92.48723
2018-04-10T15:37:35.0374214Z, 1, 66.66753, 128.9227, 92.58516
2018-04-10T15:37:35.0541949Z, 1, 66.52395, 128.9269, 92.68884
2018-04-10T15:37:35.0712734Z, 1, 66.37941, 128.9813, 92.72668
2018-04-10T15:37:35.0874147Z, 1, 66.22465, 129.0134, 92.74555
2018-04-10T15:37:35.1041538Z, 1, 66.0647, 129.0272, 92.80257
2018-04-10T15:37:35.1206543Z, 1, 65.93535, 129.0402, 92.8733
2018-04-10T15:37:35.1371815Z, 1, 65.81825, 129.1007, 92.87753
2018-04-10T15:37:35.1543523Z, 1, 65.72134, 129.1421, 92.91614
2018-04-10T15:37:35.1708921Z, 1, 65.61496, 129.2049, 92.93481
2018-04-10T15:37:35.1871945Z, 1, 65.52052, 129.2559, 92.96909
2018-04-10T15:37:35.2034340Z, 1, 65.50304, 129.3023, 92.97553
2018-04-10T15:37:35.2201719Z, 1, 65.45361, 129.3552, 92.98275
2018-04-10T15:37:35.2363175Z, 1, 65.40437, 129.4269, 93.03059
2018-04-10T15:37:35.2530801Z, 1, 65.38504, 129.4245, 93.04607
2018-04-10T15:37:35.2695277Z, 1, 65.31866, 129.4589, 93.03486
2018-04-10T15:37:35.2865240Z, 1, 65.31232, 129.4749, 93.03419
2018-04-10T15:37:35.3035837Z, 1, 65.25156, 129.4353, 93.01566
2018-04-10T15:37:35.3192916Z, 1, 65.18027, 129.3804, 93.07004
2018-04-10T15:37:35.3360884Z, 1, 65.0651, 129.2905, 93.03427
2018-04-10T15:37:35.3526137Z, 1, 64.9604, 129.2177, 93.01163
2018-04-10T15:37:35.3691728Z, 1, 64.35586, 128.9017, 92.8145
2018-04-10T15:37:35.3857476Z, 1, 64.00231, 128.7661, 92.66916
2018-04-10T15:37:35.4025760Z, 1, 63.05281, 128.4633, 92.23119
2018-04-10T15:37:35.4187873Z, 1, 61.94506, 128.3268, 91.72112
2018-04-10T15:37:35.4354566Z, 1, 60.715, 128.3196, 91.23837
2018-04-10T15:37:35.4521526Z, 1, 59.3889, 128.4045, 90.80222
2018-04-10T15:37:35.4682481Z, 1, 57.98495, 128.554, 90.53557
2018-04-10T15:37:35.4853352Z, 1, 56.63223, 128.7893, 90.29086
2018-04-10T15:37:35.5014034Z, 1, 55.411, 129.1991, 90.23586
2018-04-10T15:37:35.5180801Z, 1, 54.36893, 129.6024, 90.11066
2018-04-10T15:37:35.5378698Z, 1, 53.65195, 129.9481, 89.98312
2018-04-10T15:37:35.5544048Z, 1, 53.18129, 130.0886, 89.93647
2018-04-10T15:37:35.5709400Z, 1, 52.8521, 130.1052, 89.84594
2018-04-10T15:37:35.5879904Z, 1, 52.5783, 129.9379, 89.56497
2018-04-10T15:37:35.6044821Z, 1, 52.34299, 129.7237, 89.15335
2018-04-10T15:37:35.6172405Z, 1, 52.25019, 129.5881, 88.87238
2018-04-10T15:37:35.6372559Z, 1, 52.24107, 129.2331, 88.15147
2018-04-10T15:37:35.6535703Z, 1, 52.40311, 128.8913, 87.06695
2018-04-10T15:37:35.6702550Z, 1, 52.60446, 128.4574, 85.65117
2018-04-10T15:37:35.6864962Z, 1, 52.70847, 127.7048, 84.14067
2018-04-10T15:37:35.7035992Z, 1, 52.82894, 126.796, 82.55746
2018-04-10T15:37:35.7168532Z, 1, 52.97571, 125.7566, 81.15995
2018-04-10T15:37:35.7367815Z, 1, 53.20146, 124.7061, 80.17611
2018-04-10T15:37:35.7588151Z, 1, 53.28882, 123.5434, 79.52546
2018-04-10T15:37:35.7703338Z, 1, 53.37924, 122.3927, 79.34865
2018-04-10T15:37:35.7883741Z, 1, 53.42185, 121.192, 79.66668
2018-04-10T15:37:35.8028832Z, 1, 53.40432, 120.5191, 79.99514
2018-04-10T15:37:35.8164044Z, 1, 53.37411, 119.7925, 80.46086
2018-04-10T15:37:35.8359337Z, 1, 53.1964, 117.6988, 82.2206
2018-04-10T15:37:35.8524718Z, 1, 53.15397, 116.4391, 83.87308
2018-04-10T15:37:35.8699966Z, 1, 53.23674, 115.3197, 85.80779
2018-04-10T15:37:35.8854916Z, 1, 53.4828, 114.3508, 88.10623
2018-04-10T15:37:35.8988910Z, 1, 53.78375, 113.4922, 90.82129
2018-04-10T15:37:35.9186585Z, 1, 54.0554, 112.6133, 93.79646
2018-04-10T15:37:35.9355481Z, 1, 54.38419, 111.7138, 96.85333
2018-04-10T15:37:35.9493320Z, 1, 54.60776, 111.3362, 98.44105
2018-04-10T15:37:35.9698836Z, 1, 55.18639, 110.0619, 103.5207
2018-04-10T15:37:35.9822542Z, 1, 55.23813, 109.482, 105.2562
2018-04-10T15:37:35.9982936Z, 1, 55.20253, 108.0408, 108.5771
2018-04-10T15:37:36.0153161Z, 1, 55.08618, 106.5217, 111.8768
2018-04-10T15:37:36.0318787Z, 1, 54.69362, 104.9207, 114.772
2018-04-10T15:37:36.0482206Z, 1, 54.17563, 103.7284, 116.7399
2018-04-10T15:37:36.0651025Z, 1, 53.69083, 102.5059, 118.9737
2018-04-10T15:37:36.0816272Z, 1, 53.23351, 101.5058, 120.9659
2018-04-10T15:37:36.0977879Z, 1, 52.94184, 100.6591, 122.8229
2018-04-10T15:37:36.1147398Z, 1, 52.90489, 100.2978, 123.6819
2018-04-10T15:37:36.1314444Z, 1, 52.88192, 99.95301, 124.5565
2018-04-10T15:37:36.1479870Z, 1, 53.01884, 99.40699, 126.7628
2018-04-10T15:37:36.1645851Z, 1, 53.08616, 98.9911, 128.0827
2018-04-10T15:37:36.1814761Z, 1, 53.18035, 98.76757, 129.3404
2018-04-10T15:37:36.1970090Z, 1, 53.27449, 98.72172, 130.5227
2018-04-10T15:37:36.2139469Z, 1, 53.39087, 98.94209, 131.8189
2018-04-10T15:37:36.2308783Z, 1, 53.36205, 99.09045, 132.8074
2018-04-10T15:37:36.2471469Z, 1, 53.33385, 99.31461, 133.5618
2018-04-10T15:37:36.2637552Z, 1, 53.26437, 99.62635, 134.2309
2018-04-10T15:37:36.2808500Z, 1, 53.01204, 99.91766, 134.5262
2018-04-10T15:37:36.2968724Z, 1, 52.68348, 100.24, 134.6396
2018-04-10T15:37:36.3137642Z, 1, 52.52902, 100.3927, 134.572
2018-04-10T15:37:36.3303609Z, 1, 52.28769, 100.6982, 134.2403
2018-04-10T15:37:36.3466058Z, 1, 52.14017, 101.0086, 133.7895
2018-04-10T15:37:36.3633081Z, 1, 52.08252, 101.4263, 133.4068
2018-04-10T15:37:36.3797019Z, 1, 52.11871, 101.8355, 133.0595
2018-04-10T15:37:36.3960798Z, 1, 52.11871, 101.8355, 133.0595
2018-04-10T15:37:36.4130277Z, 1, 52.26395, 102.5034, 132.1983
2018-04-10T15:37:36.4291733Z, 1, 52.45561, 102.959, 131.6749
2018-04-10T15:37:36.4461400Z, 1, 52.62924, 103.3518, 131.0006
2018-04-10T15:37:36.4625571Z, 1, 52.77595, 103.6954, 130.2892
2018-04-10T15:37:36.4822600Z, 1, 52.80573, 103.8475, 129.9205
2018-04-10T15:37:36.4956793Z, 1, 52.81537, 104.1744, 129.2774
2018-04-10T15:37:36.5126571Z, 1, 52.71035, 104.475, 128.619
2018-04-10T15:37:36.5291024Z, 1, 52.51534, 104.7921, 127.9599
2018-04-10T15:37:36.5453610Z, 1, 52.26973, 105.1493, 127.4199
2018-04-10T15:37:36.5619654Z, 1, 52.03704, 105.4752, 126.9173
2018-04-10T15:37:36.5780473Z, 1, 51.76984, 105.786, 126.4627
2018-04-10T15:37:36.5985425Z, 1, 51.44651, 106.1114, 126.0669
2018-04-10T15:37:36.6147274Z, 1, 50.96376, 106.2662, 125.3114
2018-04-10T15:37:36.6320718Z, 1, 50.4797, 106.3959, 124.7119
2018-04-10T15:37:36.6480816Z, 1, 49.94541, 106.5213, 124.2496
2018-04-10T15:37:36.6644572Z, 1, 49.39941, 106.658, 123.9373
2018-04-10T15:37:36.6777433Z, 1, 49.09227, 106.6819, 123.7921
2018-04-10T15:37:36.6978618Z, 1, 48.19061, 106.7993, 123.6436
2018-04-10T15:37:36.7143885Z, 1, 47.66655, 107, 123.9339
2018-04-10T15:37:36.7314608Z, 1, 47.21383, 107.2859, 124.2626
2018-04-10T15:37:36.7509525Z, 1, 46.82011, 107.5193, 124.5315
2018-04-10T15:37:36.7709847Z, 1, 46.47387, 107.7114, 124.7795
2018-04-10T15:37:36.7774949Z, 1, 46.47387, 107.7114, 124.7795
2018-04-10T15:37:36.7964077Z, 1, 46.15334, 108.0406, 125.2249
2018-04-10T15:37:36.8106874Z, 1, 46.11496, 108.3685, 125.7888
2018-04-10T15:37:36.8277489Z, 1, 46.1131, 108.5189, 126.0306
2018-04-10T15:37:36.8438777Z, 1, 46.06511, 108.8345, 126.603
2018-04-10T15:37:36.8602983Z, 1, 46.06337, 108.931, 126.7281
2018-04-10T15:37:36.8766465Z, 1, 46.06108, 109.0984, 127.0063
2018-04-10T15:37:36.8934490Z, 1, 46.03839, 109.1328, 127.1611
2018-04-10T15:37:36.9099734Z, 1, 46.03337, 109.1683, 127.2024
2018-04-10T15:37:36.9264998Z, 1, 46.07831, 109.1548, 127.2044
2018-04-10T15:37:36.9430251Z, 1, 46.20321, 109.1894, 127.2591
2018-04-10T15:37:36.9615526Z, 1, 46.32493, 109.2289, 127.2735
2018-04-10T15:37:36.9757788Z, 1, 46.39043, 109.2643, 127.3086
2018-04-10T15:37:36.9938090Z, 1, 46.56368, 109.2642, 127.3328
2018-04-10T15:37:37.0134343Z, 1, 46.70248, 109.2788, 127.3389
2018-04-10T15:37:37.0268764Z, 1, 46.7299, 109.2793, 127.337
2018-04-10T15:37:37.0425179Z, 1, 46.77146, 109.2794, 127.3237
2018-04-10T15:37:37.0588693Z, 1, 46.83614, 109.2792, 127.3694
2018-04-10T15:37:37.0756120Z, 1, 46.89754, 109.3313, 127.4499
2018-04-10T15:37:37.0924569Z, 1, 46.90512, 109.3169, 127.4563
2018-04-10T15:37:37.1085430Z, 1, 46.93055, 109.3665, 127.514
2018-04-10T15:37:37.1275037Z, 1, 46.98582, 109.3647, 127.5345
2018-04-10T15:37:37.1425151Z, 1, 47.02835, 109.3873, 127.5741
2018-04-10T15:37:37.1581501Z, 1, 47.07774, 109.412, 127.6247
2018-04-10T15:37:37.1767832Z, 1, 47.13221, 109.4318, 127.654
2018-04-10T15:37:37.1965638Z, 1, 47.23785, 109.3841, 127.6942
2018-04-10T15:37:37.2089620Z, 1, 47.25142, 109.3756, 127.7056
2018-04-10T15:37:37.2272655Z, 1, 47.23651, 109.2719, 127.7327
2018-04-10T15:37:37.2414965Z, 1, 47.24368, 109.2523, 127.7661
2018-04-10T15:37:37.2575718Z, 1, 47.2191, 109.1718, 127.8445
2018-04-10T15:37:37.2806533Z, 1, 47.13974, 109.0403, 127.9188
2018-04-10T15:37:37.2911403Z, 1, 47.13974, 109.0403, 127.9188
2018-04-10T15:37:37.3075293Z, 1, 47.07822, 108.7331, 128.0879
2018-04-10T15:37:37.3246238Z, 1, 47.06641, 108.5719, 128.2415
2018-04-10T15:37:37.3404062Z, 1, 47.06612, 108.3945, 128.3468
2018-04-10T15:37:37.3572323Z, 1, 47.06173, 108.1329, 128.3514
2018-04-10T15:37:37.3737738Z, 1, 47.12215, 107.8773, 128.3549
2018-04-10T15:37:37.3904027Z, 1, 47.22213, 107.6945, 128.3862
2018-04-10T15:37:37.4069342Z, 1, 47.33593, 107.5268, 128.4223
2018-04-10T15:37:37.4234580Z, 1, 47.39745, 107.4365, 128.4254
2018-04-10T15:37:37.4398518Z, 1, 47.52127, 107.2405, 128.4269
2018-04-10T15:37:37.4561978Z, 1, 47.70826, 107.096, 128.4687
2018-04-10T15:37:37.4732686Z, 1, 47.70826, 107.096, 128.4687
2018-04-10T15:37:37.4895836Z, 1, 48.0365, 106.8704, 128.5601
2018-04-10T15:37:37.5062850Z, 1, 48.0365, 106.8704, 128.5601
2018-04-10T15:37:37.5231561Z, 1, 48.48942, 106.6588, 128.7029
2018-04-10T15:37:37.5404490Z, 1, 48.66228, 106.5593, 128.78
2018-04-10T15:37:37.5554026Z, 1, 48.73103, 106.4931, 128.7469
2018-04-10T15:37:37.5726619Z, 1, 48.82075, 106.3272, 128.6802
2018-04-10T15:37:37.5898130Z, 1, 48.86842, 106.1537, 128.5494
2018-04-10T15:37:37.6053922Z, 1, 48.86708, 105.9968, 128.3102
2018-04-10T15:37:37.6221899Z, 1, 48.84892, 105.8204, 127.932
2018-04-10T15:37:37.6388079Z, 1, 48.83296, 105.7111, 127.6582
2018-04-10T15:37:37.6553813Z, 1, 48.65978, 105.4509, 127.0439
2018-04-10T15:37:37.6719672Z, 1, 48.38295, 105.1845, 126.3978
2018-04-10T15:37:37.6887025Z, 1, 47.95798, 104.9436, 125.7008
2018-04-10T15:37:37.7048700Z, 1, 47.36263, 104.8022, 125.0032
2018-04-10T15:37:37.7216958Z, 1, 46.68096, 104.8147, 124.447
2018-04-10T15:37:37.7382453Z, 1, 46.32124, 104.8643, 124.1975
2018-04-10T15:37:37.7549311Z, 1, 45.57341, 105.0067, 123.8397
2018-04-10T15:37:37.7714652Z, 1, 44.78173, 105.2803, 123.4898
2018-04-10T15:37:37.7879867Z, 1, 43.86156, 105.7064, 123.264
2018-04-10T15:37:37.8044730Z, 1, 42.70392, 106.1285, 122.9579
2018-04-10T15:37:37.8211192Z, 1, 41.3012, 106.5544, 122.591
2018-04-10T15:37:37.8374618Z, 1, 40.46583, 106.9135, 122.3465
2018-04-10T15:37:37.8538817Z, 1, 38.67194, 107.9494, 121.9588
2018-04-10T15:37:37.8709922Z, 1, 35.99907, 109.3967, 121.0262
2018-04-10T15:37:37.8871344Z, 1, 32.2188, 110.9793, 119.0588
2018-04-10T15:37:37.9038995Z, 1, 27.7925, 112.815, 117.2913
2018-04-10T15:37:37.9205284Z, 1, 22.36399, 114.7365, 114.0315
2018-04-10T15:37:37.9366467Z, 1, 19.32113, 115.8863, 112.2546
2018-04-10T15:37:37.9541817Z, 1, 12.75548, 118.0075, 108.3354
2018-04-10T15:37:37.9701130Z, 1, 5.915496, 120.6322, 104.0198
2018-04-10T15:37:37.9866403Z, 1, -1.478777, 123.4855, 98.8307
2018-04-10T15:37:38.0031644Z, 1, -9.369686, 126.6008, 93.22099
2018-04-10T15:37:38.0196897Z, 1, -17.60588, 130.4406, 88.21954
2018-04-10T15:37:38.0362599Z, 1, -21.76453, 132.1909, 85.23955
2018-04-10T15:37:38.0527155Z, 1, -30.33678, 135.9942, 78.71735
2018-04-10T15:37:38.0692829Z, 1, -38.55798, 140.3996, 71.68449
2018-04-10T15:37:38.0861596Z, 1, -46.26086, 143.1402, 63.84867
2018-04-10T15:37:38.1023636Z, 1, -53.48611, 145.0129, 55.28821
2018-04-10T15:37:38.1189879Z, 1, -59.87478, 146.8065, 46.93961
2018-04-10T15:37:38.1359748Z, 1, -62.93813, 147.8584, 43.00364
2018-04-10T15:37:38.1522433Z, 1, -68.75028, 149.9494, 35.57971
2018-04-10T15:37:38.1690267Z, 1, -74.27022, 151.9212, 28.85714
2018-04-10T15:37:38.2022022Z, 1, -84.31654, 155.5494, 17.40626
2018-04-10T15:37:38.2122273Z, 1, -84.31654, 155.5494, 17.40626
2018-04-10T15:37:38.2235388Z, 1, -88.39498, 156.7609, 12.79443
2018-04-10T15:37:38.2373788Z, 1, -92.38213, 158.1093, 8.497958
2018-04-10T15:37:38.2569238Z, 1, -95.92876, 159.0187, 4.927138
2018-04-10T15:37:38.2740513Z, 1, -99.03397, 159.6125, 1.921961
2018-04-10T15:37:38.2898559Z, 1, -100.421, 159.9031, 0.560743
2018-04-10T15:37:38.3069376Z, 1, -103.0092, 160.3309, -1.843168
2018-04-10T15:37:38.3234936Z, 1, -105.4322, 160.7614, -3.702249
2018-04-10T15:37:38.3365293Z, 1, -107.7258, 161.0528, -5.185149
2018-04-10T15:37:38.3565990Z, 1, -109.8389, 161.2442, -6.372873
2018-04-10T15:37:38.3730754Z, 1, -111.7396, 161.1605, -7.141325
2018-04-10T15:37:38.3898958Z, 1, -113.4391, 161.0485, -7.624587
2018-04-10T15:37:38.4062204Z, 1, -114.2579, 160.9493, -7.799728
2018-04-10T15:37:38.4231848Z, 1, -115.7482, 160.8031, -7.943314
2018-04-10T15:37:38.4359493Z, 1, -117.1892, 160.8834, -8.003478
2018-04-10T15:37:38.4559661Z, 1, -118.4187, 161.0022, -8.049759
2018-04-10T15:37:38.4728876Z, 1, -119.5593, 161.2305, -8.104856
2018-04-10T15:37:38.4892327Z, 1, -120.3998, 161.3802, -8.041704
2018-04-10T15:37:38.5055425Z, 1, -120.7559, 161.5432, -8.055547
2018-04-10T15:37:38.5188531Z, 1, -121.2941, 161.8107, -7.894361
2018-04-10T15:37:38.5385048Z, 1, -121.6271, 162.0032, -7.745899
2018-04-10T15:37:38.5552424Z, 1, -121.7988, 162.1519, -7.639229
2018-04-10T15:37:38.5717574Z, 1, -121.9466, 162.5185, -7.56245
2018-04-10T15:37:38.5886643Z, 1, -122.0762, 163.0394, -7.448454
2018-04-10T15:37:38.6134137Z, 1, -122.1041, 163.305, -7.441372
2018-04-10T15:37:38.6184615Z, 1, -122.1218, 163.8491, -7.356984
2018-04-10T15:37:38.6380153Z, 1, -122.1388, 164.3108, -7.215005
2018-04-10T15:37:38.6546089Z, 1, -122.1388, 164.3108, -7.215005
2018-04-10T15:37:38.6716848Z, 1, -121.8985, 164.7162, -6.954293
2018-04-10T15:37:38.6943278Z, 1, -121.6541, 164.7582, -6.799724
2018-04-10T15:37:38.7044431Z, 1, -121.469, 164.7041, -6.74633
2018-04-10T15:37:38.7184442Z, 1, -121.1544, 164.6139, -6.638135
2018-04-10T15:37:38.7374731Z, 1, -120.9009, 164.5106, -6.570883
2018-04-10T15:37:38.7540459Z, 1, -120.5217, 164.2385, -6.53314
2018-04-10T15:37:38.7705832Z, 1, -120.2252, 163.9649, -6.432115
2018-04-10T15:37:38.7876774Z, 1, -119.9226, 163.7469, -6.336473
2018-04-10T15:37:38.8035218Z, 1, -119.7736, 163.684, -6.271208
2018-04-10T15:37:38.8172895Z, 1, -119.4595, 163.5232, -6.079932
2018-04-10T15:37:38.8370266Z, 1, -119.116, 163.4436, -5.875092
2018-04-10T15:37:38.8532559Z, 1, -118.7607, 163.3004, -5.70221
2018-04-10T15:37:38.8702889Z, 1, -118.4433, 163.1965, -5.529427
2018-04-10T15:37:38.8871642Z, 1, -118.1486, 163.1415, -5.342512
2018-04-10T15:37:38.9029643Z, 1, -117.9857, 163.1397, -5.257775
2018-04-10T15:37:38.9168000Z, 1, -117.6315, 163.1032, -5.068217
2018-04-10T15:37:38.9360729Z, 1, -117.2299, 163.1335, -4.874079
2018-04-10T15:37:38.9529622Z, 1, -116.8623, 163.2043, -4.717751
2018-04-10T15:37:38.9695114Z, 1, -116.4908, 163.2656, -4.571449
2018-04-10T15:37:38.9865062Z, 1, -116.2884, 163.2883, -4.508861
2018-04-10T15:37:39.0023689Z, 1, -115.9882, 163.3629, -4.40133
2018-04-10T15:37:39.0161056Z, 1, -115.6746, 163.4347, -4.256299
2018-04-10T15:37:39.0361193Z, 1, -115.3309, 163.5173, -4.120385
2018-04-10T15:37:39.0523483Z, 1, -114.974, 163.5975, -4.03004
2018-04-10T15:37:39.0688739Z, 1, -114.6349, 163.7061, -3.962189
2018-04-10T15:37:39.0859006Z, 1, -114.322, 163.7859, -3.880746
2018-04-10T15:37:39.0989320Z, 1, -114.1663, 163.8121, -3.832416
2018-04-10T15:37:39.1184895Z, 1, -113.883, 163.8473, -3.712595
2018-04-10T15:37:39.1355163Z, 1, -113.6623, 163.853, -3.639462
2018-04-10T15:37:39.1517527Z, 1, -113.4675, 163.7436, -3.55407
2018-04-10T15:37:39.1683320Z, 1, -113.3422, 163.6414, -3.483618
2018-04-10T15:37:39.1848257Z, 1, -113.2309, 163.4047, -3.391255
2018-04-10T15:37:39.1983048Z, 1, -113.22, 163.3071, -3.287595
2018-04-10T15:37:39.2178202Z, 1, -113.2325, 163.0743, -3.043297
2018-04-10T15:37:39.2343005Z, 1, -113.2921, 162.7626, -2.802498
2018-04-10T15:37:39.2508402Z, 1, -113.4212, 162.437, -2.60369
2018-04-10T15:37:39.2679620Z, 1, -113.6601, 162.0322, -2.434408
2018-04-10T15:37:39.2845058Z, 1, -113.7927, 161.8468, -2.361578
2018-04-10T15:37:39.2975253Z, 1, -114.0848, 161.4088, -2.196323
2018-04-10T15:37:39.3173474Z, 1, -114.3831, 161.0512, -2.065578
2018-04-10T15:37:39.3339948Z, 1, -114.6284, 160.799, -1.965114
2018-04-10T15:37:39.3505201Z, 1, -114.8065, 160.5669, -1.887552
2018-04-10T15:37:39.3675224Z, 1, -114.9267, 160.354, -1.841149
2018-04-10T15:37:39.3850398Z, 1, -115.0401, 160.2146, -1.798217
2018-04-10T15:37:39.3970864Z, 1, -115.0605, 160.2157, -1.823743
2018-04-10T15:37:39.4166152Z, 1, -115.0956, 160.206, -1.77242
2018-04-10T15:37:39.4334467Z, 1, -115.1489, 160.2602, -1.758124
2018-04-10T15:37:39.4497872Z, 1, -115.2729, 160.5254, -1.775191
2018-04-10T15:37:39.4664901Z, 1, -115.232, 160.6592, -1.857947
2018-04-10T15:37:39.4831335Z, 1, -115.2099, 160.7511, -1.926689
2018-04-10T15:37:39.4964538Z, 1, -115.1726, 160.9218, -2.040568
2018-04-10T15:37:39.5159856Z, 1, -115.0958, 161.0714, -2.17714
2018-04-10T15:37:39.5324463Z, 1, -115.0279, 161.2183, -2.159922
2018-04-10T15:37:39.5495112Z, 1, -114.9784, 161.3841, -2.120355
2018-04-10T15:37:39.5665194Z, 1, -114.9515, 161.6088, -2.075473
2018-04-10T15:37:39.5789657Z, 1, -114.949, 161.7154, -2.026852
2018-04-10T15:37:39.5991812Z, 1, -114.9564, 161.9147, -1.939843
2018-04-10T15:37:39.6162885Z, 1, -114.9615, 162.0586, -1.830898
2018-04-10T15:37:39.6318122Z, 1, -114.945, 162.2106, -1.687292
2018-04-10T15:37:39.6488509Z, 1, -114.9645, 162.372, -1.535576
2018-04-10T15:37:39.6654727Z, 1, -114.9496, 162.4564, -1.465512
2018-04-10T15:37:39.6790218Z, 1, -114.9513, 162.5195, -1.422665
2018-04-10T15:37:39.7147659Z, 1, -114.9057, 162.6597, -1.274713
2018-04-10T15:37:39.7207859Z, 1, -114.8619, 162.6956, -1.229588
2018-04-10T15:37:39.7371968Z, 1, -114.7883, 162.7815, -1.175949
2018-04-10T15:37:39.7532567Z, 1, -114.7629, 162.821, -1.127444
2018-04-10T15:37:39.7701190Z, 1, -114.7048, 162.9006, -1.152839
2018-04-10T15:37:39.7866178Z, 1, -114.635, 162.9456, -1.204944
2018-04-10T15:37:39.8028322Z, 1, -114.5846, 162.9595, -1.240861
2018-04-10T15:37:39.8166378Z, 1, -114.5846, 162.9595, -1.240861
2018-04-10T15:37:39.8365172Z, 1, -114.5469, 163.1343, -1.369796
2018-04-10T15:37:39.8526024Z, 1, -114.528, 163.1398, -1.383094
2018-04-10T15:37:39.8695068Z, 1, -114.4868, 163.1712, -1.39172
2018-04-10T15:37:39.8860844Z, 1, -114.4716, 163.2609, -1.380148
2018-04-10T15:37:39.8990979Z, 1, -114.4285, 163.3071, -1.410215
2018-04-10T15:37:39.9191782Z, 1, -114.4055, 163.3784, -1.338448
2018-04-10T15:37:39.9361922Z, 1, -114.3962, 163.4251, -1.275293
2018-04-10T15:37:39.9520264Z, 1, -114.4117, 163.4505, -1.249043
2018-04-10T15:37:39.9685727Z, 1, -114.4314, 163.5358, -1.19292
2018-04-10T15:37:39.9854313Z, 1, -114.4093, 163.568, -1.133004
2018-04-10T15:37:39.9989684Z, 1, -114.3942, 163.5745, -1.09862
2018-04-10T15:37:40.0189796Z, 1, -114.4293, 163.6329, -0.990992
2018-04-10T15:37:40.0352248Z, 1, -114.4962, 163.5964, -0.9152119
2018-04-10T15:37:40.0515528Z, 1, -114.5457, 163.5844, -0.8710834
2018-04-10T15:37:40.0678880Z, 1, -114.6272, 163.5322, -0.8041815
2018-04-10T15:37:40.0845613Z, 1, -114.7105, 163.5163, -0.7238111
2018-04-10T15:37:40.0980460Z, 1, -114.7105, 163.5163, -0.7238111
2018-04-10T15:37:40.1183876Z, 1, -114.784, 163.4542, -0.6432453
2018-04-10T15:37:40.1354013Z, 1, -114.7673, 163.3587, -0.5771457
2018-04-10T15:37:40.1513129Z, 1, -114.8304, 163.4006, -0.5780263
2018-04-10T15:37:40.1673367Z, 1, -114.8796, 163.4167, -0.5335485
2018-04-10T15:37:40.1838620Z, 1, -114.8904, 163.4102, -0.4903579
2018-04-10T15:37:40.2008879Z, 1, -114.9435, 163.602, -0.5069857
2018-04-10T15:37:40.2174140Z, 1, -114.895, 163.6588, -0.5684041
2018-04-10T15:37:40.2338579Z, 1, -114.8356, 163.6784, -0.6667848
2018-04-10T15:37:40.2504310Z, 1, -114.7939, 163.6456, -0.7104523
2018-04-10T15:37:40.2668936Z, 1, -114.796, 163.7202, -0.7223089
2018-04-10T15:37:40.2833978Z, 1, -114.7622, 163.698, -0.7171877
2018-04-10T15:37:40.2970027Z, 1, -114.7498, 163.6504, -0.6985453
2018-04-10T15:37:40.3172592Z, 1, -114.7776, 163.4623, -0.5916168
2018-04-10T15:37:40.3335335Z, 1, -114.7979, 163.338, -0.5115659
2018-04-10T15:37:40.3500681Z, 1, -114.8307, 163.3208, -0.5176684
2018-04-10T15:37:40.3664477Z, 1, -114.8575, 163.2166, -0.460003
2018-04-10T15:37:40.3825594Z, 1, -114.8755, 163.1121, -0.4389088
2018-04-10T15:37:40.3965716Z, 1, -114.891, 163.1154, -0.4225848
2018-04-10T15:37:40.4164999Z, 1, -114.883, 163.0147, -0.3857309
2018-04-10T15:37:40.4332910Z, 1, -114.7582, 162.8568, -0.3983405
2018-04-10T15:37:40.4491648Z, 1, -114.7582, 162.8568, -0.3983405
2018-04-10T15:37:40.4701692Z, 1, -114.525, 162.901, -0.5380422
2018-04-10T15:37:40.4829331Z, 1, -114.4509, 162.9513, -0.6008621
2018-04-10T15:37:40.4964489Z, 1, -114.3664, 162.9951, -0.6672483
2018-04-10T15:37:40.5156287Z, 1, -113.9894, 163.0782, -0.8685573
2018-04-10T15:37:40.5326834Z, 1, -113.759, 163.149, -0.9966431
2018-04-10T15:37:40.5486252Z, 1, -113.6522, 163.1771, -1.053838
2018-04-10T15:37:40.5653395Z, 1, -113.4612, 163.2059, -1.144309
2018-04-10T15:37:40.5787801Z, 1, -113.385, 163.2242, -1.164359
2018-04-10T15:37:40.5984572Z, 1, -113.1483, 163.3296, -1.240745
2018-04-10T15:37:40.6150334Z, 1, -113.005, 163.3523, -1.286585
2018-04-10T15:37:40.6320345Z, 1, -112.8859, 163.3933, -1.326028
2018-04-10T15:37:40.6487405Z, 1, -112.8592, 163.4207, -1.378254
2018-04-10T15:37:40.6646374Z, 1, -112.7711, 163.3905, -1.496894
2018-04-10T15:37:40.6779579Z, 1, -112.7306, 163.3545, -1.575924
2018-04-10T15:37:40.6978544Z, 1, -112.6628, 163.3082, -1.610494
2018-04-10T15:37:40.7144391Z, 1, -112.623, 163.2442, -1.706178
2018-04-10T15:37:40.7309798Z, 1, -112.6468, 163.1065, -1.766267
2018-04-10T15:37:40.7481115Z, 1, -112.6818, 163.0803, -1.759457
2018-04-10T15:37:40.7637067Z, 1, -112.759, 162.9921, -1.678094
2018-04-10T15:37:40.7770916Z, 1, -112.8403, 162.9076, -1.648167
2018-04-10T15:37:40.7973882Z, 1, -112.9367, 162.883, -1.592822
2018-04-10T15:37:40.8188947Z, 1, -113.044, 162.9622, -1.471248
2018-04-10T15:37:40.8305765Z, 1, -113.0641, 162.9492, -1.461903
2018-04-10T15:37:40.8472435Z, 1, -113.0159, 162.7999, -1.468251
2018-04-10T15:37:40.8633550Z, 1, -113.0685, 162.8473, -1.496886
2018-04-10T15:37:40.8767814Z, 1, -113.0567, 162.9356, -1.566876
2018-04-10T15:37:40.8961997Z, 1, -113.0344, 163.0564, -1.663087
2018-04-10T15:37:40.9133184Z, 1, -112.9898, 163.2249, -1.770523
2018-04-10T15:37:40.9296490Z, 1, -112.9024, 163.3823, -1.880115
2018-04-10T15:37:40.9461635Z, 1, -112.8334, 163.4261, -1.954711
2018-04-10T15:37:40.9623978Z, 1, -112.8334, 163.4261, -1.954711
2018-04-10T15:37:40.9767336Z, 1, -112.6701, 163.5439, -2.10958
2018-04-10T15:37:40.9961499Z, 1, -112.3577, 163.6868, -2.028854
2018-04-10T15:37:41.0153258Z, 1, -111.8694, 163.7373, -1.898371
2018-04-10T15:37:41.0303495Z, 1, -111.1181, 163.7553, -1.673941
2018-04-10T15:37:41.0484102Z, 1, -109.9403, 163.6054, -1.298953
2018-04-10T15:37:41.0638952Z, 1, -109.1388, 163.3991, -1.024774
2018-04-10T15:37:41.0760398Z, 1, -108.154, 163.0871, -0.6394472
2018-04-10T15:37:41.0949774Z, 1, -105.4969, 162.1015, 0.3811256
2018-04-10T15:37:41.1143627Z, 1, -100.2632, 159.9316, 2.549869
2018-04-10T15:37:41.1308743Z, 1, -95.78967, 158.0968, 4.615502
2018-04-10T15:37:41.1458567Z, 1, -93.41309, 157.1688, 5.704333
2018-04-10T15:37:41.1583374Z, 1, -88.48335, 155.3435, 8.171379
2018-04-10T15:37:41.1829142Z, 1, -83.27096, 153.4, 11.0351
2018-04-10T15:37:41.1969315Z, 1, -77.97743, 151.4097, 14.13111
2018-04-10T15:37:41.2128500Z, 1, -72.53005, 149.2343, 17.41321
2018-04-10T15:37:41.2284110Z, 1, -66.82127, 147.0782, 20.2355
2018-04-10T15:37:41.2454199Z, 1, -63.96429, 146.009, 21.76437
2018-04-10T15:37:41.2579540Z, 1, -58.25461, 143.9783, 24.88651
2018-04-10T15:37:41.2784835Z, 1, -52.83182, 141.9803, 28.37357
2018-04-10T15:37:41.3040223Z, 1, -45.10952, 138.7282, 35.27735
2018-04-10T15:37:41.3085180Z, 1, -45.10952, 138.7282, 35.27735
2018-04-10T15:37:41.3250962Z, 1, -40.1503, 137.0278, 39.51486
2018-04-10T15:37:41.3434239Z, 1, -34.99923, 135.3951, 43.51153
2018-04-10T15:37:41.3576009Z, 1, -29.95226, 133.8327, 47.6468
2018-04-10T15:37:41.3744438Z, 1, -24.78638, 132.2019, 51.69005
2018-04-10T15:37:41.3910462Z, 1, -22.29795, 131.4059, 53.62717
2018-04-10T15:37:41.4075581Z, 1, -17.49108, 130.1769, 57.82256
2018-04-10T15:37:41.4244027Z, 1, -12.77355, 129.2272, 62.34443
2018-04-10T15:37:41.4407330Z, 1, -8.232244, 128.1153, 66.91309
2018-04-10T15:37:41.4570226Z, 1, -4.037522, 127.2786, 70.78645
2018-04-10T15:37:41.4741222Z, 1, -0.2077642, 126.8249, 74.3997
2018-04-10T15:37:41.4907348Z, 1, 3.221242, 126.3516, 77.75546
2018-04-10T15:37:41.5072928Z, 1, 4.707722, 126.333, 79.57187
2018-04-10T15:37:41.5238577Z, 1, 7.438033, 126.3471, 82.69389
2018-04-10T15:37:41.5405241Z, 1, 9.859582, 126.0656, 85.10722
2018-04-10T15:37:41.5570670Z, 1, 11.96449, 125.6135, 86.92577
2018-04-10T15:37:41.5733970Z, 1, 13.71896, 125.1588, 88.66568
2018-04-10T15:37:41.5901628Z, 1, 15.15003, 124.7771, 90.07867
2018-04-10T15:37:41.6066895Z, 1, 15.6872, 124.6234, 90.73887
2018-04-10T15:37:41.6230460Z, 1, 16.68174, 124.3121, 91.76071
2018-04-10T15:37:41.6395553Z, 1, 17.46097, 124.0597, 92.52039
2018-04-10T15:37:41.6558327Z, 1, 18.03864, 123.8286, 93.01569
2018-04-10T15:37:41.6727786Z, 1, 18.53284, 123.6952, 93.30505
2018-04-10T15:37:41.6893153Z, 1, 18.89818, 123.6372, 93.39314
2018-04-10T15:37:41.7056655Z, 1, 19.03585, 123.6708, 93.37269
2018-04-10T15:37:41.7223632Z, 1, 19.17404, 123.6896, 93.21371
2018-04-10T15:37:41.7387237Z, 1, 19.20095, 123.7506, 93.06803
2018-04-10T15:37:41.7554889Z, 1, 19.02872, 123.9604, 92.84243
2018-04-10T15:37:41.7719265Z, 1, 18.60853, 124.2901, 92.56783
2018-04-10T15:37:41.7976572Z, 1, 18.04697, 124.7688, 92.26486
2018-04-10T15:37:41.8056134Z, 1, 17.71395, 125.02, 92.13884
2018-04-10T15:37:41.8222454Z, 1, 17.04306, 125.5212, 91.89307
2018-04-10T15:37:41.8382308Z, 1, 16.37218, 126.0865, 91.65621
2018-04-10T15:37:41.8547985Z, 1, 15.7204, 126.7136, 91.49075
2018-04-10T15:37:41.8714111Z, 1, 15.10182, 127.3793, 91.42535
2018-04-10T15:37:41.8883610Z, 1, 14.50552, 127.9743, 91.24053
2018-04-10T15:37:41.9045177Z, 1, 14.21723, 128.2701, 91.14145
2018-04-10T15:37:41.9212069Z, 1, 13.67837, 128.7847, 90.97901
2018-04-10T15:37:41.9377436Z, 1, 13.18701, 129.2735, 90.89906
2018-04-10T15:37:41.9543243Z, 1, 12.67083, 129.6269, 90.84922
2018-04-10T15:37:41.9707639Z, 1, 12.17637, 130.0027, 90.88972
2018-04-10T15:37:41.9875710Z, 1, 11.75254, 130.2657, 90.97765
2018-04-10T15:37:42.0043934Z, 1, 11.57357, 130.3781, 91.01553
2018-04-10T15:37:42.0208350Z, 1, 11.22611, 130.5251, 91.07673
2018-04-10T15:37:42.0369199Z, 1, 10.93499, 130.5409, 91.11015
2018-04-10T15:37:42.0539575Z, 1, 10.65769, 130.4431, 91.10461
2018-04-10T15:37:42.0702326Z, 1, 10.41034, 130.2521, 91.16565
2018-04-10T15:37:42.0868265Z, 1, 10.24486, 129.9396, 91.19388
2018-04-10T15:37:42.1033779Z, 1, 10.17123, 129.7921, 91.21871
2018-04-10T15:37:42.1198895Z, 1, 10.17123, 129.7921, 91.21871
2018-04-10T15:37:42.1364162Z, 1, 9.999539, 129.32, 91.28235
2018-04-10T15:37:42.1530582Z, 1, 9.969025, 128.974, 91.22929
2018-04-10T15:37:42.1695982Z, 1, 9.943667, 128.6979, 91.21146
2018-04-10T15:37:42.1861975Z, 1, 9.940146, 128.472, 91.19339
2018-04-10T15:37:42.2031884Z, 1, 9.92667, 128.3512, 91.18603
2018-04-10T15:37:42.2201625Z, 1, 9.940621, 128.2339, 91.18424
2018-04-10T15:37:42.2360562Z, 1, 9.997544, 128.1732, 91.22632
2018-04-10T15:37:42.2524110Z, 1, 10.03694, 128.143, 91.27079
2018-04-10T15:37:42.2690242Z, 1, 10.0584, 128.1515, 91.32859
2018-04-10T15:37:42.2855959Z, 1, 10.07071, 128.1445, 91.3465
2018-04-10T15:37:42.3027120Z, 1, 10.05899, 128.2016, 91.39617
2018-04-10T15:37:42.3187477Z, 1, 9.999704, 128.2489, 91.41513
2018-04-10T15:37:42.3352622Z, 1, 9.923884, 128.3318, 91.48217
2018-04-10T15:37:42.3517874Z, 1, 9.865884, 128.4232, 91.51048
2018-04-10T15:37:42.3683127Z, 1, 9.787172, 128.5028, 91.59167
2018-04-10T15:37:42.3853386Z, 1, 9.704284, 128.6113, 91.66988
2018-04-10T15:37:42.4018593Z, 1, 9.666981, 128.6419, 91.73949
2018-04-10T15:37:42.4181023Z, 1, 9.569448, 128.6895, 91.74525
2018-04-10T15:37:42.4345066Z, 1, 9.511382, 128.7656, 91.78691
2018-04-10T15:37:42.4514144Z, 1, 9.407876, 128.8207, 91.77666
2018-04-10T15:37:42.4679410Z, 1, 9.318505, 128.8719, 91.77226
2018-04-10T15:37:42.4844942Z, 1, 9.232368, 128.8904, 91.74242
2018-04-10T15:37:42.5012990Z, 1, 9.178055, 128.8827, 91.71052
2018-04-10T15:37:42.5175066Z, 1, 9.089622, 128.8365, 91.59986
2018-04-10T15:37:42.5339949Z, 1, 8.958797, 128.8103, 91.52583
2018-04-10T15:37:42.5509519Z, 1, 8.813643, 128.778, 91.47058
2018-04-10T15:37:42.5671171Z, 1, 8.679037, 128.753, 91.41148
2018-04-10T15:37:42.5838257Z, 1, 8.526001, 128.6906, 91.33297
2018-04-10T15:37:42.6004619Z, 1, 8.445958, 128.6949, 91.29652
2018-04-10T15:37:42.6171176Z, 1, 8.268429, 128.7341, 91.26778
2018-04-10T15:37:42.6334994Z, 1, 8.042609, 128.7561, 91.22706
2018-04-10T15:37:42.6501348Z, 1, 7.797688, 128.7257, 91.15826
2018-04-10T15:37:42.6668340Z, 1, 7.543562, 128.6451, 91.04636
2018-04-10T15:37:42.6833100Z, 1, 7.297959, 128.5738, 90.93988
2018-04-10T15:37:42.6997502Z, 1, 7.196179, 128.5549, 90.87864
2018-04-10T15:37:42.7162863Z, 1, 6.954914, 128.5315, 90.75625
2018-04-10T15:37:42.7328300Z, 1, 6.794812, 128.4787, 90.64381
2018-04-10T15:37:42.7496894Z, 1, 6.639517, 128.4656, 90.53413
2018-04-10T15:37:42.7660527Z, 1, 6.48632, 128.4464, 90.44363
2018-04-10T15:37:42.7825817Z, 1, 6.332764, 128.4155, 90.34389
2018-04-10T15:37:42.7991719Z, 1, 6.269519, 128.4138, 90.29464
2018-04-10T15:37:42.8159080Z, 1, 6.110185, 128.3989, 90.20592
2018-04-10T15:37:42.8326419Z, 1, 5.946125, 128.4219, 90.12061
2018-04-10T15:37:42.8491604Z, 1, 5.742451, 128.4231, 90.02501
2018-04-10T15:37:42.8653634Z, 1, 5.477183, 128.4639, 89.92824
2018-04-10T15:37:42.8827030Z, 1, 5.200228, 128.4984, 89.75977
2018-04-10T15:37:42.8983440Z, 1, 5.06547, 128.497, 89.67057
2018-04-10T15:37:42.9154274Z, 1, 4.770988, 128.5207, 89.45224
2018-04-10T15:37:42.9318667Z, 1, 4.443615, 128.603, 89.21243
2018-04-10T15:37:42.9481201Z, 1, 4.053781, 128.699, 88.94695
2018-04-10T15:37:42.9651469Z, 1, 3.558106, 128.6452, 88.4696
2018-04-10T15:37:42.9814835Z, 1, 3.269736, 128.5725, 88.18066
2018-04-10T15:37:42.9976649Z, 1, 2.674842, 128.4821, 87.59334
2018-04-10T15:37:43.0149695Z, 1, 2.050544, 128.4473, 87.02534
2018-04-10T15:37:43.0311557Z, 1, 1.365775, 128.3683, 86.40198
2018-04-10T15:37:43.0477075Z, 1, 0.5829567, 128.3202, 85.78649
2018-04-10T15:37:43.0643050Z, 1, -0.2082679, 128.2053, 85.12753
2018-04-10T15:37:43.0811337Z, 1, -1.103008, 128.1384, 84.44955
2018-04-10T15:37:43.0975676Z, 1, -1.454729, 128.0487, 84.05812
2018-04-10T15:37:43.1138114Z, 1, -2.485404, 127.9274, 82.94894
2018-04-10T15:37:43.1303469Z, 1, -3.524044, 128.0819, 81.79403
2018-04-10T15:37:43.1468921Z, 1, -4.458463, 128.3202, 80.96646
2018-04-10T15:37:43.1638676Z, 1, -5.365332, 128.5383, 80.40611
2018-04-10T15:37:43.1803425Z, 1, -5.79739, 128.7301, 80.23543
2018-04-10T15:37:43.1965968Z, 1, -6.639608, 129.1523, 80.05799
2018-04-10T15:37:43.2135018Z, 1, -7.34379, 129.6277, 79.98155
2018-04-10T15:37:43.2298551Z, 1, -7.959135, 130.1538, 80.06056
2018-04-10T15:37:43.2463132Z, 1, -8.513482, 130.6699, 80.15913
2018-04-10T15:37:43.2628391Z, 1, -8.513482, 130.6699, 80.15913
2018-04-10T15:37:43.2798869Z, 1, -9.326509, 131.3748, 80.12442
2018-04-10T15:37:43.2959323Z, 1, -9.669909, 131.6346, 80.11246
2018-04-10T15:37:43.3128833Z, 1, -10.16882, 132.0332, 79.87157
2018-04-10T15:37:43.3296272Z, 1, -10.7098, 132.4471, 79.55396
2018-04-10T15:37:43.3462851Z, 1, -11.33687, 132.8172, 78.9566
2018-04-10T15:37:43.3622625Z, 1, -12.0736, 133.1957, 78.26646
2018-04-10T15:37:43.3792924Z, 1, -12.48068, 133.4516, 77.85614
2018-04-10T15:37:43.3956944Z, 1, -13.36509, 133.9312, 77.05612
2018-04-10T15:37:43.4122197Z, 1, -14.32137, 134.4843, 76.31222
2018-04-10T15:37:43.4307486Z, 1, -15.11565, 135.0989, 75.73035
2018-04-10T15:37:43.4452708Z, 1, -15.53374, 135.499, 75.57277
2018-04-10T15:37:43.4623058Z, 1, -16.71739, 136.4827, 75.09036
2018-04-10T15:37:43.4796866Z, 1, -17.1413, 136.714, 74.82795
2018-04-10T15:37:43.4952052Z, 1, -18.01416, 137.2101, 74.28452
2018-04-10T15:37:43.5116311Z, 1, -18.96358, 137.763, 73.62533
2018-04-10T15:37:43.5297047Z, 1, -20.01044, 138.4603, 72.7
2018-04-10T15:37:43.5447098Z, 1, -21.13374, 139.1708, 71.15254
2018-04-10T15:37:43.5610396Z, 1, -22.51029, 140.0978, 69.13889
2018-04-10T15:37:43.5778899Z, 1, -23.30946, 140.6309, 67.98389
2018-04-10T15:37:43.5949158Z, 1, -25.07009, 141.6795, 65.38281
2018-04-10T15:37:43.6110096Z, 1, -27.23594, 143.1185, 62.27547
2018-04-10T15:37:43.6285631Z, 1, -29.5027, 144.5367, 59.09098
2018-04-10T15:37:43.6443700Z, 1, -32.16834, 145.9908, 55.55052
2018-04-10T15:37:43.6609722Z, 1, -33.62415, 146.7696, 53.49121
2018-04-10T15:37:43.6795432Z, 1, -36.82331, 148.3796, 49.78323
2018-04-10T15:37:43.6941166Z, 1, -40.19459, 150.2343, 45.68598
2018-04-10T15:37:43.7114228Z, 1, -43.68253, 151.9636, 41.34553
2018-04-10T15:37:43.7279057Z, 1, -47.24578, 153.6221, 36.77182
2018-04-10T15:37:43.7443248Z, 1, -50.87492, 155.7411, 32.40853
2018-04-10T15:37:43.7603591Z, 1, -54.63717, 157.4359, 27.24087
2018-04-10T15:37:43.7764754Z, 1, -56.54485, 158.1609, 24.74896
2018-04-10T15:37:43.8086997Z, 1, -64.09077, 160.8376, 16.97461
2018-04-10T15:37:43.8162222Z, 1, -66.03771, 161.6146, 14.88364
2018-04-10T15:37:43.8330014Z, 1, -69.83575, 163.0833, 11.42276
2018-04-10T15:37:43.8494043Z, 1, -73.49821, 165.0969, 7.7345
2018-04-10T15:37:43.8654787Z, 1, -75.23222, 166.0258, 5.887297
2018-04-10T15:37:43.8791787Z, 1, -78.55889, 167.4089, 2.623951
2018-04-10T15:37:43.8987242Z, 1, -81.57768, 168.3329, 0.06946961
2018-04-10T15:37:43.9152486Z, 1, -84.6022, 169.3197, -2.107779
2018-04-10T15:37:43.9325173Z, 1, -87.58099, 170.6935, -4.185841
2018-04-10T15:37:43.9500435Z, 1, -90.38033, 172.0799, -5.931024
2018-04-10T15:37:43.9648452Z, 1, -91.64912, 172.553, -6.624216
2018-04-10T15:37:43.9788047Z, 1, -94.05181, 173.4946, -7.923774
2018-04-10T15:37:43.9980901Z, 1, -96.15522, 174.1528, -8.913239
2018-04-10T15:37:44.0150107Z, 1, -98.10135, 174.77, -9.735233
2018-04-10T15:37:44.0320958Z, 1, -99.7718, 175.2061, -10.20453
2018-04-10T15:37:44.0482852Z, 1, -101.2586, 175.6359, -10.61692
2018-04-10T15:37:44.0643916Z, 1, -101.9221, 175.907, -10.78671
2018-04-10T15:37:44.0780332Z, 1, -103.0493, 176.1804, -11.10551
2018-04-10T15:37:44.0973337Z, 1, -103.989, 176.4227, -11.29549
2018-04-10T15:37:44.1140917Z, 1, -104.6856, 176.5904, -11.43783
2018-04-10T15:37:44.1316177Z, 1, -105.1881, 176.6106, -11.42511
2018-04-10T15:37:44.1475154Z, 1, -105.4075, 176.6109, -11.32196
2018-04-10T15:37:44.1650892Z, 1, -105.7177, 176.5737, -11.17787
2018-04-10T15:37:44.1776985Z, 1, -106.005, 176.5188, -10.89375
2018-04-10T15:37:44.1972583Z, 1, -106.2368, 176.484, -10.58235
2018-04-10T15:37:44.2137761Z, 1, -106.3523, 176.4713, -10.29449
2018-04-10T15:37:44.2308601Z, 1, -106.4308, 176.4181, -10.0539
2018-04-10T15:37:44.2493273Z, 1, -106.4958, 176.3725, -9.779394
2018-04-10T15:37:44.2638674Z, 1, -106.5287, 176.3439, -9.638457
2018-04-10T15:37:44.2778909Z, 1, -106.5036, 176.449, -9.370734
2018-04-10T15:37:44.3019609Z, 1, -106.3176, 176.5369, -8.91438
2018-04-10T15:37:44.3134887Z, 1, -106.2432, 176.6024, -8.758752
2018-04-10T15:37:44.3322652Z, 1, -106.1502, 176.7908, -8.465423
2018-04-10T15:37:44.3482051Z, 1, -106.0729, 176.9813, -8.193429
2018-04-10T15:37:44.3626638Z, 1, -106.0729, 176.9813, -8.193429
2018-04-10T15:37:44.3767531Z, 1, -105.9191, 177.2012, -7.798096
2018-04-10T15:37:44.3958060Z, 1, -105.8369, 177.3458, -7.577308
2018-04-10T15:37:44.4138769Z, 1, -105.7891, 177.4111, -7.49367
2018-04-10T15:37:44.4302571Z, 1, -105.5583, 177.4073, -7.301023
2018-04-10T15:37:44.4459299Z, 1, -105.4122, 177.2946, -7.146927
2018-04-10T15:37:44.4638344Z, 1, -105.1745, 177.1705, -7.060775
2018-04-10T15:37:44.4782282Z, 1, -105.0587, 177.1176, -7.007049
2018-04-10T15:37:44.4952445Z, 1, -104.8069, 176.9888, -6.964207
2018-04-10T15:37:44.5142871Z, 1, -104.5879, 176.8271, -6.918811
2018-04-10T15:37:44.5308115Z, 1, -104.3511, 176.6805, -6.941082
2018-04-10T15:37:44.5463227Z, 1, -104.2196, 176.5815, -6.941254
2018-04-10T15:37:44.5633606Z, 1, -103.8057, 176.2677, -6.935672
2018-04-10T15:37:44.5748753Z, 1, -103.6532, 176.1613, -6.946917
2018-04-10T15:37:44.5968989Z, 1, -103.3675, 175.8707, -7.010878
2018-04-10T15:37:44.6113551Z, 1, -103.1067, 175.6084, -7.06437
2018-04-10T15:37:44.6280209Z, 1, -102.903, 175.3651, -7.147559
2018-04-10T15:37:44.6448562Z, 1, -102.7268, 175.1907, -7.129136
2018-04-10T15:37:44.6576249Z, 1, -102.643, 175.1038, -7.125722
2018-04-10T15:37:44.6779750Z, 1, -102.5242, 174.9897, -7.102153
2018-04-10T15:37:44.6962794Z, 1, -102.4225, 174.9019, -7.049917
2018-04-10T15:37:44.7129398Z, 1, -102.3495, 174.8472, -7.050106
2018-04-10T15:37:44.7282820Z, 1, -102.336, 174.8436, -7.015554
2018-04-10T15:37:44.7439696Z, 1, -102.318, 174.7549, -6.994691
2018-04-10T15:37:44.7570523Z, 1, -102.3023, 174.6718, -6.975411
2018-04-10T15:37:44.7795045Z, 1, -102.3582, 174.6124, -6.915621
2018-04-10T15:37:44.7937834Z, 1, -102.4438, 174.5756, -6.843692
2018-04-10T15:37:44.8103072Z, 1, -102.5555, 174.5328, -6.740058
2018-04-10T15:37:44.8269344Z, 1, -102.6674, 174.512, -6.630814
2018-04-10T15:37:44.8449695Z, 1, -102.7551, 174.4746, -6.509769
2018-04-10T15:37:44.8565346Z, 1, -102.8093, 174.4402, -6.441157
2018-04-10T15:37:44.8764478Z, 1, -102.8918, 174.4251, -6.311282
2018-04-10T15:37:44.8945080Z, 1, -102.9854, 174.3963, -6.207853
2018-04-10T15:37:44.9119087Z, 1, -103.0761, 174.3129, -6.120048
2018-04-10T15:37:44.9288296Z, 1, -103.1957, 174.243, -6.039504
2018-04-10T15:37:44.9393769Z, 1, -103.2537, 174.2043, -6.028959
2018-04-10T15:37:44.9600549Z, 1, -103.3968, 174.1194, -5.977468
2018-04-10T15:37:44.9755659Z, 1, -103.532, 174.0319, -5.911638
2018-04-10T15:37:44.9925938Z, 1, -103.6598, 174.006, -5.846704
2018-04-10T15:37:45.0091981Z, 1, -103.7888, 173.9981, -5.773835
2018-04-10T15:37:45.0257342Z, 1, -103.9336, 174.0142, -5.667995
2018-04-10T15:37:45.0387517Z, 1, -104.0061, 174.015, -5.589859
2018-04-10T15:37:45.0582377Z, 1, -104.1611, 173.9843, -5.49428
2018-04-10T15:37:45.0768096Z, 1, -104.3438, 173.9571, -5.397429
2018-04-10T15:37:45.0960060Z, 1, -104.5021, 173.9316, -5.334428
2018-04-10T15:37:45.1080395Z, 1, -104.5833, 173.9475, -5.301769
2018-04-10T15:37:45.1253850Z, 1, -104.8272, 173.9666, -5.171102
2018-04-10T15:37:45.1378879Z, 1, -104.9227, 173.9592, -5.125587
2018-04-10T15:37:45.1579270Z, 1, -105.0681, 173.9174, -5.011626
2018-04-10T15:37:45.1742445Z, 1, -105.1753, 173.9074, -4.932316
2018-04-10T15:37:45.1914719Z, 1, -105.2539, 173.8906, -4.983884
2018-04-10T15:37:45.2075671Z, 1, -105.3287, 173.8926, -4.951216
2018-04-10T15:37:45.2242253Z, 1, -105.4236, 173.9117, -4.876377
2018-04-10T15:37:45.2376435Z, 1, -105.4367, 173.9289, -4.86196
2018-04-10T15:37:45.2577628Z, 1, -105.4657, 173.9159, -4.824179
2018-04-10T15:37:45.2737501Z, 1, -105.529, 173.9423, -4.787882
2018-04-10T15:37:45.3197797Z, 1, -105.6914, 173.9162, -4.643394
2018-04-10T15:37:45.3317982Z, 1, -105.7227, 173.9581, -4.553085
2018-04-10T15:37:45.3613441Z, 1, -105.6114, 173.8508, -4.461255
2018-04-10T15:37:45.3803059Z, 1, -105.5051, 173.9052, -4.442863
2018-04-10T15:37:45.3950056Z, 1, -105.3842, 173.9431, -4.433684
2018-04-10T15:37:45.4145261Z, 1, -105.2999, 174.0347, -4.444358
2018-04-10T15:37:45.4275464Z, 1, -105.2581, 174.0991, -4.458202
2018-04-10T15:37:45.4470769Z, 1, -105.1601, 174.1999, -4.489926
2018-04-10T15:37:45.4581081Z, 1, -105.0511, 174.2758, -4.529265
2018-04-10T15:37:45.4791581Z, 1, -104.929, 174.3103, -4.559661
2018-04-10T15:37:45.4971901Z, 1, -104.857, 174.3487, -4.585365
2018-04-10T15:37:45.5197263Z, 1, -104.7735, 174.3165, -4.589203
2018-04-10T15:37:45.5342476Z, 1, -104.6623, 174.1181, -4.531189
2018-04-10T15:37:45.5507726Z, 1, -104.5936, 173.937, -4.459144
2018-04-10T15:37:45.5668097Z, 1, -104.5936, 173.937, -4.459144
2018-04-10T15:37:45.5838365Z, 1, -104.5304, 173.811, -4.417415
2018-04-10T15:37:45.5968559Z, 1, -104.5443, 173.7931, -4.369533
2018-04-10T15:37:45.6163861Z, 1, -104.6421, 173.7532, -4.291745
2018-04-10T15:37:45.6339135Z, 1, -104.6768, 173.7162, -4.229008
2018-04-10T15:37:45.6504385Z, 1, -104.6794, 173.6293, -4.194394
2018-04-10T15:37:45.6724726Z, 1, -104.6952, 173.5568, -4.180408
2018-04-10T15:37:45.6889979Z, 1, -104.6122, 173.4301, -4.12127
2018-04-10T15:37:45.7060241Z, 1, -104.6212, 173.3949, -4.102602
2018-04-10T15:37:45.7192305Z, 1, -104.6387, 173.3943, -4.093192
2018-04-10T15:37:45.7390166Z, 1, -104.581, 173.276, -3.990597
2018-04-10T15:37:45.7560419Z, 1, -104.5038, 173.2865, -3.926748
2018-04-10T15:37:45.7720682Z, 1, -104.4895, 173.3115, -3.881301
2018-04-10T15:37:45.7890660Z, 1, -104.4187, 173.3238, -3.747468
2018-04-10T15:37:45.8050639Z, 1, -104.3074, 173.3944, -3.643052
2018-04-10T15:37:45.8186514Z, 1, -104.2344, 173.389, -3.6138
2018-04-10T15:37:45.8387007Z, 1, -104.0274, 173.3305, -3.546715
2018-04-10T15:37:45.8552581Z, 1, -103.9538, 173.2932, -3.533932
2018-04-10T15:37:45.8711245Z, 1, -103.7943, 173.1607, -3.562913
2018-04-10T15:37:45.8881461Z, 1, -103.6582, 173.0488, -3.569254
2018-04-10T15:37:45.9043515Z, 1, -103.492, 172.9088, -3.578057
2018-04-10T15:37:45.9183722Z, 1, -103.4247, 172.8485, -3.597893
2018-04-10T15:37:45.9381298Z, 1, -103.1811, 172.61, -3.703503
2018-04-10T15:37:45.9544373Z, 1, -103.0948, 172.4872, -3.800118
2018-04-10T15:37:45.9707850Z, 1, -102.9407, 172.189, -3.875243
2018-04-10T15:37:45.9876282Z, 1, -102.8202, 172.0029, -3.941845
2018-04-10T15:37:46.0039938Z, 1, -102.7091, 171.7837, -4.02037
2018-04-10T15:37:46.0175193Z, 1, -102.6502, 171.6921, -4.080563
2018-04-10T15:37:46.0374220Z, 1, -102.5514, 171.4007, -4.208596
2018-04-10T15:37:46.0544892Z, 1, -102.4678, 171.1943, -4.265735
2018-04-10T15:37:46.0700775Z, 1, -102.4438, 171.14, -4.26724
2018-04-10T15:37:46.0872150Z, 1, -102.3682, 170.9567, -4.241217
2018-04-10T15:37:46.1032302Z, 1, -102.3001, 170.8348, -4.216574
2018-04-10T15:37:46.1167918Z, 1, -102.3176, 170.8847, -4.25784
2018-04-10T15:37:46.1388246Z, 1, -102.2828, 170.9321, -4.411499
2018-04-10T15:37:46.1593836Z, 1, -102.2725, 171.0172, -4.517972
2018-04-10T15:37:46.1726168Z, 1, -102.2649, 171.1161, -4.574072
2018-04-10T15:37:46.1892312Z, 1, -102.238, 171.1268, -4.617109
2018-04-10T15:37:46.2052555Z, 1, -102.2417, 171.193, -4.658166
2018-04-10T15:37:46.2189207Z, 1, -102.1949, 171.1583, -4.710583
2018-04-10T15:37:46.2384890Z, 1, -102.2617, 171.1884, -4.661297
2018-04-10T15:37:46.2555093Z, 1, -102.3139, 171.1311, -4.597967
2018-04-10T15:37:46.2720505Z, 1, -102.373, 171.0926, -4.567146
2018-04-10T15:37:46.2886403Z, 1, -102.4017, 171.0862, -4.530885
2018-04-10T15:37:46.3071684Z, 1, -102.4576, 171.074, -4.463882
2018-04-10T15:37:46.3233211Z, 1, -102.462, 171.0036, -4.397871
2018-04-10T15:37:46.3368714Z, 1, -102.5309, 171.0575, -4.317547
2018-04-10T15:37:46.3566915Z, 1, -102.6026, 171.1422, -4.27194
2018-04-10T15:37:46.3730258Z, 1, -102.6875, 171.2579, -4.221895
2018-04-10T15:37:46.3901881Z, 1, -102.7621, 171.3928, -4.192588
2018-04-10T15:37:46.4060633Z, 1, -102.8067, 171.4563, -4.146204
2018-04-10T15:37:46.4232836Z, 1, -102.9007, 171.6224, -4.126256
2018-04-10T15:37:46.4361459Z, 1, -102.9079, 171.6324, -4.121789
2018-04-10T15:37:46.4559257Z, 1, -102.9235, 171.6133, -4.11721
2018-04-10T15:37:46.4729265Z, 1, -102.7897, 171.3499, -4.105686
2018-04-10T15:37:46.4896767Z, 1, -102.7447, 171.2219, -4.065555
2018-04-10T15:37:46.5060975Z, 1, -102.668, 171.0524, -4.087726
2018-04-10T15:37:46.5192006Z, 1, -102.649, 170.9182, -4.044489
2018-04-10T15:37:46.5392317Z, 1, -102.7853, 171.1341, -3.967963
2018-04-10T15:37:46.5552557Z, 1, -102.7999, 171.2197, -3.945627
2018-04-10T15:37:46.5717898Z, 1, -102.7165, 171.3297, -3.904069
2018-04-10T15:37:46.5887753Z, 1, -102.6546, 171.4629, -3.898175
2018-04-10T15:37:46.6052747Z, 1, -102.5982, 171.5171, -3.899887
2018-04-10T15:37:46.6187959Z, 1, -102.4931, 171.6874, -3.942916
2018-04-10T15:37:46.6381937Z, 1, -102.3874, 171.8559, -3.983553
2018-04-10T15:37:46.6548044Z, 1, -102.3021, 172.1013, -4.065682
2018-04-10T15:37:46.6718337Z, 1, -102.2372, 172.3165, -4.048355
2018-04-10T15:37:46.6888602Z, 1, -102.1577, 172.4718, -4.101108
2018-04-10T15:37:46.7048822Z, 1, -102.1241, 172.5238, -4.123394
2018-04-10T15:37:46.7179023Z, 1, -102.1241, 172.5238, -4.123394
2018-04-10T15:37:46.7380808Z, 1, -101.9996, 172.7385, -4.254081
2018-04-10T15:37:46.7541680Z, 1, -101.9308, 172.769, -4.270826
2018-04-10T15:37:46.7712187Z, 1, -101.8519, 172.7603, -4.344347
2018-04-10T15:37:46.7878726Z, 1, -101.7744, 172.7192, -4.396251
2018-04-10T15:37:46.8052207Z, 1, -101.7548, 172.7326, -4.428262
2018-04-10T15:37:46.8175670Z, 1, -101.6492, 172.6317, -4.508782
2018-04-10T15:37:46.8371405Z, 1, -101.6019, 172.6525, -4.52562
2018-04-10T15:37:46.8536563Z, 1, -101.6902, 172.8369, -4.499995
2018-04-10T15:37:46.8701235Z, 1, -101.6595, 172.7374, -4.484868
2018-04-10T15:37:46.8871594Z, 1, -101.6901, 172.6116, -4.42766
2018-04-10T15:37:46.9037063Z, 1, -101.7467, 172.4808, -4.331229
2018-04-10T15:37:46.9167821Z, 1, -101.7783, 172.3968, -4.295038
2018-04-10T15:37:46.9363652Z, 1, -101.8823, 172.2617, -4.202289
2018-04-10T15:37:46.9542424Z, 1, -101.9857, 172.1462, -4.119227
2018-04-10T15:37:46.9710762Z, 1, -102.1044, 172.1074, -4.031702
2018-04-10T15:37:46.9880855Z, 1, -102.1667, 172.0242, -3.9778
2018-04-10T15:37:47.0049757Z, 1, -102.193, 171.9517, -4.019661
2018-04-10T15:37:47.0174046Z, 1, -102.2546, 171.9206, -3.997958
2018-04-10T15:37:47.0370839Z, 1, -102.3033, 171.848, -3.957178
2018-04-10T15:37:47.0541101Z, 1, -102.3135, 171.7814, -3.969548
2018-04-10T15:37:47.0709618Z, 1, -102.3235, 171.6733, -3.994734
2018-04-10T15:37:47.0870689Z, 1, -102.3781, 171.6595, -3.97365
2018-04-10T15:37:47.1089039Z, 1, -102.4605, 171.6844, -3.986864
2018-04-10T15:37:47.1172005Z, 1, -102.4954, 171.695, -3.978635
2018-04-10T15:37:47.1367298Z, 1, -102.5664, 171.722, -3.92557
2018-04-10T15:37:47.1532614Z, 1, -102.6258, 171.7714, -3.891528
2018-04-10T15:37:47.1696267Z, 1, -102.6909, 171.9054, -3.877731
2018-04-10T15:37:47.1867457Z, 1, -102.7455, 172.0796, -3.926728
2018-04-10T15:37:47.2033210Z, 1, -102.8366, 172.2977, -3.879238
2018-04-10T15:37:47.2163803Z, 1, -102.8592, 172.3642, -3.872303
2018-04-10T15:37:47.2360616Z, 1, -102.86, 172.4557, -3.887908
2018-04-10T15:37:47.2525926Z, 1, -102.743, 172.388, -3.963396
2018-04-10T15:37:47.2691295Z, 1, -102.6713, 172.3188, -3.986225
2018-04-10T15:37:47.2861437Z, 1, -102.6768, 172.334, -3.969266
2018-04-10T15:37:47.2991831Z, 1, -102.6947, 172.3118, -3.965659
2018-04-10T15:37:47.3194106Z, 1, -102.689, 172.1969, -3.93492
2018-04-10T15:37:47.3354349Z, 1, -102.6877, 172.057, -3.871706
2018-04-10T15:37:47.3519605Z, 1, -102.742, 171.9424, -3.790062
2018-04-10T15:37:47.3725093Z, 1, -102.8005, 171.8968, -3.714829
2018-04-10T15:37:47.3850113Z, 1, -102.8158, 171.8474, -3.695786
2018-04-10T15:37:47.3985320Z, 1, -102.876, 171.8688, -3.656661
2018-04-10T15:37:47.4187640Z, 1, -102.9521, 171.8727, -3.591866
2018-04-10T15:37:47.4350169Z, 1, -102.9848, 171.8662, -3.548257
2018-04-10T15:37:47.4515416Z, 1, -103.0621, 171.9101, -3.502869
2018-04-10T15:37:47.4680671Z, 1, -103.128, 171.9433, -3.438857
2018-04-10T15:37:47.4862622Z, 1, -103.2017, 171.97, -3.384553
2018-04-10T15:37:47.4982832Z, 1, -103.2338, 172.0105, -3.358071
2018-04-10T15:37:47.5183064Z, 1, -103.2272, 172.0709, -3.278032
2018-04-10T15:37:47.5343165Z, 1, -103.2099, 172.1673, -3.309139
2018-04-10T15:37:47.5511403Z, 1, -103.1726, 172.244, -3.303403
2018-04-10T15:37:47.5676565Z, 1, -103.1444, 172.3316, -3.284228
2018-04-10T15:37:47.5841729Z, 1, -103.0775, 172.3793, -3.360728
2018-04-10T15:37:47.5977052Z, 1, -103.05, 172.4228, -3.390537
2018-04-10T15:37:47.6172553Z, 1, -103.0114, 172.4478, -3.436929
2018-04-10T15:37:47.6338441Z, 1, -102.9416, 172.5534, -3.529196
2018-04-10T15:37:47.6504160Z, 1, -102.879, 172.6195, -3.639631
2018-04-10T15:37:47.6670682Z, 1, -102.8017, 172.6458, -3.676817
2018-04-10T15:37:47.6836384Z, 1, -102.7432, 172.6477, -3.662574
2018-04-10T15:37:47.6967407Z, 1, -102.727, 172.6582, -3.630588
2018-04-10T15:37:47.7168640Z, 1, -102.7099, 172.7289, -3.640698
2018-04-10T15:37:47.7338327Z, 1, -102.6663, 172.8067, -3.666446
2018-04-10T15:37:47.7523955Z, 1, -102.6725, 172.8759, -3.65712
2018-04-10T15:37:47.7689208Z, 1, -102.6624, 172.9182, -3.654148
2018-04-10T15:37:47.7854463Z, 1, -102.637, 172.9843, -3.610381
2018-04-10T15:37:47.7989670Z, 1, -102.6152, 173.0016, -3.599775
2018-04-10T15:37:47.8189983Z, 1, -102.6253, 173.1783, -3.580578
2018-04-10T15:37:47.8349877Z, 1, -102.5871, 173.2698, -3.5779
2018-04-10T15:37:47.8515741Z, 1, -102.5641, 173.3103, -3.577238
2018-04-10T15:37:47.8681603Z, 1, -102.5313, 173.4301, -3.624123
2018-04-10T15:37:47.8845601Z, 1, -102.5313, 173.4301, -3.624123
2018-04-10T15:37:47.8980915Z, 1, -102.4519, 173.683, -3.748923
2018-04-10T15:37:47.9180998Z, 1, -102.3904, 173.7588, -3.796178
2018-04-10T15:37:47.9350950Z, 1, -102.3465, 173.89, -3.877242
2018-04-10T15:37:47.9512059Z, 1, -102.3246, 173.9521, -3.905679
2018-04-10T15:37:47.9673631Z, 1, -102.2749, 174.0994, -3.916051
2018-04-10T15:37:47.9838930Z, 1, -102.2676, 174.2245, -3.886688
2018-04-10T15:37:47.9973869Z, 1, -102.2272, 174.381, -3.895179
2018-04-10T15:37:48.0175435Z, 1, -102.1863, 174.4631, -3.898997
2018-04-10T15:37:48.0340687Z, 1, -102.1602, 174.623, -3.871848
2018-04-10T15:37:48.0500467Z, 1, -102.1467, 174.6922, -3.859813
2018-04-10T15:37:48.0670734Z, 1, -102.1237, 174.7845, -3.867001
2018-04-10T15:37:48.0838463Z, 1, -102.099, 174.8801, -3.80494
2018-04-10T15:37:48.0968009Z, 1, -102.0995, 174.9615, -3.780097
2018-04-10T15:37:48.1167486Z, 1, -102.077, 174.9897, -3.780586
2018-04-10T15:37:48.1337756Z, 1, -102.0569, 175.0435, -3.861932
2018-04-10T15:37:48.1503322Z, 1, -102.0492, 175.0487, -3.868338
2018-04-10T15:37:48.1666215Z, 1, -102.1001, 175.1505, -3.853173
2018-04-10T15:37:48.1831471Z, 1, -102.0758, 175.1416, -3.898257
2018-04-10T15:37:48.1966637Z, 1, -102.0055, 174.9149, -3.953026
2018-04-10T15:37:48.2164913Z, 1, -102.08, 174.875, -3.920676
2018-04-10T15:37:48.2330052Z, 1, -102.1618, 174.8212, -3.952086
2018-04-10T15:37:48.2493022Z, 1, -102.2065, 174.7807, -3.919729
2018-04-10T15:37:48.2658394Z, 1, -102.253, 174.7034, -3.904368
2018-04-10T15:37:48.2792383Z, 1, -102.3071, 174.6081, -3.851003
2018-04-10T15:37:48.2996977Z, 1, -102.3673, 174.572, -3.733927
2018-04-10T15:37:48.3157226Z, 1, -102.434, 174.4946, -3.614729
2018-04-10T15:37:48.3407247Z, 1, -102.4967, 174.4538, -3.546941
2018-04-10T15:37:48.3507335Z, 1, -102.5452, 174.3339, -3.467733
2018-04-10T15:37:48.3677606Z, 1, -102.5513, 174.2934, -3.436153
2018-04-10T15:37:48.3837485Z, 1, -102.5831, 174.229, -3.372207
2018-04-10T15:37:48.3972774Z, 1, -102.6521, 174.205, -3.330019
2018-04-10T15:37:48.4171460Z, 1, -102.7031, 174.1817, -3.339741
2018-04-10T15:37:48.4342982Z, 1, -102.7151, 174.1974, -3.387049
2018-04-10T15:37:48.4506724Z, 1, -102.7724, 174.1821, -3.427814
2018-04-10T15:37:48.4668447Z, 1, -102.7897, 174.1581, -3.434461
2018-04-10T15:37:48.4844111Z, 1, -102.7762, 174.0902, -3.480567
2018-04-10T15:37:48.4974673Z, 1, -102.7519, 174.0535, -3.543496
2018-04-10T15:37:48.5165731Z, 1, -102.7314, 174.0313, -3.600034
2018-04-10T15:37:48.5335995Z, 1, -102.626, 174.0206, -3.688729
2018-04-10T15:37:48.5506351Z, 1, -102.548, 174.0652, -3.764764
2018-04-10T15:37:48.5668578Z, 1, -102.4909, 174.1421, -3.830373
2018-04-10T15:37:48.5832741Z, 1, -102.468, 174.1713, -3.868176
2018-04-10T15:37:48.5963804Z, 1, -102.4227, 174.1648, -3.912394
2018-04-10T15:37:48.6159097Z, 1, -102.3371, 174.1787, -3.978499
2018-04-10T15:37:48.6326319Z, 1, -102.3178, 174.1982, -3.968889
2018-04-10T15:37:48.6496299Z, 1, -102.2649, 174.1641, -3.969412
2018-04-10T15:37:48.6663012Z, 1, -102.2666, 174.1753, -3.9511
2018-04-10T15:37:48.6868340Z, 1, -102.247, 174.0495, -3.854717
2018-04-10T15:37:48.7033530Z, 1, -102.34, 173.9635, -3.742092
2018-04-10T15:37:48.7163805Z, 1, -102.3647, 173.942, -3.680676
2018-04-10T15:37:48.7361736Z, 1, -102.4483, 173.9065, -3.604736
2018-04-10T15:37:48.7526380Z, 1, -102.5371, 173.8794, -3.548249
2018-04-10T15:37:48.7692876Z, 1, -102.6177, 173.8545, -3.491249
2018-04-10T15:37:48.7863018Z, 1, -102.6732, 173.8186, -3.449959
2018-04-10T15:37:48.8028684Z, 1, -102.7233, 173.7548, -3.391271
2018-04-10T15:37:48.8158352Z, 1, -102.7541, 173.7537, -3.347308
2018-04-10T15:37:48.8353656Z, 1, -102.7885, 173.703, -3.353281
2018-04-10T15:37:48.8518909Z, 1, -102.8381, 173.6895, -3.260558
2018-04-10T15:37:48.8684276Z, 1, -102.8241, 173.5756, -3.224978
2018-04-10T15:37:48.8854423Z, 1, -102.9539, 173.7412, -3.171925
2018-04-10T15:37:48.8989624Z, 1, -102.9472, 173.6974, -3.190971
2018-04-10T15:37:48.9181181Z, 1, -103.0228, 173.7955, -3.132806
2018-04-10T15:37:48.9351405Z, 1, -103.0646, 173.9028, -3.09492
2018-04-10T15:37:48.9513946Z, 1, -103.036, 173.9676, -3.06655
2018-04-10T15:37:48.9679529Z, 1, -102.8766, 173.7899, -3.156269
2018-04-10T15:37:48.9850314Z, 1, -102.7708, 173.5473, -3.159947
2018-04-10T15:37:48.9977475Z, 1, -102.7631, 173.4629, -3.134248
2018-04-10T15:37:49.0182382Z, 1, -102.7685, 173.3317, -3.083403
2018-04-10T15:37:49.0341937Z, 1, -102.7685, 173.3317, -3.083403
2018-04-10T15:37:49.0507184Z, 1, -102.7598, 173.1852, -2.971419
2018-04-10T15:37:49.0674910Z, 1, -102.8034, 173.1933, -2.958511
2018-04-10T15:37:49.0845376Z, 1, -102.8603, 173.1609, -2.838777
2018-04-10T15:37:49.0976539Z, 1, -102.8563, 173.1188, -2.817783
2018-04-10T15:37:49.1168903Z, 1, -102.8916, 173.0594, -2.75547
2018-04-10T15:37:49.1339264Z, 1, -102.9329, 173.0081, -2.693868
2018-04-10T15:37:49.1504534Z, 1, -102.9511, 172.9766, -2.60365
2018-04-10T15:37:49.1674685Z, 1, -102.9966, 172.9877, -2.536536
2018-04-10T15:37:49.1840794Z, 1, -103.0225, 172.9787, -2.483907
2018-04-10T15:37:49.1973687Z, 1, -102.9912, 172.9282, -2.461379
2018-04-10T15:37:49.2169290Z, 1, -103.0045, 172.904, -2.434513
2018-04-10T15:37:49.2339663Z, 1, -103.0074, 172.8894, -2.379797
2018-04-10T15:37:49.2500539Z, 1, -102.9299, 172.741, -2.360929
2018-04-10T15:37:49.2671293Z, 1, -102.8896, 172.6781, -2.3125
2018-04-10T15:37:49.2836554Z, 1, -102.8726, 172.6736, -2.264256
2018-04-10T15:37:49.2968598Z, 1, -102.7444, 172.5004, -2.256827
2018-04-10T15:37:49.3162614Z, 1, -102.6476, 172.3251, -2.242837
2018-04-10T15:37:49.3337748Z, 1, -102.6207, 172.2779, -2.208201
2018-04-10T15:37:49.3491841Z, 1, -102.5562, 172.2671, -2.179429
2018-04-10T15:37:49.3662382Z, 1, -102.5759, 172.4224, -2.153247
2018-04-10T15:37:49.3828645Z, 1, -102.5871, 172.5622, -2.163106
2018-04-10T15:37:49.3959130Z, 1, -102.5922, 172.6617, -2.149314
2018-04-10T15:37:49.4159093Z, 1, -102.6182, 172.8844, -2.239979
2018-04-10T15:37:49.4321705Z, 1, -102.5959, 172.9991, -2.343547
2018-04-10T15:37:49.4557034Z, 1, -102.5108, 173.1341, -2.490162
2018-04-10T15:37:49.4712274Z, 1, -102.4303, 173.1837, -2.566657
2018-04-10T15:37:49.4873215Z, 1, -102.3902, 173.2127, -2.606614
2018-04-10T15:37:49.5033755Z, 1, -102.3314, 173.3111, -2.697367
2018-04-10T15:37:49.5169251Z, 1, -102.2416, 173.3853, -2.84977
2018-04-10T15:37:49.5369224Z, 1, -102.1765, 173.4966, -2.982598
2018-04-10T15:37:49.5539739Z, 1, -102.0739, 173.5708, -3.11077
2018-04-10T15:37:49.5703972Z, 1, -102.0231, 173.6694, -3.233677
2018-04-10T15:37:49.5864509Z, 1, -101.985, 173.7351, -3.290265
2018-04-10T15:37:49.6029184Z, 1, -101.9023, 173.7861, -3.373138
2018-04-10T15:37:49.6164416Z, 1, -101.8285, 173.8449, -3.400151
2018-04-10T15:37:49.6374045Z, 1, -101.759, 173.8776, -3.427529
2018-04-10T15:37:49.6529186Z, 1, -101.7184, 173.954, -3.42002
2018-04-10T15:37:49.6721411Z, 1, -101.6792, 174.022, -3.432338
2018-04-10T15:37:49.6856942Z, 1, -101.6427, 174.0549, -3.403668
2018-04-10T15:37:49.6990890Z, 1, -101.5806, 174.0903, -3.475204
2018-04-10T15:37:49.7191850Z, 1, -101.5039, 174.0696, -3.448774
2018-04-10T15:37:49.7354504Z, 1, -101.4484, 174.0479, -3.432812
2018-04-10T15:37:49.7522811Z, 1, -101.4057, 174.0637, -3.473681
2018-04-10T15:37:49.7688806Z, 1, -101.3694, 174.0462, -3.452994
2018-04-10T15:37:49.7860761Z, 1, -101.2983, 174.0111, -3.526658
2018-04-10T15:37:49.7986163Z, 1, -101.2442, 174.0166, -3.496154
2018-04-10T15:37:49.8186058Z, 1, -101.1863, 174.0078, -3.567573
2018-04-10T15:37:49.8351303Z, 1, -101.1066, 173.9304, -3.644836
2018-04-10T15:37:49.8522270Z, 1, -101.0688, 173.9209, -3.66605
2018-04-10T15:37:49.8680766Z, 1, -101.0375, 173.9012, -3.734347
2018-04-10T15:37:49.8846608Z, 1, -101.0227, 173.9143, -3.741691
2018-04-10T15:37:49.8980921Z, 1, -100.9884, 173.9261, -3.788364
2018-04-10T15:37:49.9175591Z, 1, -100.932, 173.9307, -3.733946
2018-04-10T15:37:49.9345744Z, 1, -100.8828, 173.9723, -3.798653
2018-04-10T15:37:49.9515992Z, 1, -100.8718, 174.0259, -3.759504
2018-04-10T15:37:49.9681245Z, 1, -100.8353, 174.058, -3.708224
2018-04-10T15:37:49.9871540Z, 1, -100.8044, 174.0552, -3.660159
2018-04-10T15:37:49.9976698Z, 1, -100.7845, 174.1478, -3.577023
2018-04-10T15:37:50.0184963Z, 1, -100.7609, 174.2633, -3.507565
2018-04-10T15:37:50.0341507Z, 1, -100.7151, 174.3564, -3.45647
2018-04-10T15:37:50.0508231Z, 1, -100.6864, 174.4549, -3.474441
2018-04-10T15:37:50.0685967Z, 1, -100.6438, 174.5564, -3.458443
2018-04-10T15:37:50.0836662Z, 1, -100.6112, 174.5874, -3.456322
2018-04-10T15:37:50.0966865Z, 1, -100.5515, 174.619, -3.495965
2018-04-10T15:37:50.1164375Z, 1, -100.4798, 174.5804, -3.596027
2018-04-10T15:37:50.1334543Z, 1, -100.4247, 174.5808, -3.698904
2018-04-10T15:37:50.1516468Z, 1, -100.386, 174.5744, -3.769137
2018-04-10T15:37:50.1662231Z, 1, -100.3721, 174.5657, -3.765761
2018-04-10T15:37:50.1827241Z, 1, -100.3721, 174.5657, -3.765761
2018-04-10T15:37:50.1963993Z, 1, -100.2826, 174.6111, -3.849235
2018-04-10T15:37:50.2164566Z, 1, -100.2628, 174.6277, -3.843952
2018-04-10T15:37:50.2331182Z, 1, -100.2248, 174.6066, -3.856386
2018-04-10T15:37:50.2496435Z, 1, -100.2421, 174.6077, -3.865876
2018-04-10T15:37:50.2661061Z, 1, -100.2332, 174.5947, -3.864776
2018-04-10T15:37:50.2792573Z, 1, -100.2846, 174.6543, -3.806619
2018-04-10T15:37:50.2990755Z, 1, -100.3034, 174.6191, -3.748062
2018-04-10T15:37:50.3152260Z, 1, -100.3704, 174.5916, -3.701454
2018-04-10T15:37:50.3327559Z, 1, -100.4194, 174.4882, -3.639602
2018-04-10T15:37:50.3485426Z, 1, -100.5034, 174.4491, -3.556198
2018-04-10T15:37:50.3653477Z, 1, -100.5175, 174.405, -3.50051
2018-04-10T15:37:50.3789349Z, 1, -100.5871, 174.3161, -3.420968
2018-04-10T15:37:50.3981261Z, 1, -100.6432, 174.2704, -3.417347
2018-04-10T15:37:50.4151531Z, 1, -100.6492, 174.1499, -3.364702
2018-04-10T15:37:50.4316872Z, 1, -100.7277, 174.149, -3.306059
2018-04-10T15:37:50.4492046Z, 1, -100.8587, 174.324, -3.283121
2018-04-10T15:37:50.4675950Z, 1, -101.0191, 174.5784, -3.335252
2018-04-10T15:37:50.4781107Z, 1, -101.0739, 174.6864, -3.358078
2018-04-10T15:37:50.4977208Z, 1, -101.1541, 174.8496, -3.415848
2018-04-10T15:37:50.5142487Z, 1, -101.2818, 175.1069, -3.442741
2018-04-10T15:37:50.5332074Z, 1, -101.2918, 175.1711, -3.519035
2018-04-10T15:37:50.5507216Z, 1, -101.1668, 175.0696, -3.581571
2018-04-10T15:37:50.5642431Z, 1, -101.0896, 174.9982, -3.614096
2018-04-10T15:37:50.5772876Z, 1, -100.9782, 174.8913, -3.558177
2018-04-10T15:37:50.5969985Z, 1, -100.8952, 174.8716, -3.508374
2018-04-10T15:37:50.6160668Z, 1, -100.8335, 174.8657, -3.448686
2018-04-10T15:37:50.6303044Z, 1, -100.7864, 174.907, -3.45261
2018-04-10T15:37:50.6470414Z, 1, -100.7682, 175.002, -3.466896
2018-04-10T15:37:50.6669424Z, 1, -100.7683, 175.0941, -3.399292
2018-04-10T15:37:52.2065789Z, 1, -90.95236, 151.4934, 65.10677
2018-04-10T15:37:52.2185980Z, 1, -90.91816, 151.5256, 65.03871
2018-04-10T15:37:52.2351233Z, 1, -90.90433, 151.5505, 65.03371
2018-04-10T15:37:52.2515868Z, 1, -90.86258, 151.5591, 64.99963
2018-04-10T15:37:52.2686127Z, 1, -90.87717, 151.6386, 64.98401
2018-04-10T15:37:52.2847503Z, 1, -90.87955, 151.6794, 64.98829
2018-04-10T15:37:52.3006921Z, 1, -90.88712, 151.7513, 64.96955
2018-04-10T15:37:52.3178074Z, 1, -90.88187, 151.7608, 64.95744
2018-04-10T15:37:52.3343819Z, 1, -90.85728, 151.78, 64.9705
2018-04-10T15:37:52.3504097Z, 1, -90.87437, 151.8188, 64.97409
2018-04-10T15:37:52.3669409Z, 1, -90.9093, 151.7848, 65.00632
2018-04-10T15:37:52.3839369Z, 1, -90.95837, 151.7456, 65.05751
2018-04-10T15:37:52.4002168Z, 1, -90.97474, 151.7027, 65.08559
2018-04-10T15:37:52.4170384Z, 1, -91.02634, 151.6232, 65.14207
2018-04-10T15:37:52.4337512Z, 1, -91.09376, 151.5723, 65.1919
2018-04-10T15:37:52.4498866Z, 1, -91.16602, 151.5396, 65.25557
2018-04-10T15:37:52.4667576Z, 1, -91.25563, 151.5167, 65.31918
2018-04-10T15:37:52.4833128Z, 1, -91.29514, 151.5188, 65.32516
2018-04-10T15:37:52.4996960Z, 1, -91.29792, 151.4704, 65.35097
2018-04-10T15:37:52.5163946Z, 1, -91.31041, 151.4445, 65.38309
2018-04-10T15:37:52.5334052Z, 1, -91.33392, 151.3873, 65.37711
2018-04-10T15:37:52.5491933Z, 1, -91.35614, 151.3554, 65.40419
2018-04-10T15:37:52.5660584Z, 1, -91.33801, 151.2702, 65.37121
2018-04-10T15:37:52.5825848Z, 1, -91.275, 151.187, 65.36115
2018-04-10T15:37:52.5990466Z, 1, -91.23607, 151.1463, 65.33602
2018-04-10T15:37:52.6160753Z, 1, -91.19878, 151.1694, 65.38584
2018-04-10T15:37:52.6326140Z, 1, -91.18452, 151.2302, 65.4774
2018-04-10T15:37:52.6487072Z, 1, -91.15883, 151.2694, 65.54924
2018-04-10T15:37:52.6653147Z, 1, -91.09223, 151.2768, 65.54912
2018-04-10T15:37:52.6815927Z, 1, -90.99839, 151.2935, 65.53018
2018-04-10T15:37:52.6985716Z, 1, -90.87439, 151.3396, 65.62182
2018-04-10T15:37:52.7160002Z, 1, -90.84257, 151.4754, 65.69873
2018-04-10T15:37:52.7314400Z, 1, -90.88244, 151.561, 65.70921
2018-04-10T15:37:52.7485681Z, 1, -90.92574, 151.6432, 65.73065
2018-04-10T15:37:52.7645190Z, 1, -90.82988, 151.4276, 65.76875
2018-04-10T15:37:52.7810869Z, 1, -90.67764, 151.3011, 65.79379
2018-04-10T15:37:52.7981652Z, 1, -90.46864, 151.3216, 65.87438
2018-04-10T15:37:52.8149369Z, 1, -90.4195, 152.5483, 65.91844
2018-04-10T15:37:52.8308475Z, 1, -90.69798, 153.8347, 65.5953
2018-04-10T15:37:52.8479118Z, 1, -91.44175, 155.8001, 65.0047
2018-04-10T15:37:52.8643687Z, 1, -91.92293, 156.8017, 64.05116
2018-04-10T15:37:52.8806632Z, 1, -92.23132, 157.3776, 62.82424
2018-04-10T15:37:52.8973214Z, 1, -92.76486, 158.3082, 61.17353
2018-04-10T15:37:52.9138059Z, 1, -93.15824, 158.817, 60.07767
2018-04-10T15:37:52.9307724Z, 1, -94.08904, 159.9809, 56.98038
2018-04-10T15:37:52.9468795Z, 1, -94.48566, 160.3995, 53.01786
2018-04-10T15:37:52.9641200Z, 1, -93.04315, 159.4699, 49.09045
2018-04-10T15:37:52.9802847Z, 1, -90.27525, 158.572, 44.36432
2018-04-10T15:37:52.9967157Z, 1, -88.91175, 158.5408, 41.18215
2018-04-10T15:37:53.0142665Z, 1, -87.10895, 158.2392, 38.031
2018-04-10T15:37:53.0298374Z, 1, -82.89928, 156.4541, 28.72239
2018-04-10T15:37:53.0498295Z, 1, -79.5034, 157.7948, 15.74358
2018-04-10T15:37:53.0655642Z, 1, -76.67344, 153.5385, 1.487852
2018-04-10T15:37:53.0794565Z, 1, -70.76981, 158.1066, -16.59806
2018-04-10T15:37:53.0988521Z, 1, -64.10992, 156.4319, -34.80901
2018-04-10T15:37:53.1158677Z, 1, -61.65879, 146.8247, -43.55062
2018-04-10T15:37:53.1328964Z, 1, -61.34077, 135.856, -49.90908
2018-04-10T15:37:53.1493084Z, 1, -61.3794, 130.2113, -52.59368
2018-04-10T15:37:53.1654774Z, 1, -61.54477, 118.8396, -56.47446
2018-04-10T15:37:53.1789792Z, 1, -62.47608, 113.8151, -57.98827
2018-04-10T15:37:53.1985649Z, 1, -66.59944, 100.5072, -64.4177
2018-04-10T15:37:53.2156389Z, 1, -68.01632, 91.80391, -69.26718
2018-04-10T15:37:53.2322387Z, 1, -67.651, 82.08149, -71.30273
2018-04-10T15:37:53.2488918Z, 1, -67.4342, 77.34373, -72.5442
2018-04-10T15:37:53.2614681Z, 1, -67.55801, 68.88605, -74.65706
2018-04-10T15:37:53.2814235Z, 1, -69.51534, 61.133, -75.8924
2018-04-10T15:37:53.2979294Z, 1, -71.94522, 54.75481, -75.12705
2018-04-10T15:37:53.3150432Z, 1, -75.50995, 51.85364, -74.00358
2018-04-10T15:37:53.3325900Z, 1, -76.72018, 50.76037, -72.06432
2018-04-10T15:37:53.3476526Z, 1, -78.55217, 49.19707, -67.15282
2018-04-10T15:37:53.3631943Z, 1, -79.57511, 47.63494, -61.26704
2018-04-10T15:37:53.3811062Z, 1, -77.90051, 47.94107, -47.688
2018-04-10T15:37:53.3985376Z, 1, -70.67825, 46.0125, -29.80811
2018-04-10T15:37:53.4140523Z, 1, -59.68261, 45.34847, -10.80894
2018-04-10T15:37:53.4310804Z, 1, -58.24616, 51.20834, 4.930173
2018-04-10T15:37:53.4471455Z, False, 0, 0, 0
2018-04-10T15:37:53.4650682Z, False, 0, 0, 0
2018-04-10T15:37:53.4789722Z, False, 0, 0, 0
2018-04-10T15:37:53.4970543Z, False, 0, 0, 0
2018-04-10T15:37:53.5490353Z, False, 0, 0, 0
