2018-04-10T15:33:43.7832318Z, 1, -44.39869, 322.5621, 135.8742
2018-04-10T15:33:43.7882380Z, 1, -44.39869, 322.5621, 135.8742
2018-04-10T15:33:43.8027611Z, 1, -45.20681, 323.2124, 136.3654
2018-04-10T15:33:43.8214963Z, 1, -45.95102, 324.1267, 136.6245
2018-04-10T15:33:43.8358944Z, 1, -46.73161, 324.9053, 137.3164
2018-04-10T15:33:43.8527587Z, 1, -47.55152, 325.8504, 137.9568
2018-04-10T15:33:43.8690338Z, 1, -48.43073, 326.2826, 138.2336
2018-04-10T15:33:43.8857842Z, 1, -49.41265, 326.4615, 138.6644
2018-04-10T15:33:43.9026424Z, 1, -49.99141, 326.5183, 138.9433
2018-04-10T15:33:43.9194090Z, 1, -50.82408, 326.3921, 139.3117
2018-04-10T15:33:43.9351804Z, 1, -51.60857, 326.4624, 139.7533
2018-04-10T15:33:43.9575270Z, 1, -52.54046, 326.429, 140.2024
2018-04-10T15:33:43.9685753Z, 1, -52.88205, 325.9377, 140.1694
2018-04-10T15:33:43.9847940Z, 1, -53.61872, 325.0423, 140.321
2018-04-10T15:33:44.0015777Z, 1, -54.24308, 324.6232, 140.7825
2018-04-10T15:33:44.0182777Z, 1, -54.93582, 324.1798, 141.2384
2018-04-10T15:33:44.0343061Z, 1, -55.72858, 323.654, 141.9629
2018-04-10T15:33:44.0514658Z, 1, -56.42247, 323.0806, 142.6812
2018-04-10T15:33:44.0677946Z, 1, -56.75981, 322.6707, 142.9036
2018-04-10T15:33:44.0848006Z, 1, -57.30533, 322.2155, 143.5616
2018-04-10T15:33:44.1016142Z, 1, -57.92311, 322.4222, 144.8257
2018-04-10T15:33:44.1173673Z, 1, -58.22572, 322.8631, 145.6482
2018-04-10T15:33:44.1338692Z, 1, -58.91964, 323.4006, 147.4502
2018-04-10T15:33:44.1506569Z, 1, -59.51806, 324.0421, 148.9961
2018-04-10T15:33:44.1673919Z, 1, -59.98963, 324.097, 150.5123
2018-04-10T15:33:44.1839090Z, 1, -60.46311, 323.9256, 152.0444
2018-04-10T15:33:44.2003890Z, 1, -61.16093, 323.5862, 153.7011
2018-04-10T15:33:44.2170392Z, 1, -61.91878, 323.2915, 155.6821
2018-04-10T15:33:44.2335986Z, 1, -62.62962, 323.1713, 157.7285
2018-04-10T15:33:44.2590270Z, 1, -63.27025, 322.267, 160.1664
2018-04-10T15:33:44.2672292Z, 1, -63.27025, 322.267, 160.1664
2018-04-10T15:33:44.2839275Z, 1, -64.05809, 321.3671, 162.3256
2018-04-10T15:33:44.3002145Z, 1, -64.85692, 319.6394, 164.207
2018-04-10T15:33:44.3163633Z, 1, -66.20667, 317.7328, 167.0636
2018-04-10T15:33:44.3328629Z, 1, -67.69841, 315.9551, 170.7291
2018-04-10T15:33:44.3499159Z, 1, -68.97364, 313.549, 175.7995
2018-04-10T15:33:44.3668376Z, 1, -69.89571, 311.0884, 176.035
2018-04-10T15:33:44.3828924Z, 1, -70.86736, 311.3134, 171.828
2018-04-10T15:33:44.3995554Z, 1, -66.3483, 315.7916, 162.7419
2018-04-10T15:33:44.4157095Z, 1, -57.09658, 321.6552, 152.5533
2018-04-10T15:33:44.4325186Z, 1, -50.74815, 329.1505, 148.467
2018-04-10T15:33:44.4493615Z, 1, -48.43015, 336.2672, 147.8963
2018-04-10T15:33:44.4659215Z, 1, -48.24128, 354.0508, 151.3556
2018-04-10T15:33:44.4824020Z, 1, -50.38972, 371.6545, 156.272
2018-04-10T15:33:44.4989492Z, 1, -56.22393, 387.1652, 160.3757
2018-04-10T15:33:44.5153373Z, 1, -63.26238, 407.6938, 166.8009
2018-04-10T15:33:44.5315319Z, False, 0, 0, 0
2018-04-10T15:33:44.5485125Z, False, 0, 0, 0
2018-04-10T15:33:44.5646410Z, False, 0, 0, 0
2018-04-10T15:33:44.5814745Z, False, 0, 0, 0
2018-04-10T15:33:44.5982172Z, False, 0, 0, 0
2018-04-10T15:33:44.6142490Z, False, 0, 0, 0
2018-04-10T15:33:44.6312678Z, False, 0, 0, 0
2018-04-10T15:33:44.6477930Z, False, 0, 0, 0
2018-04-10T15:33:44.6643189Z, False, 0, 0, 0
2018-04-10T15:33:44.6810223Z, False, 0, 0, 0
2018-04-10T15:33:44.6970014Z, 0, 49.48849, 123.6591, 44.92343
2018-04-10T15:33:44.7174597Z, 0.09108388, 59.39874, 124.9426, 48.17796
2018-04-10T15:33:44.7307438Z, 0.1807606, 58.66833, 124.5963, 48.21027
2018-04-10T15:33:44.7472996Z, 0.2676271, 57.30899, 124.5858, 48.78045
2018-04-10T15:33:44.7637030Z, 0.3500085, 55.56046, 124.2928, 49.53212
2018-04-10T15:33:44.7832810Z, 0.4275552, 53.52357, 123.8493, 50.4618
2018-04-10T15:33:44.7965612Z, 0.4992619, 51.44495, 123.1056, 51.61661
2018-04-10T15:33:44.8164977Z, 0.5645923, 49.47071, 122.7293, 53.03125
2018-04-10T15:33:44.8330919Z, 0.6237165, 47.47198, 122.0181, 54.41533
2018-04-10T15:33:44.8498409Z, 0.6776079, 45.65594, 121.1467, 55.78328
2018-04-10T15:33:44.8662642Z, 0.7229397, 44.01003, 120.153, 57.0375
2018-04-10T15:33:44.8833231Z, 0.7638561, 42.74953, 119.2997, 58.25983
2018-04-10T15:33:44.8958033Z, 0.7821264, 42.21037, 118.9388, 58.81073
2018-04-10T15:33:44.9157823Z, 0.815204, 41.24326, 117.9635, 60.00275
2018-04-10T15:33:44.9320454Z, 0.8436531, 40.45671, 117.199, 61.08829
2018-04-10T15:33:44.9488322Z, 0.8680397, 39.78565, 116.3295, 61.69702
2018-04-10T15:33:44.9655832Z, 0.8888087, 39.35258, 115.4948, 62.08164
2018-04-10T15:33:44.9820493Z, 0.9065607, 39.14304, 114.6829, 62.31793
2018-04-10T15:33:44.9955742Z, 0.9215248, 39.06039, 113.9935, 62.50399
2018-04-10T15:33:45.0153357Z, 0.934208, 38.98385, 113.3909, 62.55272
2018-04-10T15:33:45.0324021Z, 0.9448798, 38.88723, 112.831, 62.56959
2018-04-10T15:33:45.0491510Z, 0.9538724, 38.77457, 112.5426, 62.57834
2018-04-10T15:33:45.0656939Z, 0.9614154, 38.55111, 112.4425, 62.51335
2018-04-10T15:33:45.0817431Z, 0.9647539, 38.35136, 112.4157, 62.48154
2018-04-10T15:33:45.0950340Z, 0.9705397, 37.72111, 112.6328, 62.436
2018-04-10T15:33:45.1145918Z, 0.9753966, 36.8949, 113.2867, 62.47741
2018-04-10T15:33:45.1316191Z, 0.9794967, 35.96406, 114.4193, 62.63001
2018-04-10T15:33:45.1484236Z, 0.9828748, 34.99411, 115.8001, 62.84889
2018-04-10T15:33:45.1642536Z, 0.985711, 34.06311, 117.3609, 63.21307
2018-04-10T15:33:45.1808320Z, 0.9880806, 33.22186, 118.9558, 63.73541
2018-04-10T15:33:45.1941936Z, 0.9893147, 32.82393, 119.8521, 64.01797
2018-04-10T15:33:45.2137360Z, 1, 32.04366, 121.4638, 64.68869
2018-04-10T15:33:45.2327354Z, 1, 30.88526, 123.8898, 65.50677
2018-04-10T15:33:45.2475277Z, 1, 30.88526, 123.8898, 65.50677
2018-04-10T15:33:45.2648242Z, 1, 29.74124, 126.7452, 66.23189
2018-04-10T15:33:45.2772338Z, 1, 29.55943, 127.4333, 66.28495
2018-04-10T15:33:45.2967730Z, 1, 29.29679, 128.6012, 66.15914
2018-04-10T15:33:45.3130777Z, 1, 29.17603, 129.9126, 66.1688
2018-04-10T15:33:45.3301045Z, 1, 29.30118, 131.2215, 66.21141
2018-04-10T15:33:45.3466258Z, 1, 29.41481, 132.4563, 66.49623
2018-04-10T15:33:45.3629669Z, 1, 29.72532, 133.5866, 67.03157
2018-04-10T15:33:45.3771299Z, 1, 29.92708, 134.1251, 67.30608
2018-04-10T15:33:45.3962949Z, 1, 30.63026, 135.7431, 68.37051
2018-04-10T15:33:45.4131942Z, 1, 31.18815, 136.6226, 69.06257
2018-04-10T15:33:45.4299207Z, 1, 31.94058, 137.2962, 69.81949
2018-04-10T15:33:45.4480255Z, 1, 32.85406, 137.6571, 70.49794
2018-04-10T15:33:45.4624111Z, 1, 33.30964, 137.6847, 70.8675
2018-04-10T15:33:45.4760917Z, 1, 34.27993, 137.661, 72.05587
2018-04-10T15:33:45.5177280Z, 1, 36.48805, 136.306, 74.69103
2018-04-10T15:33:45.5302471Z, 1, 36.82593, 135.7996, 75.15446
2018-04-10T15:33:45.5437666Z, 1, 37.40173, 134.6594, 75.87665
2018-04-10T15:33:45.5570750Z, 1, 37.61714, 134.0871, 76.21162
2018-04-10T15:33:45.5773779Z, 1, 38.20625, 132.2794, 76.8744
2018-04-10T15:33:45.5989592Z, 1, 38.58578, 130.9143, 76.98149
2018-04-10T15:33:45.6106666Z, 1, 38.82263, 130.1776, 76.98591
2018-04-10T15:33:45.6282629Z, 1, 39.42874, 128.542, 76.70506
2018-04-10T15:33:45.6427831Z, 1, 40.1473, 126.6518, 76.29061
2018-04-10T15:33:45.6562966Z, 1, 40.79507, 124.43, 75.66096
2018-04-10T15:33:45.6761489Z, 1, 41.39396, 122.2944, 75.09698
2018-04-10T15:33:45.6926873Z, 1, 41.8797, 120.0303, 74.43513
2018-04-10T15:33:45.7097035Z, 1, 42.38326, 117.7886, 74.10751
2018-04-10T15:33:45.7272295Z, 1, 42.79204, 115.4217, 73.95136
2018-04-10T15:33:45.7427694Z, 1, 43.12156, 113.4743, 74.0624
2018-04-10T15:33:45.7558011Z, 1, 43.19541, 112.4066, 74.18618
2018-04-10T15:33:45.7778714Z, 1, 43.26964, 110.3316, 74.60062
2018-04-10T15:33:45.7922857Z, 1, 43.35124, 108.5994, 75.07468
2018-04-10T15:33:45.8085848Z, 1, 43.38309, 106.8427, 75.55376
2018-04-10T15:33:45.8276134Z, 1, 43.47557, 105.1435, 76.14542
2018-04-10T15:33:45.8416350Z, 1, 43.51356, 103.4231, 76.99885
2018-04-10T15:33:45.8551650Z, 1, 43.50592, 101.7763, 77.93842
2018-04-10T15:33:45.8746187Z, 1, 43.29367, 100.1232, 78.88918
2018-04-10T15:33:45.8914604Z, 1, 43.06556, 98.64146, 79.8615
2018-04-10T15:33:45.9085244Z, 1, 42.79469, 97.32534, 81.06844
2018-04-10T15:33:45.9246726Z, 1, 42.61914, 96.46172, 82.45551
2018-04-10T15:33:45.9414665Z, 1, 42.39089, 95.87826, 83.89698
2018-04-10T15:33:45.9559190Z, 1, 42.22436, 95.64647, 84.51052
2018-04-10T15:33:45.9745757Z, 1, 42.05614, 95.44489, 85.12076
2018-04-10T15:33:45.9906709Z, 1, 41.53291, 95.09437, 86.78323
2018-04-10T15:33:46.0076928Z, 1, 41.12496, 94.90031, 87.84826
2018-04-10T15:33:46.0240226Z, 1, 40.61288, 94.91995, 88.90967
2018-04-10T15:33:46.0374211Z, 1, 39.95953, 95.24552, 90.00571
2018-04-10T15:33:46.0567071Z, 1, 39.58858, 95.51897, 90.51974
2018-04-10T15:33:46.0735679Z, 1, 38.48561, 96.50326, 91.7966
2018-04-10T15:33:46.0903795Z, 1, 37.63429, 97.38503, 92.34802
2018-04-10T15:33:46.1072287Z, 1, 36.74481, 98.26927, 92.60742
2018-04-10T15:33:46.1247367Z, 1, 35.85506, 99.17204, 92.75285
2018-04-10T15:33:46.1367617Z, 1, 35.45458, 99.84719, 92.74261
2018-04-10T15:33:46.1565202Z, 1, 34.71197, 100.9482, 92.70277
2018-04-10T15:33:46.1729939Z, 1, 33.91351, 102.1717, 92.42089
2018-04-10T15:33:46.1895940Z, 1, 33.11851, 103.6253, 92.24612
2018-04-10T15:33:46.2056571Z, 1, 32.3291, 105.6167, 92.00594
2018-04-10T15:33:46.2226836Z, 1, 31.56438, 107.9377, 92.05803
2018-04-10T15:33:46.2362338Z, 1, 30.80592, 110.4415, 92.04239
2018-04-10T15:33:46.2561417Z, 1, 30.08623, 113.3667, 92.19459
2018-04-10T15:33:46.2726558Z, 1, 29.29549, 116.2438, 91.88743
2018-04-10T15:33:46.2889517Z, 1, 28.45251, 118.994, 91.82122
2018-04-10T15:33:46.3056250Z, 1, 27.66383, 121.8474, 92.33199
2018-04-10T15:33:46.3276995Z, 1, 27.31438, 123.2376, 92.59728
2018-04-10T15:33:46.3352129Z, 1, 27.31438, 123.2376, 92.59728
2018-04-10T15:33:46.3551310Z, 1, 26.27545, 127.8247, 93.97368
2018-04-10T15:33:46.3716088Z, 1, 25.87113, 129.9307, 94.47717
2018-04-10T15:33:46.3884739Z, 1, 25.61574, 131.9182, 94.92986
2018-04-10T15:33:46.4048790Z, 1, 25.45939, 133.4913, 95.51247
2018-04-10T15:33:46.4219095Z, 1, 25.50373, 135.0027, 96.2731
2018-04-10T15:33:46.4347217Z, 1, 25.60192, 135.714, 96.8635
2018-04-10T15:33:46.4552711Z, 1, 26.0433, 137.6293, 98.59601
2018-04-10T15:33:46.4715986Z, 1, 26.45288, 138.6915, 99.96777
2018-04-10T15:33:46.4881372Z, 1, 26.97059, 139.5884, 101.3457
2018-04-10T15:33:46.5043944Z, 1, 27.25201, 139.8749, 101.9657
2018-04-10T15:33:46.5212401Z, 1, 27.82822, 140.4073, 103.194
2018-04-10T15:33:46.5341303Z, 1, 28.39566, 141.0926, 104.6944
2018-04-10T15:33:46.5541017Z, 1, 28.74239, 141.4582, 105.8955
2018-04-10T15:33:46.5716344Z, 1, 29.01533, 141.9465, 107.203
2018-04-10T15:33:46.5867324Z, 1, 29.15413, 142.5141, 108.5392
2018-04-10T15:33:46.6035722Z, 1, 29.13971, 143.1135, 109.9211
2018-04-10T15:33:46.6170077Z, 1, 29.13971, 143.1135, 109.9211
2018-04-10T15:33:46.6371925Z, 1, 28.79941, 144.8501, 112.7566
2018-04-10T15:33:46.6535868Z, 1, 28.43034, 145.9151, 114.1581
2018-04-10T15:33:46.6702558Z, 1, 27.99465, 147.104, 115.4583
2018-04-10T15:33:46.6869610Z, 1, 27.50948, 148.2954, 116.7263
2018-04-10T15:33:46.7031959Z, 1, 27.30115, 148.8734, 117.3191
2018-04-10T15:33:46.7164971Z, 1, 26.9387, 150.0038, 118.4355
2018-04-10T15:33:46.7358529Z, 1, 26.63481, 150.991, 119.5765
2018-04-10T15:33:46.7530199Z, 1, 26.36209, 152.0549, 120.6207
2018-04-10T15:33:46.7695452Z, 1, 26.2489, 152.9983, 121.5693
2018-04-10T15:33:46.7855695Z, 1, 26.29743, 154.3722, 123.6796
2018-04-10T15:33:46.8025954Z, 1, 26.2455, 155.4223, 124.9447
2018-04-10T15:33:46.8159112Z, 1, 26.2591, 156.0235, 125.4482
2018-04-10T15:33:46.8361475Z, 1, 26.37921, 158.3593, 126.7254
2018-04-10T15:33:46.8492517Z, 1, 26.48491, 159.3328, 127.1695
2018-04-10T15:33:46.8656759Z, 1, 26.81216, 161.2379, 127.9703
2018-04-10T15:33:46.8823723Z, 1, 27.49356, 163.065, 129.0397
2018-04-10T15:33:46.8989328Z, 1, 28.40081, 164.5606, 130.1575
2018-04-10T15:33:46.9154581Z, 1, 29.35462, 165.7855, 131.1619
2018-04-10T15:33:46.9321832Z, 1, 30.20665, 166.2934, 131.747
2018-04-10T15:33:46.9488687Z, 1, 31.06466, 166.7518, 132.231
2018-04-10T15:33:46.9661578Z, 1, 31.74357, 167.069, 132.5898
2018-04-10T15:33:46.9823100Z, 1, 32.33422, 167.1568, 132.7668
2018-04-10T15:33:47.0024640Z, 1, 32.86126, 167.0281, 132.8709
2018-04-10T15:33:47.0148223Z, 1, 33.06255, 166.9106, 132.8469
2018-04-10T15:33:47.0317711Z, 1, 33.52718, 166.6545, 132.8351
2018-04-10T15:33:47.0482924Z, 1, 33.80507, 166.3704, 132.816
2018-04-10T15:33:47.0645373Z, 1, 33.97202, 165.9961, 132.6889
2018-04-10T15:33:47.0813167Z, 1, 33.95666, 165.5422, 132.605
2018-04-10T15:33:47.0975892Z, 1, 33.88348, 164.944, 132.4266
2018-04-10T15:33:47.1143146Z, 1, 33.73023, 164.3299, 132.2039
2018-04-10T15:33:47.1308399Z, 1, 33.50262, 163.8618, 131.9606
2018-04-10T15:33:47.1473429Z, 1, 33.27893, 163.4753, 131.7117
2018-04-10T15:33:47.1644121Z, 1, 33.0234, 163.2383, 131.5135
2018-04-10T15:33:47.1808486Z, 1, 32.85471, 163.127, 131.3801
2018-04-10T15:33:47.1969202Z, 1, 32.53197, 162.9239, 131.1802
2018-04-10T15:33:47.2139267Z, 1, 32.20589, 162.755, 131.0198
2018-04-10T15:33:47.2304662Z, 1, 31.85911, 162.7271, 130.9159
2018-04-10T15:33:47.2468079Z, 1, 31.54677, 162.7145, 130.9227
2018-04-10T15:33:47.2632341Z, 1, 31.24067, 162.7924, 130.9995
2018-04-10T15:33:47.2798342Z, 1, 30.99521, 163.0426, 131.2641
2018-04-10T15:33:47.2964324Z, 1, 31.02143, 163.4316, 131.5268
2018-04-10T15:33:47.3134432Z, 1, 31.21554, 163.7836, 131.6205
2018-04-10T15:33:47.3301500Z, 1, 31.8753, 164.3572, 131.431
2018-04-10T15:33:47.3465338Z, 1, 33.08105, 165.079, 130.7962
2018-04-10T15:33:47.3631960Z, 1, 33.92101, 165.4695, 130.2987
2018-04-10T15:33:47.3796419Z, 1, 36.15857, 166.5575, 128.819
2018-04-10T15:33:47.3955780Z, 1, 39.06024, 168.097, 126.5493
2018-04-10T15:33:47.4128199Z, 1, 42.46339, 170.1796, 123.3116
2018-04-10T15:33:47.4293773Z, 1, 46.22589, 172.3114, 119.394
2018-04-10T15:33:47.4456112Z, 1, 49.87083, 174.6976, 114.1753
2018-04-10T15:33:47.4620849Z, 1, 49.87083, 174.6976, 114.1753
2018-04-10T15:33:47.4786216Z, 1, 55.90565, 179.5546, 102.8183
2018-04-10T15:33:47.4950985Z, 1, 58.09922, 182.2963, 96.4392
2018-04-10T15:33:47.5161351Z, 1, 59.40041, 185.093, 89.83685
2018-04-10T15:33:47.5286957Z, 1, 60.01355, 187.7233, 82.48752
2018-04-10T15:33:47.5452403Z, 1, 60.18447, 188.9547, 78.70037
2018-04-10T15:33:47.5616384Z, 1, 60.34097, 191.7998, 70.72219
2018-04-10T15:33:47.5786395Z, 1, 60.21243, 193.8407, 62.3589
2018-04-10T15:33:47.5946195Z, 1, 60.17659, 194.3068, 54.05054
2018-04-10T15:33:47.6113093Z, 1, 60.17844, 193.9089, 45.78792
2018-04-10T15:33:47.6278459Z, 1, 60.08653, 192.6655, 37.63186
2018-04-10T15:33:47.6448818Z, 1, 59.96681, 190.5507, 29.81576
2018-04-10T15:33:47.6646800Z, 1, 59.70026, 187.6685, 22.19033
2018-04-10T15:33:47.6812198Z, 1, 59.45699, 184.4808, 15.57507
2018-04-10T15:33:47.6946816Z, 1, 59.38531, 182.764, 12.79733
2018-04-10T15:33:47.7135651Z, 1, 58.5808, 176.6806, 6.451688
2018-04-10T15:33:47.7304020Z, 1, 58.00557, 172.9398, 4.204329
2018-04-10T15:33:47.7472497Z, 1, 57.08828, 169.4658, 3.482418
2018-04-10T15:33:47.7637722Z, 1, 56.0626, 166.9265, 3.999933
2018-04-10T15:33:47.7809404Z, 1, 54.67581, 164.5435, 5.796438
2018-04-10T15:33:47.7965062Z, 1, 53.73365, 163.3966, 7.038114
2018-04-10T15:33:47.8233156Z, 1, 50.14461, 160.851, 12.3544
2018-04-10T15:33:47.8323308Z, 1, 48.77817, 160.362, 14.51038
2018-04-10T15:33:47.8488624Z, 1, 45.76343, 160.0583, 18.95669
2018-04-10T15:33:47.8653811Z, 1, 42.4901, 160.1887, 24.23038
2018-04-10T15:33:47.8819234Z, 1, 38.88618, 160.0754, 30.03119
2018-04-10T15:33:47.8951034Z, 1, 35.01473, 159.4454, 35.90987
2018-04-10T15:33:47.9120106Z, 1, 31.05019, 158.7645, 41.78057
2018-04-10T15:33:47.9284912Z, 1, 27.41933, 158.4926, 48.0657
2018-04-10T15:33:47.9452191Z, 1, 23.87682, 157.6997, 54.56613
2018-04-10T15:33:47.9615517Z, 1, 22.18336, 157.3416, 57.77256
2018-04-10T15:33:47.9785733Z, 1, 19.12419, 156.5801, 64.29017
2018-04-10T15:33:47.9942482Z, 1, 16.65714, 155.8641, 70.72533
2018-04-10T15:33:48.0113956Z, 1, 14.80485, 155.4549, 76.88188
2018-04-10T15:33:48.0278298Z, 1, 13.6446, 154.9396, 82.47682
2018-04-10T15:33:48.0443935Z, 1, 13.1429, 154.4413, 87.62563
2018-04-10T15:33:48.0614416Z, 1, 13.3989, 154.131, 92.20028
2018-04-10T15:33:48.0784441Z, 1, 14.31078, 153.7622, 96.05779
2018-04-10T15:33:48.0941497Z, 1, 16.04092, 153.4851, 99.29013
2018-04-10T15:33:48.1109730Z, 1, 18.57974, 153.2943, 101.6755
2018-04-10T15:33:48.1300014Z, 1, 21.87601, 153.338, 104.0311
2018-04-10T15:33:48.1439066Z, 1, 25.62789, 153.7451, 105.0749
2018-04-10T15:33:48.1605292Z, 1, 27.70166, 154.0638, 105.2853
2018-04-10T15:33:48.1764966Z, 1, 31.90407, 154.6113, 105.1376
2018-04-10T15:33:48.1940516Z, 1, 36.02211, 155.2254, 104.4283
2018-04-10T15:33:48.2100848Z, 1, 40.02833, 155.8967, 103.0738
2018-04-10T15:33:48.2269407Z, 1, 43.81895, 156.7634, 101.2778
2018-04-10T15:33:48.2430997Z, 1, 47.02934, 157.3951, 99.09291
2018-04-10T15:33:48.2600670Z, 1, 49.53704, 157.9439, 96.84145
2018-04-10T15:33:48.2783671Z, 1, 51.15844, 158.4714, 94.92484
2018-04-10T15:33:48.2925116Z, 1, 51.78966, 159.1594, 93.68871
2018-04-10T15:33:48.3162005Z, 1, 51.74714, 159.9084, 93.04236
2018-04-10T15:33:48.3262147Z, 1, 51.45129, 160.4158, 92.67811
2018-04-10T15:33:48.3427946Z, 1, 50.19889, 161.5101, 92.31265
2018-04-10T15:33:48.3594747Z, 1, 48.20699, 162.7948, 92.19527
2018-04-10T15:33:48.3755748Z, 1, 45.49303, 163.907, 92.27656
2018-04-10T15:33:48.3924874Z, 1, 42.03944, 164.6969, 92.87052
2018-04-10T15:33:48.4088445Z, 1, 37.98028, 165.4137, 93.95199
2018-04-10T15:33:48.4261809Z, 1, 33.42308, 166.0914, 95.19701
2018-04-10T15:33:48.4443706Z, 1, 28.49069, 166.6115, 96.67609
2018-04-10T15:33:48.4593806Z, 1, 23.51352, 166.8923, 98.13261
2018-04-10T15:33:48.4746880Z, 1, 18.62412, 167.1019, 100.1625
2018-04-10T15:33:48.4915858Z, 1, 13.71377, 167.34, 102.6294
2018-04-10T15:33:48.5084122Z, 1, 8.885267, 167.3909, 105.7331
2018-04-10T15:33:48.5250058Z, 1, 6.613032, 167.2046, 107.2239
2018-04-10T15:33:48.5415325Z, 1, 2.606408, 166.6393, 110.3441
2018-04-10T15:33:48.5579837Z, 1, 2.606408, 166.6393, 110.3441
2018-04-10T15:33:48.5746715Z, 1, -3.332814, 164.7859, 114.7323
2018-04-10T15:33:48.5913106Z, 1, -5.428425, 164.5542, 116.7725
2018-04-10T15:33:48.6077980Z, 1, -6.826255, 164.0399, 118.0079
2018-04-10T15:33:48.6242200Z, 1, -7.214953, 163.6465, 119.2525
2018-04-10T15:33:48.6407623Z, 1, -6.96083, 163.3757, 119.5767
2018-04-10T15:33:48.6580080Z, 1, -5.73766, 162.8999, 119.4564
2018-04-10T15:33:48.6735024Z, 1, -3.843975, 162.4849, 118.6707
2018-04-10T15:33:48.6904859Z, 1, -1.549656, 162.1557, 117.5146
2018-04-10T15:33:48.7073777Z, 1, -0.3027768, 161.9003, 116.6257
2018-04-10T15:33:48.7237339Z, 1, 2.413712, 161.3177, 114.9705
2018-04-10T15:33:48.7402347Z, 1, 5.276797, 160.789, 113.3043
2018-04-10T15:33:48.7567437Z, 1, 8.164085, 160.5686, 111.8662
2018-04-10T15:33:48.7734005Z, 1, 10.9318, 160.4414, 110.4724
2018-04-10T15:33:48.7899229Z, 1, 13.54627, 160.2713, 109.0583
2018-04-10T15:33:48.8066935Z, 1, 15.94278, 160.1623, 107.8392
2018-04-10T15:33:48.8230176Z, 1, 18.09249, 160.1684, 106.894
2018-04-10T15:33:48.8393929Z, 1, 19.89271, 160.2888, 106.3426
2018-04-10T15:33:48.8558780Z, 1, 21.30334, 160.4086, 106.082
2018-04-10T15:33:48.8731936Z, 1, 22.2602, 160.3678, 105.8992
2018-04-10T15:33:48.8893850Z, 1, 22.47528, 160.3251, 105.6462
2018-04-10T15:33:48.9064112Z, 1, 22.57374, 160.0278, 105.2141
2018-04-10T15:33:48.9224356Z, 1, 22.33252, 159.799, 104.7398
2018-04-10T15:33:48.9394632Z, 1, 21.28656, 159.4243, 103.6827
2018-04-10T15:33:48.9554878Z, 1, 19.57952, 158.8889, 102.2018
2018-04-10T15:33:48.9720438Z, 1, 17.16738, 158.5247, 100.1206
2018-04-10T15:33:48.9885967Z, 1, 14.02821, 158.1076, 97.28156
2018-04-10T15:33:49.0054251Z, 1, 10.17581, 157.8191, 93.96568
2018-04-10T15:33:49.0220446Z, 1, 5.455136, 157.7765, 90.14949
2018-04-10T15:33:49.0387702Z, 1, -0.09716137, 158.0292, 86.26254
2018-04-10T15:33:49.0548432Z, 1, -6.362642, 158.543, 81.47792
2018-04-10T15:33:49.0717197Z, 1, -13.46488, 159.0072, 75.81733
2018-04-10T15:33:49.0879973Z, 1, -17.17252, 159.2102, 72.6704
2018-04-10T15:33:49.1052757Z, 1, -24.94736, 159.9246, 66.72481
2018-04-10T15:33:49.1212961Z, 1, -32.79739, 160.7428, 60.23288
2018-04-10T15:33:49.1376187Z, 1, -40.64305, 161.8574, 53.87172
2018-04-10T15:33:49.1541906Z, 1, -48.3694, 162.9764, 46.72612
2018-04-10T15:33:49.1707816Z, 1, -56.12398, 164.4589, 39.21851
2018-04-10T15:33:49.1876820Z, 1, -63.56178, 166.6641, 31.22297
2018-04-10T15:33:49.2042141Z, 1, -70.33771, 168.1353, 23.58856
2018-04-10T15:33:49.2351153Z, 1, -79.60331, 169.9053, 12.20566
2018-04-10T15:33:49.2376073Z, 1, -82.57954, 170.7233, 8.504451
2018-04-10T15:33:49.2566853Z, 1, -88.16277, 171.9907, 1.403054
2018-04-10T15:33:49.2735353Z, 1, -93.53302, 173.0856, -5.15478
2018-04-10T15:33:49.2904923Z, 1, -98.20266, 174.0464, -10.86243
2018-04-10T15:33:49.3070230Z, 1, -102.0112, 174.4167, -15.71469
2018-04-10T15:33:49.3244297Z, 1, -105.3123, 174.9568, -19.84675
2018-04-10T15:33:49.3364370Z, 1, -106.8447, 175.2934, -21.67006
2018-04-10T15:33:49.3564439Z, 1, -109.7462, 176.0574, -24.79993
2018-04-10T15:33:49.3729032Z, 1, -112.1361, 176.4934, -27.41875
2018-04-10T15:33:49.3896211Z, 1, -114.2702, 177.0721, -29.65708
2018-04-10T15:33:49.4056748Z, 1, -114.2702, 177.0721, -29.65708
2018-04-10T15:33:49.4224690Z, 1, -117.6006, 177.3552, -32.57057
2018-04-10T15:33:49.4359823Z, 1, -119.1168, 177.3111, -33.65516
2018-04-10T15:33:49.4560546Z, 1, -120.4817, 177.4532, -34.62835
2018-04-10T15:33:49.4729997Z, 1, -121.6928, 177.5627, -35.35788
2018-04-10T15:33:49.4890363Z, 1, -122.8484, 177.7505, -35.8085
2018-04-10T15:33:49.5058775Z, 1, -123.8073, 178.2922, -36.04993
2018-04-10T15:33:49.5219408Z, 1, -124.2667, 178.7609, -36.17865
2018-04-10T15:33:49.5352272Z, 1, -125.0947, 179.3233, -36.11937
2018-04-10T15:33:49.5550110Z, 1, -125.8245, 180.0597, -35.96773
2018-04-10T15:33:49.5720915Z, 1, -126.5576, 180.7605, -35.61784
2018-04-10T15:33:49.5880686Z, 1, -127.2375, 181.4168, -35.13766
2018-04-10T15:33:49.6042746Z, 1, -127.815, 181.8957, -34.50253
2018-04-10T15:33:49.6209846Z, 1, -128.2877, 182.2886, -33.82473
2018-04-10T15:33:49.6347545Z, 1, -128.4843, 182.4786, -33.51822
2018-04-10T15:33:49.6545480Z, 1, -128.791, 182.6065, -32.72122
2018-04-10T15:33:49.6721157Z, 1, -129.1068, 182.7845, -31.58288
2018-04-10T15:33:49.6877115Z, 1, -129.2524, 182.7553, -30.71344
2018-04-10T15:33:49.7041004Z, 1, -129.3008, 182.7136, -30.38099
2018-04-10T15:33:49.7245100Z, 1, -129.4681, 182.6828, -29.22353
2018-04-10T15:33:49.7342007Z, 1, -129.5381, 182.7203, -28.88819
2018-04-10T15:33:49.7539623Z, 1, -129.6215, 183.0053, -28.20245
2018-04-10T15:33:49.7702487Z, 1, -129.7149, 183.3124, -27.60519
2018-04-10T15:33:49.7867564Z, 1, -129.7089, 183.465, -27.11978
2018-04-10T15:33:49.8035543Z, 1, -129.661, 183.5689, -26.72395
2018-04-10T15:33:49.8170929Z, 1, -129.6214, 183.6124, -26.5703
2018-04-10T15:33:49.8371880Z, 1, -129.5103, 183.7752, -26.16129
2018-04-10T15:33:49.8539054Z, 1, -129.4018, 183.919, -25.98252
2018-04-10T15:33:49.8699405Z, 1, -129.2423, 184.0946, -25.87999
2018-04-10T15:33:49.8869613Z, 1, -129.1271, 184.1469, -25.81033
2018-04-10T15:33:49.9031675Z, 1, -128.8622, 184.3223, -25.7502
2018-04-10T15:33:49.9159869Z, 1, -128.4831, 184.4093, -25.73444
2018-04-10T15:33:49.9359645Z, 1, -128.0249, 184.4158, -25.77018
2018-04-10T15:33:49.9525148Z, 1, -127.5547, 184.4432, -25.93834
2018-04-10T15:33:49.9688710Z, 1, -127.1153, 184.5323, -26.12267
2018-04-10T15:33:49.9858966Z, 1, -126.6367, 184.5677, -26.30846
2018-04-10T15:33:50.0024370Z, 1, -126.1955, 184.5612, -26.53255
2018-04-10T15:33:50.0159440Z, 1, -125.9293, 184.4682, -26.66499
2018-04-10T15:33:50.0361412Z, 1, -125.2663, 184.2716, -27.00087
2018-04-10T15:33:50.0523500Z, 1, -124.8213, 184.0722, -27.19294
2018-04-10T15:33:50.0686126Z, 1, -124.5631, 183.9254, -27.29527
2018-04-10T15:33:50.0851908Z, 1, -124.0149, 183.4884, -27.49744
2018-04-10T15:33:50.1013794Z, 1, -123.4705, 183.0091, -27.69653
2018-04-10T15:33:50.1148852Z, 1, -122.9569, 182.5146, -27.85942
2018-04-10T15:33:50.1349160Z, 1, -122.5612, 182.0958, -28.00821
2018-04-10T15:33:50.1509842Z, 1, -122.1362, 181.5986, -28.17979
2018-04-10T15:33:50.1676988Z, 1, -121.7645, 180.9616, -28.35419
2018-04-10T15:33:50.1843436Z, 1, -121.3893, 180.3523, -28.46407
2018-04-10T15:33:50.2018914Z, 1, -121.0619, 179.8894, -28.5113
2018-04-10T15:33:50.2146149Z, 1, -120.8963, 179.615, -28.57618
2018-04-10T15:33:50.2344934Z, 1, -120.4848, 178.9467, -28.65995
2018-04-10T15:33:50.2512418Z, 1, -120.3622, 178.7371, -28.66576
2018-04-10T15:33:50.2676814Z, 1, -120.1402, 178.362, -28.69227
2018-04-10T15:33:50.2841643Z, 1, -119.9404, 178.1259, -28.71885
2018-04-10T15:33:50.3006622Z, 1, -119.8165, 178.1056, -28.77477
2018-04-10T15:33:50.3138994Z, 1, -119.7362, 178.136, -28.84286
2018-04-10T15:33:50.3334216Z, 1, -119.6588, 178.2211, -28.86409
2018-04-10T15:33:50.3518336Z, 1, -119.545, 178.3012, -28.90872
2018-04-10T15:33:50.3667257Z, 1, -119.412, 178.4118, -28.87721
2018-04-10T15:33:50.3833722Z, 1, -119.2526, 178.5142, -28.87657
2018-04-10T15:33:50.3967087Z, 1, -119.1576, 178.5756, -28.85697
2018-04-10T15:33:50.4167623Z, 1, -118.9405, 178.7347, -28.90306
2018-04-10T15:33:50.4337094Z, 1, -118.8582, 178.7938, -28.92059
2018-04-10T15:33:50.4503419Z, 1, -118.7198, 178.8938, -28.96443
2018-04-10T15:33:50.4660615Z, 1, -118.5191, 178.9937, -28.9055
2018-04-10T15:33:50.4825941Z, 1, -118.314, 179.1031, -28.80943
2018-04-10T15:33:50.4958364Z, 1, -118.1212, 179.2183, -28.79514
2018-04-10T15:33:50.5158855Z, 1, -117.9433, 179.2998, -28.87444
2018-04-10T15:33:50.5323760Z, 1, -117.7872, 179.3807, -28.99383
2018-04-10T15:33:50.5488469Z, 1, -117.6584, 179.4203, -29.09491
2018-04-10T15:33:50.5658734Z, 1, -117.5397, 179.4621, -29.2082
2018-04-10T15:33:50.5824428Z, 1, -117.4064, 179.515, -29.29913
2018-04-10T15:33:50.5954525Z, 1, -117.3284, 179.5207, -29.34533
2018-04-10T15:33:50.6155377Z, 1, -117.089, 179.4972, -29.44844
2018-04-10T15:33:50.6317895Z, 1, -116.9989, 179.4728, -29.48675
2018-04-10T15:33:50.6483697Z, 1, -116.8659, 179.4006, -29.54594
2018-04-10T15:33:50.6651758Z, 1, -116.7403, 179.337, -29.56523
2018-04-10T15:33:50.6817427Z, 1, -116.6817, 179.3453, -29.43955
2018-04-10T15:33:50.6949055Z, 1, -116.6419, 179.3858, -29.35677
2018-04-10T15:33:50.7145066Z, 1, -116.5531, 179.3891, -29.30914
2018-04-10T15:33:50.7466518Z, 1, -116.438, 179.3541, -29.22495
2018-04-10T15:33:50.7516595Z, 1, -116.438, 179.3541, -29.22495
2018-04-10T15:33:50.7680342Z, 1, -116.438, 179.3541, -29.22495
2018-04-10T15:33:50.7850669Z, 1, -116.3805, 179.3775, -29.25726
2018-04-10T15:33:50.8020607Z, 1, -116.3937, 179.4398, -29.19129
2018-04-10T15:33:50.8151760Z, 1, -116.3316, 179.4372, -29.10989
2018-04-10T15:33:50.8350400Z, 1, -116.2718, 179.4808, -29.0229
2018-04-10T15:33:50.8513561Z, 1, -116.2368, 179.5388, -28.97021
2018-04-10T15:33:50.8685417Z, 1, -116.1654, 179.6461, -28.90491
2018-04-10T15:33:50.8843628Z, 1, -116.079, 179.7556, -28.88382
2018-04-10T15:33:50.9009393Z, 1, -116.0188, 179.8127, -28.93932
2018-04-10T15:33:50.9142038Z, 1, -115.8575, 179.8668, -28.94385
2018-04-10T15:33:50.9341507Z, 1, -115.6828, 179.9424, -28.97694
2018-04-10T15:33:50.9502769Z, 1, -115.4998, 180.0239, -29.07634
2018-04-10T15:33:50.9668637Z, 1, -115.2745, 180.0904, -29.06721
2018-04-10T15:33:50.9834131Z, 1, -114.972, 180.1348, -28.94034
2018-04-10T15:33:50.9968353Z, 1, -114.5356, 180.1216, -28.7917
2018-04-10T15:33:51.0173317Z, 1, -114.0509, 180.0955, -28.68147
2018-04-10T15:33:51.0349226Z, 1, -113.5449, 180.0943, -28.62551
2018-04-10T15:33:51.0509597Z, 1, -113.0463, 179.8704, -28.61145
2018-04-10T15:33:51.0669718Z, 1, -112.394, 179.6486, -28.49763
2018-04-10T15:33:51.0829962Z, 1, -112.0003, 179.5482, -28.4195
2018-04-10T15:33:51.0965174Z, 1, -111.0627, 179.453, -28.13541
2018-04-10T15:33:51.1157689Z, 1, -109.924, 179.5307, -27.54659
2018-04-10T15:33:51.1327957Z, 1, -108.5084, 179.7514, -26.59962
2018-04-10T15:33:51.1491180Z, 1, -106.8923, 180.0839, -25.21776
2018-04-10T15:33:51.1660386Z, 1, -104.8468, 180.3702, -23.36407
2018-04-10T15:33:51.1823874Z, 1, -102.5607, 180.7357, -21.21623
2018-04-10T15:33:51.1957581Z, 1, -101.2436, 180.7482, -19.99661
2018-04-10T15:33:51.2160109Z, 1, -96.62788, 180.135, -16.42562
2018-04-10T15:33:51.2351623Z, 1, -93.10207, 179.1651, -13.84497
2018-04-10T15:33:51.2490777Z, 1, -89.12305, 177.8601, -10.83784
2018-04-10T15:33:51.2652523Z, 1, -87.02085, 177.179, -9.16477
2018-04-10T15:33:51.2819051Z, 1, -82.58536, 175.8431, -5.634218
2018-04-10T15:33:51.2954217Z, 1, -77.88109, 174.7245, -1.634984
2018-04-10T15:33:51.3162930Z, 1, -73.14074, 173.9335, 2.199416
2018-04-10T15:33:51.3314675Z, 1, -68.0037, 173.0889, 6.515002
2018-04-10T15:33:51.3480306Z, 1, -62.61748, 172.1575, 10.99827
2018-04-10T15:33:51.3726006Z, 1, -54.11113, 170.246, 18.36207
2018-04-10T15:33:51.3811122Z, 1, -51.24539, 169.4286, 21.12767
2018-04-10T15:33:51.3946359Z, 1, -48.29531, 168.6736, 23.60979
2018-04-10T15:33:51.4115346Z, 1, -42.56958, 166.8338, 29.31257
2018-04-10T15:33:51.4277978Z, 1, -37.07204, 164.4335, 35.20496
2018-04-10T15:33:51.4443523Z, 1, -31.46988, 161.7177, 40.8991
2018-04-10T15:33:51.4611383Z, 1, -26.09894, 158.9467, 46.5463
2018-04-10T15:33:51.4774043Z, 1, -21.17364, 156.3748, 51.92815
2018-04-10T15:33:51.4978794Z, 1, -16.73941, 153.854, 56.99438
2018-04-10T15:33:51.5113832Z, 1, -12.67398, 151.2174, 61.74603
2018-04-10T15:33:51.5278169Z, 1, -8.962431, 148.7449, 66.3113
2018-04-10T15:33:51.5442547Z, 1, -5.479806, 146.3467, 70.4763
2018-04-10T15:33:51.5608976Z, 1, -2.379265, 143.8643, 75.13342
2018-04-10T15:33:51.5768155Z, 1, -1.014301, 142.5043, 77.01105
2018-04-10T15:33:51.5936621Z, 1, 1.332244, 140.2124, 80.30951
2018-04-10T15:33:51.6139006Z, 1, 3.163956, 138.0471, 83.28609
2018-04-10T15:33:51.6269409Z, 1, 4.731804, 136.1921, 86.07471
2018-04-10T15:33:51.6445101Z, 1, 6.066085, 134.699, 88.71788
2018-04-10T15:33:51.6614768Z, 1, 7.228495, 133.2299, 90.98686
2018-04-10T15:33:51.6761948Z, 1, 8.104551, 131.9398, 92.99503
2018-04-10T15:33:51.6931842Z, 1, 8.743742, 130.878, 94.555
2018-04-10T15:33:51.7093685Z, 1, 9.372307, 130.0258, 95.8126
2018-04-10T15:33:51.7262214Z, 1, 10.04352, 129.2506, 96.53255
2018-04-10T15:33:51.7430364Z, 1, 10.71867, 128.8456, 96.92469
2018-04-10T15:33:51.7596650Z, 1, 10.98344, 128.7281, 97.02005
2018-04-10T15:33:51.7757417Z, 1, 11.51146, 128.6512, 97.03993
2018-04-10T15:33:51.8030650Z, 1, 12.30249, 128.6356, 96.75711
2018-04-10T15:33:51.8090749Z, 1, 12.55412, 128.6725, 96.553
2018-04-10T15:33:51.8275810Z, 1, 13.01613, 128.7571, 96.07053
2018-04-10T15:33:51.8421914Z, 1, 13.37287, 128.925, 95.49121
2018-04-10T15:33:51.8592167Z, 1, 13.59535, 129.0372, 94.98068
2018-04-10T15:33:51.8749747Z, 1, 13.59535, 129.0372, 94.98068
2018-04-10T15:33:51.8919499Z, 1, 13.56809, 129.1948, 94.2512
2018-04-10T15:33:51.9083246Z, 1, 13.35179, 129.3846, 93.97982
2018-04-10T15:33:51.9251089Z, 1, 13.04078, 129.5889, 93.64753
2018-04-10T15:33:51.9420372Z, 1, 12.85632, 129.6649, 93.48872
2018-04-10T15:33:51.9580749Z, 1, 12.5118, 129.8545, 93.2573
2018-04-10T15:33:51.9746645Z, 1, 12.23554, 130.0679, 93.10405
2018-04-10T15:33:51.9911912Z, 1, 11.98788, 130.2217, 92.85459
2018-04-10T15:33:52.0077970Z, 1, 11.80054, 130.4861, 92.67822
2018-04-10T15:33:52.0242540Z, 1, 11.73037, 130.7419, 92.43397
2018-04-10T15:33:52.0410667Z, 1, 11.76263, 131.1101, 92.12941
2018-04-10T15:33:52.0580300Z, 1, 11.92284, 131.5656, 91.85529
2018-04-10T15:33:52.0740515Z, 1, 12.20076, 132.0787, 91.52562
2018-04-10T15:33:52.0910782Z, 1, 12.31756, 132.3149, 91.43546
2018-04-10T15:33:52.1072893Z, 1, 12.91697, 133.1407, 90.97544
2018-04-10T15:33:52.1238029Z, 1, 13.11854, 133.4374, 90.85119
2018-04-10T15:33:52.1403276Z, 1, 13.55848, 134.024, 90.65298
2018-04-10T15:33:52.1568543Z, 1, 14.00153, 134.5998, 90.44096
2018-04-10T15:33:52.1733864Z, 1, 14.45908, 135.156, 90.28021
2018-04-10T15:33:52.1899598Z, 1, 14.91721, 135.6005, 90.07902
2018-04-10T15:33:52.2070064Z, 1, 15.36049, 136.1079, 89.92899
2018-04-10T15:33:52.2235713Z, 1, 15.79478, 136.5086, 89.79921
2018-04-10T15:33:52.2397217Z, 1, 16.23526, 136.7381, 89.6074
2018-04-10T15:33:52.2559296Z, 1, 16.65511, 137.0838, 89.47978
2018-04-10T15:33:52.2729068Z, 1, 16.99315, 137.3821, 89.40516
2018-04-10T15:33:52.2959471Z, 1, 17.24955, 137.6095, 89.34458
2018-04-10T15:33:52.3063584Z, 1, 17.44153, 137.7861, 89.27765
2018-04-10T15:33:52.3228094Z, 1, 17.53388, 137.9027, 89.25224
2018-04-10T15:33:52.3390059Z, 1, 17.68179, 138.0185, 89.16276
2018-04-10T15:33:52.3554837Z, 1, 17.80687, 138.1198, 89.09794
2018-04-10T15:33:52.3725221Z, 1, 17.89029, 138.1649, 89.00908
2018-04-10T15:33:52.3887681Z, 1, 17.97188, 138.1777, 88.91216
2018-04-10T15:33:52.4053566Z, 1, 18.01564, 138.244, 88.8539
2018-04-10T15:33:52.4219849Z, 1, 18.08196, 138.2409, 88.7601
2018-04-10T15:33:52.4385346Z, 1, 18.10975, 138.2527, 88.61478
2018-04-10T15:33:52.4550591Z, 1, 18.12648, 138.2976, 88.4958
2018-04-10T15:33:52.4716734Z, 1, 18.16632, 138.285, 88.23235
2018-04-10T15:33:52.4881990Z, 1, 18.18737, 138.3134, 88.13746
2018-04-10T15:33:52.5051768Z, 1, 18.19441, 138.3518, 87.99429
2018-04-10T15:33:52.5212171Z, 1, 18.26405, 138.4293, 87.50399
2018-04-10T15:33:52.5380457Z, 1, 18.29682, 138.4143, 87.00624
2018-04-10T15:33:52.5539872Z, 1, 18.21177, 138.2355, 86.343
2018-04-10T15:33:52.5710131Z, 1, 18.03253, 137.8457, 85.34722
2018-04-10T15:33:52.5875222Z, 1, 17.71531, 137.3969, 84.10729
2018-04-10T15:33:52.6045506Z, 1, 17.46254, 137.2346, 82.95987
2018-04-10T15:33:52.6210119Z, 1, 17.24865, 137.1492, 81.78974
2018-04-10T15:33:52.6368914Z, 1, 17.16024, 137.4782, 80.5129
2018-04-10T15:33:52.6540388Z, 1, 17.13646, 137.7402, 79.91486
2018-04-10T15:33:52.6704368Z, 1, 17.12328, 138.1745, 78.49126
2018-04-10T15:33:52.6872644Z, 1, 16.97976, 138.5444, 77.17549
2018-04-10T15:33:52.7036815Z, 1, 16.77205, 138.7706, 75.46476
2018-04-10T15:33:52.7201811Z, 1, 16.54016, 139.2465, 73.83568
2018-04-10T15:33:52.7365741Z, 1, 16.36593, 139.998, 71.93697
2018-04-10T15:33:52.7533777Z, 1, 16.55475, 141.3426, 70.5829
2018-04-10T15:33:52.7699029Z, 1, 17.00929, 143.2316, 69.56128
2018-04-10T15:33:52.7866306Z, 1, 17.56145, 145.1404, 69.04753
2018-04-10T15:33:52.8027343Z, 1, 17.88314, 147.1368, 68.74773
2018-04-10T15:33:52.8192824Z, 1, 18.15077, 148.5915, 68.96454
2018-04-10T15:33:52.8356861Z, 1, 18.27698, 149.8615, 69.02267
2018-04-10T15:33:52.8529753Z, 1, 18.29302, 150.8297, 69.05321
2018-04-10T15:33:52.8694459Z, 1, 18.28394, 151.2379, 69.16241
2018-04-10T15:33:52.8856817Z, 1, 18.0891, 151.8211, 69.28922
2018-04-10T15:33:52.9025397Z, 1, 17.74667, 152.4109, 69.52718
2018-04-10T15:33:52.9186517Z, 1, 17.15556, 152.9051, 69.91717
2018-04-10T15:33:52.9351553Z, 1, 16.4743, 153.2049, 70.4074
2018-04-10T15:33:52.9518650Z, 1, 15.68402, 153.3604, 70.96165
2018-04-10T15:33:52.9688064Z, 1, 15.12705, 153.1814, 71.52132
2018-04-10T15:33:52.9853792Z, 1, 15.12705, 153.1814, 71.52132
2018-04-10T15:33:53.0019474Z, 1, 13.90816, 152.5047, 72.55904
2018-04-10T15:33:53.0182786Z, 1, 13.43065, 152.0636, 72.96915
2018-04-10T15:33:53.0347623Z, 1, 12.86692, 151.8453, 73.16483
2018-04-10T15:33:53.0515292Z, 1, 12.63397, 151.7013, 73.27078
2018-04-10T15:33:53.0697647Z, 1, 12.20974, 151.423, 73.5197
2018-04-10T15:33:53.0845271Z, 1, 11.87555, 151.0956, 73.7089
2018-04-10T15:33:53.1011927Z, 1, 11.608, 150.8095, 73.84421
2018-04-10T15:33:53.1177410Z, 1, 11.42789, 150.6224, 73.93481
2018-04-10T15:33:53.1339805Z, 1, 11.3526, 150.5268, 73.99503
2018-04-10T15:33:53.1506225Z, 1, 11.30671, 150.4417, 74.06382
2018-04-10T15:33:53.1675943Z, 1, 11.28748, 150.3885, 74.11124
2018-04-10T15:33:53.1840982Z, 1, 11.32482, 150.3909, 74.16216
2018-04-10T15:33:53.2006235Z, 1, 11.39704, 150.352, 74.17356
2018-04-10T15:33:53.2171601Z, 1, 11.48377, 150.3418, 74.17325
2018-04-10T15:33:53.2336786Z, 1, 11.54846, 150.3427, 74.14739
2018-04-10T15:33:53.2506999Z, 1, 11.70291, 150.3429, 74.10559
2018-04-10T15:33:53.2675681Z, 1, 11.88364, 150.3784, 74.06355
2018-04-10T15:33:53.2837288Z, 1, 12.0478, 150.3537, 73.99088
2018-04-10T15:33:53.2999726Z, 1, 12.22182, 150.3626, 73.89612
2018-04-10T15:33:53.3162531Z, 1, 12.37824, 150.3445, 73.77493
2018-04-10T15:33:53.3331851Z, 1, 12.56534, 150.342, 73.71037
2018-04-10T15:33:53.3499395Z, 1, 12.7505, 150.3785, 73.7049
2018-04-10T15:33:53.3664192Z, 1, 12.86331, 150.4577, 73.73504
2018-04-10T15:33:53.3827145Z, 1, 12.88554, 150.5444, 73.80891
2018-04-10T15:33:53.3994498Z, 1, 12.88915, 150.5975, 73.90088
2018-04-10T15:33:53.4157887Z, 1, 12.8758, 150.6829, 73.98183
2018-04-10T15:33:53.4328698Z, 1, 12.80452, 150.8889, 74.16713
2018-04-10T15:33:53.4493592Z, 1, 12.69763, 150.9628, 74.26897
2018-04-10T15:33:53.4659895Z, 1, 12.54629, 151.0338, 74.389
2018-04-10T15:33:53.4825788Z, 1, 12.39637, 151.1171, 74.50988
2018-04-10T15:33:53.4987722Z, 1, 12.28954, 151.1449, 74.65183
2018-04-10T15:33:53.5152829Z, 1, 12.21072, 151.1669, 74.77959
2018-04-10T15:33:53.5318424Z, 1, 12.12516, 151.2426, 74.91865
2018-04-10T15:33:53.5487180Z, 1, 12.03742, 151.2933, 74.98842
2018-04-10T15:33:53.5651952Z, 1, 11.98515, 151.2593, 75.07232
2018-04-10T15:33:53.5819174Z, 1, 11.94977, 151.2119, 75.11365
2018-04-10T15:33:53.5983501Z, 1, 11.92357, 151.1827, 75.14211
2018-04-10T15:33:53.6147200Z, 1, 11.91361, 151.1901, 75.17159
2018-04-10T15:33:53.6320985Z, 1, 11.89733, 151.1931, 75.21551
2018-04-10T15:33:53.6482823Z, 1, 11.9208, 151.087, 75.21018
2018-04-10T15:33:53.6648312Z, 1, 12.02209, 151.0389, 75.18511
2018-04-10T15:33:53.6809213Z, 1, 12.16622, 150.9916, 75.12894
2018-04-10T15:33:53.6974739Z, 1, 12.34774, 150.951, 75.08449
2018-04-10T15:33:53.7140561Z, 1, 12.50224, 150.9036, 75.05093
2018-04-10T15:33:53.7307672Z, 1, 12.61061, 150.8235, 74.96601
2018-04-10T15:33:53.7473297Z, 1, 12.69175, 150.7348, 74.91072
2018-04-10T15:33:53.7636757Z, 1, 12.74093, 150.6722, 74.87322
2018-04-10T15:33:53.7805100Z, 1, 12.76471, 150.6338, 74.88
2018-04-10T15:33:53.7978430Z, 1, 12.7726, 150.6303, 74.90503
2018-04-10T15:33:53.8131906Z, 1, 12.75642, 150.5746, 74.89011
2018-04-10T15:33:53.8301334Z, 1, 12.75757, 150.6337, 74.96335
2018-04-10T15:33:53.8465215Z, 1, 12.76917, 150.6689, 74.98315
2018-04-10T15:33:53.8634335Z, 1, 12.79205, 150.7124, 74.97742
2018-04-10T15:33:53.8799670Z, 1, 12.81743, 150.7869, 74.99502
2018-04-10T15:33:53.8960816Z, 1, 12.85666, 150.8642, 75.02882
2018-04-10T15:33:53.9130634Z, 1, 12.90452, 150.9906, 75.0995
2018-04-10T15:33:53.9298394Z, 1, 12.94194, 151.0557, 75.16675
2018-04-10T15:33:53.9467819Z, 1, 12.96352, 151.0553, 75.20545
2018-04-10T15:33:53.9628706Z, 1, 12.9668, 151.0346, 75.26478
2018-04-10T15:33:53.9793680Z, 1, 12.96214, 150.9481, 75.28719
2018-04-10T15:33:53.9955457Z, 1, 12.93126, 150.9031, 75.32529
2018-04-10T15:33:54.0121900Z, 1, 12.8923, 150.9029, 75.39945
2018-04-10T15:33:54.0287124Z, 1, 12.83616, 150.9116, 75.515
2018-04-10T15:33:54.0452260Z, 1, 12.76816, 150.8723, 75.64524
2018-04-10T15:33:54.0621651Z, 1, 12.7159, 150.8514, 75.74834
2018-04-10T15:33:54.0784518Z, 1, 12.6503, 150.803, 75.81714
2018-04-10T15:33:54.0951834Z, 1, 12.6503, 150.803, 75.81714
2018-04-10T15:33:54.1128047Z, 1, 12.55572, 150.7242, 75.94521
2018-04-10T15:33:54.1281116Z, 1, 12.51715, 150.6866, 75.90095
2018-04-10T15:33:54.1451480Z, 1, 12.47362, 150.6631, 75.87106
2018-04-10T15:33:54.1616932Z, 1, 12.44917, 150.6589, 75.85052
2018-04-10T15:33:54.1788754Z, 1, 12.3886, 150.6472, 75.81647
2018-04-10T15:33:54.1943715Z, 1, 12.32533, 150.6032, 75.79053
2018-04-10T15:33:54.2110080Z, 1, 12.2457, 150.5667, 75.79577
2018-04-10T15:33:54.2304562Z, 1, 12.16956, 150.5549, 75.82662
2018-04-10T15:33:54.2444152Z, 1, 12.13741, 150.5386, 75.84459
2018-04-10T15:33:54.2625437Z, 1, 12.09523, 150.4423, 75.84047
2018-04-10T15:33:54.2770661Z, 1, 12.05954, 150.3871, 75.82641
2018-04-10T15:33:54.2940932Z, 1, 12.02288, 150.3423, 75.80312
2018-04-10T15:33:54.3106187Z, 1, 11.85621, 150.2533, 75.65754
2018-04-10T15:33:54.3271437Z, 1, 11.51713, 150.1319, 75.4235
2018-04-10T15:33:54.3436712Z, 1, 11.2548, 150.0426, 75.2128
2018-04-10T15:33:54.3604953Z, 1, 10.44172, 149.8695, 74.61593
2018-04-10T15:33:54.3767981Z, 1, 9.068201, 149.9248, 73.77682
2018-04-10T15:33:54.3936927Z, 1, 6.852268, 150.1743, 72.32652
2018-04-10T15:33:54.4101215Z, 1, 3.601359, 150.7184, 70.12854
2018-04-10T15:33:54.4266511Z, 1, -0.5803479, 151.4355, 67.39286
2018-04-10T15:33:54.4429700Z, 1, -5.181805, 151.5218, 63.96306
2018-04-10T15:33:54.4594548Z, 1, -10.02976, 151.7531, 60.41579
2018-04-10T15:33:54.4778218Z, 1, -15.12804, 152.7555, 56.97369
2018-04-10T15:33:54.4948645Z, 1, -20.72072, 153.9509, 53.15997
2018-04-10T15:33:54.5093699Z, 1, -26.98897, 154.9866, 48.41935
2018-04-10T15:33:54.5258018Z, 1, -30.12196, 155.7702, 46.00753
2018-04-10T15:33:54.5430127Z, 1, -36.86395, 157.6998, 41.53143
2018-04-10T15:33:54.5595414Z, 1, -43.64334, 158.5093, 36.16653
2018-04-10T15:33:54.5756998Z, 1, -50.05997, 158.6759, 30.37609
2018-04-10T15:33:54.5926380Z, 1, -56.09523, 158.4281, 23.8525
2018-04-10T15:33:54.6239744Z, 1, -66.81681, 159.3285, 12.26621
2018-04-10T15:33:54.6319867Z, 1, -69.08411, 159.8118, 9.570079
2018-04-10T15:33:54.6544751Z, 1, -73.32813, 160.4665, 4.370219
2018-04-10T15:33:54.6655367Z, 1, -75.2297, 161.1724, 1.841618
2018-04-10T15:33:54.6818047Z, 1, -78.8829, 162.3943, -3.044894
2018-04-10T15:33:54.6948637Z, 1, -82.16971, 163.6605, -7.825087
2018-04-10T15:33:54.7145185Z, 1, -85.02091, 164.5805, -12.31745
2018-04-10T15:33:54.7310634Z, 1, -87.39684, 165.2753, -15.85966
2018-04-10T15:33:54.7481679Z, 1, -89.32321, 165.857, -18.79349
2018-04-10T15:33:54.7644885Z, 1, -90.90731, 166.2411, -20.97387
2018-04-10T15:33:54.7825254Z, 1, -92.34047, 166.6759, -22.60947
2018-04-10T15:33:54.7945851Z, 1, -92.97924, 166.7688, -23.28598
2018-04-10T15:33:54.8141921Z, 1, -94.66204, 167.1826, -24.79916
2018-04-10T15:33:54.8307720Z, 1, -95.5127, 167.405, -25.48283
2018-04-10T15:33:54.8478267Z, 1, -96.2001, 167.6286, -25.91347
2018-04-10T15:33:54.8661871Z, 1, -96.46109, 167.7066, -26.08721
2018-04-10T15:33:54.8772761Z, 1, -96.95155, 167.9283, -26.25262
2018-04-10T15:33:54.8968298Z, 1, -97.40855, 168.1776, -26.35743
2018-04-10T15:33:54.9159294Z, 1, -97.83966, 168.3856, -26.19269
2018-04-10T15:33:54.9297702Z, 1, -98.19284, 168.5826, -25.84328
2018-04-10T15:33:54.9466720Z, 1, -98.48436, 168.7562, -25.28611
2018-04-10T15:33:54.9652249Z, 1, -98.73917, 168.9401, -24.71302
2018-04-10T15:33:54.9766992Z, 1, -98.8447, 169.0082, -24.38615
2018-04-10T15:33:54.9965638Z, 1, -99.21339, 169.2121, -23.63382
2018-04-10T15:33:55.0132071Z, 1, -99.43359, 169.2623, -23.15235
2018-04-10T15:33:55.0312363Z, 1, -99.61859, 169.3009, -22.73025
2018-04-10T15:33:55.0460957Z, 1, -99.67961, 169.2703, -22.50491
2018-04-10T15:33:55.0622587Z, 1, -99.7916, 169.3617, -22.16202
2018-04-10T15:33:55.0757315Z, 1, -99.89289, 169.4729, -21.8438
2018-04-10T15:33:55.0957885Z, 1, -99.97428, 169.5744, -21.57209
2018-04-10T15:33:55.1163367Z, 1, -100.0508, 169.5654, -21.15963
2018-04-10T15:33:55.1293568Z, 1, -100.0858, 169.5692, -21.01885
2018-04-10T15:33:55.1452664Z, 1, -100.1872, 169.6026, -20.7592
2018-04-10T15:33:55.1618896Z, 1, -100.2805, 169.7819, -20.52971
2018-04-10T15:33:55.1754208Z, 1, -100.3112, 169.81, -20.45772
2018-04-10T15:33:55.1949891Z, 1, -100.3661, 169.8501, -20.37386
2018-04-10T15:33:55.2141211Z, 1, -100.7306, 170.0363, -20.07242
2018-04-10T15:33:55.2282551Z, 1, -100.7771, 170.0891, -20.03401
2018-04-10T15:33:55.2452161Z, 1, -100.9375, 170.1819, -19.82819
2018-04-10T15:33:55.2613022Z, 1, -101.0715, 170.3645, -19.61013
2018-04-10T15:33:55.2744674Z, 1, -101.1747, 170.6469, -19.39344
2018-04-10T15:33:55.2944188Z, 1, -101.272, 170.99, -19.14037
2018-04-10T15:33:55.3108071Z, 1, -101.396, 171.3562, -18.90161
2018-04-10T15:33:55.3278157Z, 1, -101.5426, 171.7259, -18.6877
2018-04-10T15:33:55.3468444Z, 1, -101.6582, 171.9922, -18.46602
2018-04-10T15:33:55.3613671Z, 1, -101.6816, 172.2301, -18.25431
2018-04-10T15:33:55.3738859Z, 1, -101.6832, 172.2919, -18.17138
2018-04-10T15:33:55.3939173Z, 1, -101.6456, 172.3977, -17.99504
2018-04-10T15:33:55.4109839Z, 1, -101.6139, 172.4801, -17.87781
2018-04-10T15:33:55.4269713Z, 1, -101.5941, 172.5084, -17.82113
2018-04-10T15:33:55.4440680Z, 1, -101.5859, 172.5486, -17.7515
2018-04-10T15:33:55.4567644Z, 1, -101.6751, 172.5565, -17.6908
2018-04-10T15:33:55.4766563Z, 1, -101.7524, 172.6393, -17.63091
2018-04-10T15:33:55.4929360Z, 1, -101.8013, 172.6088, -17.56271
2018-04-10T15:33:55.5100208Z, 1, -101.8809, 172.7402, -17.53761
2018-04-10T15:33:55.5264411Z, 1, -101.9429, 172.9295, -17.49621
2018-04-10T15:33:55.5429663Z, 1, -101.8989, 172.9419, -17.48495
2018-04-10T15:33:55.5564770Z, 1, -101.9676, 173.0715, -17.56999
2018-04-10T15:33:55.5779960Z, 1, -101.8218, 172.8996, -17.53493
2018-04-10T15:33:55.5945856Z, 1, -101.7546, 172.8169, -17.52795
2018-04-10T15:33:55.6092012Z, 1, -101.6624, 172.7399, -17.55106
2018-04-10T15:33:55.6259857Z, 1, -101.5779, 172.7258, -17.51859
2018-04-10T15:33:55.6422841Z, 1, -101.5272, 172.7019, -17.57064
2018-04-10T15:33:55.6557695Z, 1, -101.5108, 172.6613, -17.52905
2018-04-10T15:33:55.6751443Z, 1, -101.4083, 172.5414, -17.48758
2018-04-10T15:33:55.6918659Z, 1, -101.3322, 172.5636, -17.45628
2018-04-10T15:33:55.7086749Z, 1, -101.214, 172.524, -17.42051
2018-04-10T15:33:55.7255045Z, 1, -101.0834, 172.4905, -17.32977
2018-04-10T15:33:55.7423681Z, 1, -100.8993, 172.3979, -17.30769
2018-04-10T15:33:55.7553144Z, 1, -100.8073, 172.332, -17.30762
2018-04-10T15:33:55.7744328Z, 1, -100.6103, 172.2211, -17.30777
2018-04-10T15:33:55.7912270Z, 1, -100.3777, 172.1305, -17.27445
2018-04-10T15:33:55.8078015Z, 1, -100.1812, 172.0322, -17.2836
2018-04-10T15:33:55.8245217Z, 1, -99.9366, 171.9225, -17.44582
2018-04-10T15:33:55.8411073Z, 1, -99.66856, 171.7926, -17.54318
2018-04-10T15:33:55.8545995Z, 1, -99.40244, 171.6942, -17.63329
2018-04-10T15:33:55.8741291Z, 1, -99.09715, 171.6402, -17.68001
2018-04-10T15:33:55.8911556Z, 1, -98.78723, 171.6106, -17.71662
2018-04-10T15:33:55.9076905Z, 1, -98.50509, 171.656, -17.78807
2018-04-10T15:33:55.9242932Z, 1, -98.28178, 171.7355, -17.91565
2018-04-10T15:33:55.9410157Z, 1, -98.07946, 171.7926, -18.00214
2018-04-10T15:33:55.9540167Z, 1, -97.99789, 171.822, -18.04078
2018-04-10T15:33:55.9743130Z, 1, -97.85833, 171.9698, -18.05844
2018-04-10T15:33:55.9901259Z, 1, -97.70218, 172.0643, -17.91543
2018-04-10T15:33:56.0067795Z, 1, -97.53894, 172.1483, -17.79805
2018-04-10T15:33:56.0233449Z, 1, -97.353, 172.2135, -17.65234
2018-04-10T15:33:56.0368494Z, 1, -97.18609, 172.3079, -17.4895
2018-04-10T15:33:56.0565958Z, 1, -97.07105, 172.3025, -17.37163
2018-04-10T15:33:56.0743708Z, 1, -96.94606, 172.2458, -17.17426
2018-04-10T15:33:56.0897656Z, 1, -96.77374, 172.1729, -16.97711
2018-04-10T15:33:56.1306358Z, 1, -96.25539, 171.9243, -16.47378
2018-04-10T15:33:56.1361535Z, 1, -96.08395, 171.8358, -16.33734
2018-04-10T15:33:56.1529836Z, 1, -95.70077, 171.6573, -16.0947
2018-04-10T15:33:56.1693108Z, 1, -95.22538, 171.3084, -15.87307
2018-04-10T15:33:56.1861326Z, 1, -94.72608, 171.0004, -15.68262
2018-04-10T15:33:56.2031178Z, 1, -94.13694, 170.6471, -15.54879
2018-04-10T15:33:56.2256409Z, 1, -93.48245, 170.2437, -15.44948
2018-04-10T15:33:56.2416809Z, 1, -92.77745, 169.905, -15.36532
2018-04-10T15:33:56.2552275Z, 1, -91.99073, 169.496, -15.26321
2018-04-10T15:33:56.2749085Z, 1, -91.10702, 169.1454, -15.17534
2018-04-10T15:33:56.2914349Z, 1, -90.67983, 168.9541, -15.11811
2018-04-10T15:33:56.3080911Z, 1, -89.10242, 168.2195, -14.76622
2018-04-10T15:33:56.3243665Z, 1, -88.19636, 167.8664, -14.55163
2018-04-10T15:33:56.3413952Z, 1, -86.93536, 167.6152, -14.10325
2018-04-10T15:33:56.3546882Z, 1, -86.16499, 167.3964, -13.75688
2018-04-10T15:33:56.3744674Z, 1, -83.59201, 166.7743, -12.30625
2018-04-10T15:33:56.3913774Z, 1, -81.33401, 166.1152, -10.56484
2018-04-10T15:33:56.4084164Z, 1, -78.88504, 165.2983, -8.463905
2018-04-10T15:33:56.4249417Z, 1, -77.57893, 164.8151, -7.388854
2018-04-10T15:33:56.4409666Z, 1, -74.74408, 163.8814, -4.967524
2018-04-10T15:33:56.4539983Z, 1, -71.55205, 162.223, -1.996074
2018-04-10T15:33:56.4740169Z, 1, -68.01504, 161.0049, 0.9367596
2018-04-10T15:33:56.4905715Z, 1, -64.04549, 159.6306, 4.1089
2018-04-10T15:33:56.5065312Z, 1, -59.79842, 158.36, 7.196878
2018-04-10T15:33:56.5235449Z, 1, -55.22873, 156.9596, 10.38508
2018-04-10T15:33:56.5372221Z, 1, -52.91247, 156.3147, 11.9529
2018-04-10T15:33:56.5568521Z, 1, -45.64621, 154.5359, 16.47154
2018-04-10T15:33:56.5735416Z, 1, -40.78836, 153.2676, 19.46712
2018-04-10T15:33:56.5900680Z, 1, -38.45618, 152.6205, 21.04815
2018-04-10T15:33:56.6114180Z, 1, -31.6561, 151.0989, 25.36075
2018-04-10T15:33:56.6234385Z, 1, -29.49262, 150.5626, 26.96463
2018-04-10T15:33:56.6449410Z, 1, -23.33151, 148.9968, 31.772
2018-04-10T15:33:56.6557649Z, 1, -21.62284, 148.2264, 33.16988
2018-04-10T15:33:56.6724929Z, 1, -18.66326, 147.2207, 35.72641
2018-04-10T15:33:56.6890306Z, 1, -16.21757, 146.4977, 37.821
2018-04-10T15:33:56.7055092Z, 1, -14.18429, 145.8101, 39.50766
2018-04-10T15:33:56.7229213Z, 1, -12.87873, 145.4108, 40.72034
2018-04-10T15:33:56.7384701Z, 1, -11.89636, 145.3517, 42.13699
2018-04-10T15:33:56.7551667Z, 1, -11.25756, 145.51, 43.47078
2018-04-10T15:33:56.7717643Z, 1, -11.01298, 145.7404, 44.08187
2018-04-10T15:33:56.7884560Z, 1, -10.7232, 146.2186, 45.23024
2018-04-10T15:33:56.8049941Z, 1, -10.59017, 146.7351, 46.2716
2018-04-10T15:33:56.8215891Z, 1, -10.56064, 147.3266, 47.22882
2018-04-10T15:33:56.8375264Z, 1, -10.61193, 147.7976, 48.03257
2018-04-10T15:33:56.8554266Z, 1, -10.69762, 148.2116, 48.6823
2018-04-10T15:33:56.8713360Z, 1, -10.7222, 148.5448, 49.16789
2018-04-10T15:33:56.8877135Z, 1, -10.70451, 148.8143, 49.57169
2018-04-10T15:33:56.9043176Z, 1, -10.67437, 149.1853, 49.87759
2018-04-10T15:33:56.9220995Z, 1, -10.62594, 149.3467, 50.10418
2018-04-10T15:33:56.9376132Z, 1, -10.53119, 149.4085, 50.30854
2018-04-10T15:33:56.9541388Z, 1, -10.48294, 149.4466, 50.42525
2018-04-10T15:33:56.9702699Z, 1, -10.35563, 149.3831, 50.66276
2018-04-10T15:33:56.9872172Z, 1, -10.17212, 149.06, 50.85008
2018-04-10T15:33:57.0038392Z, 1, -10.0026, 148.8663, 51.06129
2018-04-10T15:33:57.0204080Z, 1, -9.827062, 148.7386, 51.27905
2018-04-10T15:33:57.0362298Z, 1, -9.660721, 148.6453, 51.50004
2018-04-10T15:33:57.0533823Z, 1, -9.577363, 148.5655, 51.69707
2018-04-10T15:33:57.0699759Z, 1, -9.537408, 148.4659, 51.87528
2018-04-10T15:33:57.0870584Z, 1, -9.539302, 148.3274, 52.02227
2018-04-10T15:33:57.1040846Z, 1, -9.571459, 148.0972, 52.22651
2018-04-10T15:33:57.1196573Z, 1, -9.585638, 147.8103, 52.40774
2018-04-10T15:33:57.1366883Z, 1, -9.601097, 147.6535, 52.49855
2018-04-10T15:33:57.1537099Z, 1, -9.617866, 147.4313, 52.59838
2018-04-10T15:33:57.1693671Z, 1, -9.61939, 147.1883, 52.7221
2018-04-10T15:33:57.1855682Z, 1, -9.565036, 146.971, 52.80908
2018-04-10T15:33:57.2023701Z, 1, -9.508929, 146.801, 52.93469
2018-04-10T15:33:57.2188886Z, 1, -9.376354, 146.6014, 52.98162
2018-04-10T15:33:57.2354255Z, 1, -9.221412, 146.3594, 53.03164
2018-04-10T15:33:57.2518623Z, 1, -8.989382, 146.1998, 52.98379
2018-04-10T15:33:57.2692818Z, 1, -8.739223, 146.049, 52.89848
2018-04-10T15:33:57.2860498Z, 1, -8.476871, 145.9066, 52.82577
2018-04-10T15:33:57.3020005Z, 1, -8.282976, 145.7765, 52.73491
2018-04-10T15:33:57.3191439Z, 1, -8.163416, 145.6792, 52.68392
2018-04-10T15:33:57.3351688Z, 1, -7.913186, 145.5284, 52.5476
2018-04-10T15:33:57.3541972Z, 1, -7.702577, 145.3753, 52.47435
2018-04-10T15:33:57.3692203Z, 1, -7.521556, 145.2562, 52.38184
2018-04-10T15:33:57.3844338Z, 1, -7.397339, 145.2003, 52.32795
2018-04-10T15:33:57.4010766Z, 1, -7.397339, 145.2003, 52.32795
2018-04-10T15:33:57.4175789Z, 1, -7.219911, 145.1514, 52.37492
2018-04-10T15:33:57.4344360Z, 1, -7.200985, 145.1839, 52.4087
2018-04-10T15:33:57.4513321Z, 1, -7.156389, 145.2137, 52.51004
2018-04-10T15:33:57.4678946Z, 1, -7.081478, 145.2357, 52.5452
2018-04-10T15:33:57.4849220Z, 1, -6.952303, 145.2762, 52.62763
2018-04-10T15:33:57.5009466Z, 1, -6.816296, 145.3186, 52.71143
2018-04-10T15:33:57.5174724Z, 1, -6.740415, 145.3561, 52.76977
2018-04-10T15:33:57.5344986Z, 1, -6.567195, 145.4212, 52.83627
2018-04-10T15:33:57.5505230Z, 1, -6.416712, 145.4467, 52.91328
2018-04-10T15:33:57.5669993Z, 1, -6.238534, 145.4674, 52.9551
2018-04-10T15:33:57.5833880Z, 1, -6.073387, 145.414, 53.00261
2018-04-10T15:33:57.5997208Z, 1, -5.873115, 145.3438, 53.01096
2018-04-10T15:33:57.6164852Z, 1, -5.660716, 145.2702, 53.03352
2018-04-10T15:33:57.6332777Z, 1, -5.440455, 145.2396, 53.08648
2018-04-10T15:33:57.6502324Z, 1, -5.242638, 145.177, 53.12687
2018-04-10T15:33:57.6664472Z, 1, -5.242001, 145.152, 53.16015
2018-04-10T15:33:57.6829727Z, 1, -5.234563, 145.126, 53.18848
2018-04-10T15:33:57.6990125Z, 1, -5.299829, 145.064, 53.21272
2018-04-10T15:33:57.7160939Z, 1, -5.487739, 145.1154, 53.33125
2018-04-10T15:33:57.7330144Z, 1, -5.706979, 145.201, 53.37439
2018-04-10T15:33:57.7488817Z, 1, -5.853874, 145.3341, 53.39839
2018-04-10T15:33:57.7658734Z, 1, -5.974483, 145.3989, 53.39534
2018-04-10T15:33:57.7823964Z, 1, -5.903394, 145.4711, 53.35042
2018-04-10T15:33:57.7986712Z, 1, -5.719437, 145.5375, 53.23993
2018-04-10T15:33:57.8155096Z, 1, -5.331587, 145.4639, 53.15591
2018-04-10T15:33:57.8325335Z, 1, -4.843027, 145.2756, 53.0522
2018-04-10T15:33:57.8490346Z, 1, -4.360699, 145.0168, 52.92998
2018-04-10T15:33:57.8651924Z, 1, -3.929054, 144.708, 52.75356
2018-04-10T15:33:57.8820279Z, 1, -3.741816, 144.5366, 52.65884
2018-04-10T15:33:57.8977981Z, 1, -3.448549, 144.2139, 52.45263
2018-04-10T15:33:57.9148761Z, 1, -3.213794, 143.8994, 52.25485
2018-04-10T15:33:57.9313302Z, 1, -3.003809, 143.5929, 52.20277
2018-04-10T15:33:57.9478757Z, 1, -2.842748, 143.3538, 52.16608
2018-04-10T15:33:57.9643907Z, 1, -2.752401, 143.2009, 52.24748
2018-04-10T15:33:57.9807762Z, 1, -2.674397, 143.0793, 52.39491
2018-04-10T15:33:57.9972164Z, 1, -2.636329, 143.0023, 52.60445
2018-04-10T15:33:58.0147420Z, 1, -2.632138, 142.9421, 52.8532
2018-04-10T15:33:58.0309269Z, 1, -2.616419, 142.858, 53.12763
2018-04-10T15:33:58.0476526Z, 1, -2.576599, 142.7683, 53.3904
2018-04-10T15:33:58.0672089Z, 1, -2.604612, 142.723, 53.46109
2018-04-10T15:33:58.0831593Z, 1, -2.716914, 142.5167, 53.63112
2018-04-10T15:33:58.1039804Z, 1, -2.905282, 142.4171, 53.75674
2018-04-10T15:33:58.1195036Z, 1, -3.105155, 142.2402, 53.83313
2018-04-10T15:33:58.1335243Z, 1, -3.186861, 142.2027, 53.86456
2018-04-10T15:33:58.1496303Z, 1, -3.394303, 142.0443, 53.79504
2018-04-10T15:33:58.1664274Z, 1, -3.680287, 141.9054, 53.66947
2018-04-10T15:33:58.1829475Z, 1, -4.020297, 141.7465, 53.48483
2018-04-10T15:33:58.1989702Z, 1, -4.406651, 141.5473, 53.32268
2018-04-10T15:33:58.2160032Z, 1, -4.832376, 141.3103, 53.11594
2018-04-10T15:33:58.2326238Z, 1, -5.234875, 141.1283, 52.97265
2018-04-10T15:33:58.2489706Z, 1, -5.61863, 140.9597, 52.86934
2018-04-10T15:33:58.2659672Z, 1, -5.942337, 140.8262, 52.80965
2018-04-10T15:33:58.2828093Z, 1, -6.254254, 140.7199, 52.73725
2018-04-10T15:33:58.2989995Z, 1, -6.548138, 140.5683, 52.64621
2018-04-10T15:33:58.3185326Z, 1, -6.754265, 140.4135, 52.60826
2018-04-10T15:33:58.3320458Z, 1, -6.83153, 140.3851, 52.61052
2018-04-10T15:33:58.3483101Z, 1, -6.951485, 140.3185, 52.60982
2018-04-10T15:33:58.3668228Z, 1, -7.079316, 140.3541, 52.58413
2018-04-10T15:33:58.3818567Z, 1, -7.243834, 140.5979, 52.61687
2018-04-10T15:33:58.3979815Z, 1, -7.500904, 141.2114, 52.75413
2018-04-10T15:33:58.4150271Z, 1, -7.865184, 142.5898, 53.33108
2018-04-10T15:33:58.4320532Z, 1, -8.375213, 144.8244, 54.44598
2018-04-10T15:33:58.4477893Z, 1, -8.873072, 147.6455, 56.1227
2018-04-10T15:33:58.4648559Z, 1, -9.512907, 151.3632, 58.13306
2018-04-10T15:33:58.4809904Z, 1, -10.12063, 155.7031, 60.50643
2018-04-10T15:33:58.4969800Z, 1, -10.12063, 155.7031, 60.50643
2018-04-10T15:33:58.5144428Z, 1, -11.01015, 163.1347, 63.91653
2018-04-10T15:33:58.5305918Z, 1, -11.58002, 169.508, 66.93812
2018-04-10T15:33:58.5473243Z, 1, -11.96139, 176.3666, 69.6997
2018-04-10T15:33:58.5663362Z, 1, -12.29919, 183.0959, 72.28033
2018-04-10T15:33:58.5803577Z, 1, -12.47082, 189.7585, 75.56407
2018-04-10T15:33:58.5963821Z, 1, -12.45683, 196.2519, 78.35882
2018-04-10T15:33:58.6134085Z, 1, -11.71304, 202.3461, 82.05479
2018-04-10T15:33:58.6304344Z, 1, -10.65386, 208.4014, 86.19389
2018-04-10T15:33:58.6465379Z, 1, -9.434837, 213.8624, 89.90024
2018-04-10T15:33:58.6631648Z, 1, -8.705267, 219.8976, 93.75381
2018-04-10T15:33:58.6800902Z, 1, -8.298662, 222.1659, 95.37314
2018-04-10T15:33:58.6971061Z, 1, -7.424997, 226.9342, 98.50064
2018-04-10T15:33:58.7126367Z, 1, -5.843988, 231.3946, 102.6257
2018-04-10T15:33:58.7295667Z, 1, -4.483663, 235.7906, 106.6301
2018-04-10T15:33:58.7460988Z, 1, -3.55708, 239.5127, 109.8358
2018-04-10T15:33:58.7667774Z, 1, -2.107651, 243.426, 113.5078
2018-04-10T15:33:58.7791211Z, 1, -1.742655, 244.8346, 114.6931
2018-04-10T15:33:58.7959743Z, 1, -0.5495957, 250.3278, 118.9869
2018-04-10T15:33:58.8150004Z, 1, 0.3295488, 252.9392, 120.9302
2018-04-10T15:33:58.8315083Z, 1, 1.241708, 255.8911, 122.3291
2018-04-10T15:33:58.8458948Z, 1, 1.907408, 257.4943, 122.9923
2018-04-10T15:33:58.8619627Z, 1, 2.573377, 258.8992, 123.6702
2018-04-10T15:33:58.8784851Z, 1, 3.084481, 259.8329, 124.0366
2018-04-10T15:33:58.8951988Z, 1, 4.37534, 261.0336, 124.8794
2018-04-10T15:33:58.9116896Z, 1, 6.572807, 261.9787, 125.91
2018-04-10T15:33:58.9282883Z, 1, 8.557792, 262.7832, 126.2355
2018-04-10T15:33:58.9448207Z, 1, 9.778969, 263.5364, 126.0335
2018-04-10T15:33:58.9633373Z, 1, 10.93879, 264.239, 125.7853
2018-04-10T15:33:58.9775425Z, 1, 11.08765, 267.4498, 126.1123
2018-04-10T15:33:58.9948834Z, 1, 11.43529, 270.5269, 126.6247
2018-04-10T15:33:59.0114167Z, 1, 11.69468, 272.7025, 126.848
2018-04-10T15:33:59.0309468Z, 1, 12.14535, 273.6232, 126.545
2018-04-10T15:33:59.0449866Z, 1, 12.60653, 273.8213, 125.4615
2018-04-10T15:33:59.0632153Z, 1, 12.03369, 273.9544, 124.505
2018-04-10T15:33:59.0776512Z, 1, 10.63402, 273.5081, 121.8312
2018-04-10T15:33:59.0942035Z, 1, 9.352399, 272.9149, 118.6325
2018-04-10T15:33:59.1107866Z, 1, 8.886064, 271.9932, 115.366
2018-04-10T15:33:59.1273400Z, 1, 8.864734, 271.9065, 112.3249
2018-04-10T15:33:59.1436621Z, 1, 8.641788, 271.5339, 109.2018
2018-04-10T15:33:59.1582261Z, 1, 8.799177, 271.7232, 105.9861
2018-04-10T15:33:59.1792582Z, 1, 8.786098, 271.6141, 102.8895
2018-04-10T15:33:59.1932848Z, 1, 8.716331, 271.5647, 99.76818
2018-04-10T15:33:59.2096453Z, 1, 8.591387, 270.8342, 98.06682
2018-04-10T15:33:59.2270913Z, 1, 8.639674, 269.9887, 93.7949
2018-04-10T15:33:59.2449101Z, 1, 8.656528, 268.8545, 91.24761
2018-04-10T15:33:59.2591628Z, 1, 8.656528, 268.8545, 91.24761
2018-04-10T15:33:59.2762146Z, 1, 7.954078, 266.5735, 87.60368
2018-04-10T15:33:59.2925605Z, 1, 9.152433, 267.2864, 86.00384
2018-04-10T15:33:59.3100003Z, 1, 8.265453, 267.6865, 84.34095
2018-04-10T15:33:59.3267931Z, 1, 7.340928, 267.6854, 82.66043
2018-04-10T15:33:59.3448370Z, 1, 5.906166, 265.7393, 80.61133
2018-04-10T15:33:59.3590808Z, 1, 4.699696, 263.5948, 78.62945
2018-04-10T15:33:59.3759889Z, 1, 4.435822, 262.1743, 76.83447
2018-04-10T15:33:59.3952513Z, 1, 4.113883, 261.6582, 74.85265
2018-04-10T15:33:59.4091880Z, 1, 3.870057, 260.8237, 72.64803
2018-04-10T15:33:59.4257127Z, 1, 3.600482, 260.2888, 71.31435
2018-04-10T15:33:59.4420359Z, 1, 3.060911, 261.4023, 69.12814
2018-04-10T15:33:59.4581445Z, 1, 2.547094, 261.3835, 66.56171
2018-04-10T15:33:59.4770374Z, 1, 3.33204, 260.7818, 64.42349
2018-04-10T15:33:59.4914458Z, 1, 4.194438, 259.8694, 62.22032
2018-04-10T15:33:59.5078111Z, 1, 5.645794, 259.1292, 60.37743
2018-04-10T15:33:59.5243981Z, 1, 6.192802, 258.8564, 58.51527
2018-04-10T15:33:59.5494705Z, 1, 7.033975, 259.2462, 56.75998
2018-04-10T15:33:59.5584900Z, 1, 7.188537, 259.4059, 56.24668
2018-04-10T15:33:59.5761879Z, 1, 7.335215, 259.9604, 55.40086
2018-04-10T15:33:59.5909580Z, 1, 7.420417, 260.2096, 55.12526
2018-04-10T15:33:59.6075032Z, 1, 7.420417, 260.2096, 55.12526
2018-04-10T15:33:59.6265791Z, 1, 6.584786, 262.8553, 54.77091
2018-04-10T15:33:59.6461215Z, 1, 5.060323, 263.6208, 54.01473
2018-04-10T15:33:59.6571257Z, 1, 5.095149, 263.2521, 53.4023
2018-04-10T15:33:59.6736506Z, 1, 4.709949, 262.0078, 51.7262
2018-04-10T15:33:59.6906768Z, 1, 4.152409, 259.3993, 49.6921
2018-04-10T15:33:59.7072206Z, 1, 3.813529, 256.6133, 47.59124
2018-04-10T15:33:59.7242647Z, 1, 3.160014, 255.7063, 46.07166
2018-04-10T15:33:59.7401798Z, 1, 2.601104, 255.8214, 44.68312
2018-04-10T15:33:59.7566535Z, 1, 2.300979, 256.0594, 44.15563
2018-04-10T15:33:59.7738411Z, 1, 1.311052, 257.0266, 42.68243
2018-04-10T15:33:59.7902505Z, 1, 0.9214984, 257.5103, 42.23486
2018-04-10T15:33:59.8066429Z, 1, 0.1389068, 258.244, 41.63104
2018-04-10T15:33:59.8232598Z, 1, -0.6223395, 258.5438, 41.07304
2018-04-10T15:33:59.8388478Z, 1, -1.359237, 258.5357, 40.43285
2018-04-10T15:33:59.8557972Z, 1, -1.995127, 258.2276, 40.06288
2018-04-10T15:33:59.8723381Z, 1, -2.669034, 257.6919, 39.62394
2018-04-10T15:33:59.8897197Z, 1, -3.214084, 257.0531, 39.14034
2018-04-10T15:33:59.9057441Z, 1, -3.761898, 256.5529, 38.77395
2018-04-10T15:33:59.9227703Z, 1, -4.20148, 256.2442, 38.71082
2018-04-10T15:33:59.9387949Z, 1, -4.57964, 255.8414, 38.80731
2018-04-10T15:33:59.9558242Z, 1, -4.637335, 255.5418, 39.04795
2018-04-10T15:33:59.9723469Z, 1, -4.670023, 255.3101, 39.1905
2018-04-10T15:33:59.9888719Z, 1, -4.00943, 254.7419, 39.89428
2018-04-10T15:34:00.0053989Z, 1, -3.886008, 254.3696, 40.2193
2018-04-10T15:34:00.0219239Z, 1, -4.864485, 254.2611, 39.93278
2018-04-10T15:34:00.0394498Z, 1, -5.664856, 255.1293, 39.88213
2018-04-10T15:34:00.0549736Z, 1, -5.648062, 255.7472, 40.32982
2018-04-10T15:34:00.0712390Z, 1, -6.722871, 255.7018, 39.96884
2018-04-10T15:34:00.0876052Z, 1, -7.694224, 255.9611, 39.57177
2018-04-10T15:34:00.1046248Z, 1, -8.547141, 256.0466, 39.33006
2018-04-10T15:34:00.1220634Z, 1, -9.285141, 255.6367, 38.76242
2018-04-10T15:34:00.1375774Z, 1, -10.24548, 255.2358, 38.28389
2018-04-10T15:34:00.1542106Z, 1, -11.4775, 254.8717, 37.68186
2018-04-10T15:34:00.1707597Z, 1, -12.05778, 254.5598, 37.14823
2018-04-10T15:34:00.1877074Z, 1, -12.28033, 253.1158, 35.28254
2018-04-10T15:34:00.2038450Z, 1, -13.133, 252.1808, 32.69593
2018-04-10T15:34:00.2204391Z, 1, -14.29968, 251.5442, 29.08024
2018-04-10T15:34:00.2365415Z, 1, -14.6724, 248.0919, 24.02637
2018-04-10T15:34:00.2540723Z, 1, -15.06726, 244.3304, 17.23842
2018-04-10T15:34:00.2702472Z, 1, -14.25538, 239.1147, 7.519996
2018-04-10T15:34:00.2867508Z, 1, -13.49173, 233.3132, -3.723776
2018-04-10T15:34:00.3037878Z, 1, -10.11111, 224.5965, -16.62281
2018-04-10T15:34:00.3196525Z, 1, -3.729378, 215.4376, -28.5917
2018-04-10T15:34:00.3364234Z, 1, 5.611864, 205.7954, -41.41884
2018-04-10T15:34:00.3538742Z, 1, 10.38618, 201.2588, -47.293
2018-04-10T15:34:00.3694930Z, 1, 21.20247, 192.3179, -58.17411
2018-04-10T15:34:00.3861059Z, 1, 33.10737, 181.3424, -66.90612
2018-04-10T15:34:00.4026346Z, 1, 46.79991, 171.6499, -75.81897
2018-04-10T15:34:00.4187620Z, 1, 60.15282, 159.4548, -84.20013
2018-04-10T15:34:00.4355958Z, 1, 74.38718, 148.2271, -92.56078
2018-04-10T15:34:00.4521959Z, 1, 89.7828, 138.1278, -101.9767
2018-04-10T15:34:00.4692204Z, 1, 106.0828, 128.8705, -113.0531
2018-04-10T15:34:00.4860001Z, 1, 124.1194, 120.8398, -121.3431
2018-04-10T15:34:00.5025720Z, 1, 142.7256, 113.6912, -128.6839
2018-04-10T15:34:00.5184777Z, 1, 152.4305, 111.2763, -132.8334
2018-04-10T15:34:00.5362621Z, 1, 172.2765, 107.1828, -143.7141
2018-04-10T15:34:00.5519053Z, 1, 194.6293, 100.7633, -148.0915
2018-04-10T15:34:00.5684346Z, 1, 199.6918, 89.17396, -147.1655
2018-04-10T15:34:00.5844965Z, 1, 216.7812, 92.69857, -146.136
2018-04-10T15:34:00.6012386Z, False, 0, 0, 0
2018-04-10T15:34:00.6177907Z, False, 0, 0, 0
2018-04-10T15:34:00.6343421Z, False, 0, 0, 0
2018-04-10T15:34:00.6507126Z, False, 0, 0, 0
2018-04-10T15:34:00.6672683Z, False, 0, 0, 0
2018-04-10T15:34:00.6840147Z, False, 0, 0, 0
2018-04-10T15:34:00.7005815Z, False, 0, 0, 0
2018-04-10T15:34:00.7173413Z, False, 0, 0, 0
2018-04-10T15:34:00.7340738Z, False, 0, 0, 0
2018-04-10T15:34:00.7505987Z, False, 0, 0, 0
2018-04-10T15:34:00.7671243Z, False, 0, 0, 0
2018-04-10T15:34:00.7836496Z, False, 0, 0, 0
2018-04-10T15:34:00.8010045Z, False, 0, 0, 0
2018-04-10T15:34:00.8169027Z, False, 0, 0, 0
2018-04-10T15:34:00.8329558Z, False, 0, 0, 0
2018-04-10T15:34:00.8497373Z, False, 0, 0, 0
2018-04-10T15:34:00.8662998Z, False, 0, 0, 0
2018-04-10T15:34:00.8829110Z, False, 0, 0, 0
2018-04-10T15:34:00.8994864Z, False, 0, 0, 0
2018-04-10T15:34:00.9158674Z, False, 0, 0, 0
2018-04-10T15:34:00.9329015Z, False, 0, 0, 0
2018-04-10T15:34:00.9490295Z, False, 0, 0, 0
2018-04-10T15:34:00.9653965Z, False, 0, 0, 0
2018-04-10T15:34:00.9829640Z, False, 0, 0, 0
2018-04-10T15:34:00.9986847Z, False, 0, 0, 0
2018-04-10T15:34:01.0155865Z, False, 0, 0, 0
2018-04-10T15:34:01.0319310Z, False, 0, 0, 0
2018-04-10T15:34:01.0484401Z, False, 0, 0, 0
2018-04-10T15:34:01.0653866Z, False, 0, 0, 0
2018-04-10T15:34:01.0820225Z, False, 0, 0, 0
2018-04-10T15:34:01.0980608Z, False, 0, 0, 0
2018-04-10T15:34:01.1145853Z, False, 0, 0, 0
2018-04-10T15:34:01.1317947Z, False, 0, 0, 0
2018-04-10T15:34:01.1478874Z, False, 0, 0, 0
2018-04-10T15:34:01.1649056Z, False, 0, 0, 0
2018-04-10T15:34:01.1809803Z, False, 0, 0, 0
2018-04-10T15:34:01.1977222Z, False, 0, 0, 0
2018-04-10T15:34:01.2139628Z, False, 0, 0, 0
2018-04-10T15:34:01.2310152Z, False, 0, 0, 0
2018-04-10T15:34:01.2475618Z, False, 0, 0, 0
2018-04-10T15:34:01.2641403Z, False, 0, 0, 0
2018-04-10T15:34:01.2807006Z, False, 0, 0, 0
2018-04-10T15:34:01.2972759Z, False, 0, 0, 0
2018-04-10T15:34:01.3133436Z, False, 0, 0, 0
2018-04-10T15:34:01.3308137Z, False, 0, 0, 0
2018-04-10T15:34:01.3469275Z, False, 0, 0, 0
2018-04-10T15:34:01.3634985Z, False, 0, 0, 0
2018-04-10T15:34:01.3798067Z, False, 0, 0, 0
2018-04-10T15:34:01.3963456Z, False, 0, 0, 0
2018-04-10T15:34:01.4133974Z, False, 0, 0, 0
2018-04-10T15:34:01.4302431Z, False, 0, 0, 0
2018-04-10T15:34:01.4462723Z, False, 0, 0, 0
2018-04-10T15:34:01.4628343Z, False, 0, 0, 0
2018-04-10T15:34:01.4793317Z, False, 0, 0, 0
2018-04-10T15:34:01.4958660Z, False, 0, 0, 0
2018-04-10T15:34:01.5122080Z, False, 0, 0, 0
2018-04-10T15:34:01.5287381Z, False, 0, 0, 0
2018-04-10T15:34:01.5453129Z, False, 0, 0, 0
2018-04-10T15:34:01.5623232Z, False, 0, 0, 0
2018-04-10T15:34:01.5785089Z, False, 0, 0, 0
2018-04-10T15:34:01.5955177Z, False, 0, 0, 0
2018-04-10T15:34:01.6115486Z, False, 0, 0, 0
2018-04-10T15:34:01.6287145Z, False, 0, 0, 0
2018-04-10T15:34:01.6451351Z, False, 0, 0, 0
2018-04-10T15:34:01.6620076Z, False, 0, 0, 0
2018-04-10T15:34:01.6779585Z, False, 0, 0, 0
2018-04-10T15:34:01.6945586Z, False, 0, 0, 0
2018-04-10T15:34:01.7114934Z, False, 0, 0, 0
2018-04-10T15:34:01.7277224Z, False, 0, 0, 0
2018-04-10T15:34:01.7444421Z, False, 0, 0, 0
2018-04-10T15:34:01.7610721Z, False, 0, 0, 0
2018-04-10T15:34:01.7775419Z, False, 0, 0, 0
2018-04-10T15:34:01.7946090Z, False, 0, 0, 0
2018-04-10T15:34:01.8106337Z, False, 0, 0, 0
2018-04-10T15:34:01.8276601Z, False, 0, 0, 0
2018-04-10T15:34:01.8441854Z, False, 0, 0, 0
2018-04-10T15:34:01.8605729Z, False, 0, 0, 0
2018-04-10T15:34:01.8767862Z, False, 0, 0, 0
2018-04-10T15:34:01.8936630Z, False, 0, 0, 0
2018-04-10T15:34:01.9102808Z, False, 0, 0, 0
2018-04-10T15:34:01.9267352Z, False, 0, 0, 0
2018-04-10T15:34:01.9432784Z, False, 0, 0, 0
2018-04-10T15:34:01.9598258Z, False, 0, 0, 0
2018-04-10T15:34:01.9762447Z, False, 0, 0, 0
2018-04-10T15:34:01.9931246Z, False, 0, 0, 0
2018-04-10T15:34:02.0099151Z, False, 0, 0, 0
2018-04-10T15:34:02.0264403Z, False, 0, 0, 0
2018-04-10T15:34:02.0427593Z, False, 0, 0, 0
2018-04-10T15:34:02.0600997Z, False, 0, 0, 0
2018-04-10T15:34:02.0756703Z, False, 0, 0, 0
2018-04-10T15:34:02.0925702Z, False, 0, 0, 0
2018-04-10T15:34:02.1091945Z, False, 0, 0, 0
2018-04-10T15:34:02.1262725Z, False, 0, 0, 0
2018-04-10T15:34:02.1417370Z, False, 0, 0, 0
2018-04-10T15:34:02.1592806Z, False, 0, 0, 0
2018-04-10T15:34:02.1753001Z, False, 0, 0, 0
2018-04-10T15:34:02.1922491Z, False, 0, 0, 0
2018-04-10T15:34:02.2084645Z, False, 0, 0, 0
2018-04-10T15:34:02.2247327Z, False, 0, 0, 0
2018-04-10T15:34:02.2413004Z, False, 0, 0, 0
2018-04-10T15:34:02.2575866Z, False, 0, 0, 0
2018-04-10T15:34:02.2741207Z, False, 0, 0, 0
2018-04-10T15:34:02.2911677Z, False, 0, 0, 0
2018-04-10T15:34:02.3075646Z, False, 0, 0, 0
2018-04-10T15:34:02.3240039Z, False, 0, 0, 0
2018-04-10T15:34:02.3410528Z, False, 0, 0, 0
2018-04-10T15:34:02.3574842Z, False, 0, 0, 0
2018-04-10T15:34:02.3753608Z, False, 0, 0, 0
2018-04-10T15:34:02.3912881Z, False, 0, 0, 0
2018-04-10T15:34:02.4073241Z, False, 0, 0, 0
2018-04-10T15:34:02.4785829Z, False, 0, 0, 0
