2018-04-10T13:31:18.2434757Z, 1, 18.48494, 296.8993, 103.9552
2018-04-10T13:31:18.2484828Z, 1, 18.48044, 296.8476, 103.8891
2018-04-10T13:31:18.2534908Z, 1, 18.48044, 296.8476, 103.8891
2018-04-10T13:31:18.2605195Z, 1, 18.48044, 296.8476, 103.8891
2018-04-10T13:31:18.2775312Z, 1, 18.45322, 296.6699, 103.7932
2018-04-10T13:31:18.2790336Z, 1, 18.45322, 296.6699, 103.7932
2018-04-10T13:31:18.2860447Z, 1, 18.40943, 296.4729, 103.7325
2018-04-10T13:31:18.2905509Z, 1, 18.40943, 296.4729, 103.7325
2018-04-10T13:31:18.3075572Z, 1, 18.43183, 296.4889, 103.7121
2018-04-10T13:31:18.3090593Z, 1, 18.43183, 296.4889, 103.7121
2018-04-10T13:31:18.3128876Z, 1, 18.43183, 296.4889, 103.7121
2018-04-10T13:31:18.3199166Z, 1, 18.4517, 296.4907, 103.7391
2018-04-10T13:31:18.3369875Z, 1, 18.50874, 296.5037, 103.7501
2018-04-10T13:31:18.3384894Z, 1, 18.50874, 296.5037, 103.7501
2018-04-10T13:31:18.3450237Z, 1, 18.50874, 296.5037, 103.7501
2018-04-10T13:31:18.3500331Z, 1, 18.50874, 296.5037, 103.7501
2018-04-10T13:31:18.3575536Z, 1, 18.52556, 296.4705, 103.7269
2018-04-10T13:31:18.3746009Z, 1, 18.54668, 296.4173, 103.7327
2018-04-10T13:31:18.3760888Z, 1, 18.54668, 296.4173, 103.7327
2018-04-10T13:31:18.3830495Z, 1, 18.54668, 296.4173, 103.7327
2018-04-10T13:31:18.3877185Z, 1, 18.49901, 296.4495, 103.7099
2018-04-10T13:31:18.4042395Z, 1, 18.48397, 296.3393, 103.6369
2018-04-10T13:31:18.4062423Z, 1, 18.48397, 296.3393, 103.6369
2018-04-10T13:31:18.4107500Z, 1, 18.48397, 296.3393, 103.6369
2018-04-10T13:31:18.4177696Z, 1, 18.48397, 296.3393, 103.6369
2018-04-10T13:31:18.4348057Z, 1, 18.56572, 296.5154, 103.6861
2018-04-10T13:31:18.4367980Z, 1, 18.56572, 296.5154, 103.6861
2018-04-10T13:31:18.4432404Z, 1, 18.56102, 296.6252, 103.688
2018-04-10T13:31:18.4478112Z, 1, 18.56102, 296.6252, 103.688
2018-04-10T13:31:18.4638569Z, 1, 18.58109, 296.6962, 103.6965
2018-04-10T13:31:18.4658449Z, 1, 18.58109, 296.6962, 103.6965
2018-04-10T13:31:18.4728560Z, 1, 18.58109, 296.6962, 103.6965
2018-04-10T13:31:18.4763606Z, 1, 18.59403, 296.82, 103.6899
2018-04-10T13:31:18.4806340Z, 1, 18.59403, 296.82, 103.6899
2018-04-10T13:31:18.4975359Z, 1, 18.64807, 296.8067, 103.6602
2018-04-10T13:31:18.4990383Z, 1, 18.64807, 296.8067, 103.6602
2018-04-10T13:31:18.5066331Z, 1, 18.64807, 296.8067, 103.6602
2018-04-10T13:31:18.5236596Z, 1, 18.59917, 296.8209, 103.6662
2018-04-10T13:31:18.5261636Z, 1, 18.59917, 296.8209, 103.6662
2018-04-10T13:31:18.5331772Z, 1, 18.58299, 296.9044, 103.7615
2018-04-10T13:31:18.5395963Z, 1, 18.58299, 296.9044, 103.7615
2018-04-10T13:31:18.5436112Z, 1, 18.51615, 296.8941, 103.7955
2018-04-10T13:31:18.5606087Z, 1, 18.40763, 296.7428, 103.8188
2018-04-10T13:31:18.5626123Z, 1, 18.40763, 296.7428, 103.8188
2018-04-10T13:31:18.5699003Z, 1, 18.40763, 296.7428, 103.8188
2018-04-10T13:31:18.5734101Z, 1, 18.40763, 296.7428, 103.8188
2018-04-10T13:31:18.5904221Z, 1, 18.29896, 296.6144, 103.9535
2018-04-10T13:31:18.5924252Z, 1, 18.29896, 296.6144, 103.9535
2018-04-10T13:31:18.5994351Z, 1, 18.25994, 296.4797, 104.0605
2018-04-10T13:31:18.6034518Z, 1, 18.25994, 296.4797, 104.0605
2018-04-10T13:31:18.6204845Z, 1, 18.19036, 296.4415, 104.1998
2018-04-10T13:31:18.6219870Z, 1, 18.19036, 296.4415, 104.1998
2018-04-10T13:31:18.6290401Z, 1, 18.19036, 296.4415, 104.1998
2018-04-10T13:31:18.6350790Z, 1, 18.15276, 296.3719, 104.4442
2018-04-10T13:31:18.6522549Z, 1, 18.19505, 296.6671, 104.8613
2018-04-10T13:31:18.6537573Z, 1, 18.19505, 296.6671, 104.8613
2018-04-10T13:31:18.6613581Z, 1, 18.19505, 296.6671, 104.8613
2018-04-10T13:31:18.6653660Z, 1, 18.1568, 296.9497, 105.142
2018-04-10T13:31:18.6698745Z, 1, 18.1568, 296.9497, 105.142
2018-04-10T13:31:18.6861185Z, 1, 18.19424, 297.4085, 105.5724
2018-04-10T13:31:18.6881227Z, 1, 18.19424, 297.4085, 105.5724
2018-04-10T13:31:18.6946443Z, 1, 18.19424, 297.4085, 105.5724
2018-04-10T13:31:18.6991664Z, 1, 18.19055, 297.7254, 105.8295
2018-04-10T13:31:18.7163008Z, 1, 18.19055, 297.7254, 105.8295
2018-04-10T13:31:18.7178046Z, 1, 18.23255, 298.0819, 106.2372
2018-04-10T13:31:18.7251612Z, 1, 18.23255, 298.0819, 106.2372
2018-04-10T13:31:18.7321751Z, 1, 18.23255, 298.0819, 106.2372
2018-04-10T13:31:18.7487124Z, 1, 18.17072, 298.4359, 106.4645
2018-04-10T13:31:18.7507152Z, 1, 18.17072, 298.4359, 106.4645
2018-04-10T13:31:18.7547353Z, 1, 18.06971, 298.7211, 106.6857
2018-04-10T13:31:18.7622555Z, 1, 18.06971, 298.7211, 106.6857
2018-04-10T13:31:18.7787287Z, 1, 17.98385, 298.8957, 106.6925
2018-04-10T13:31:18.7802243Z, 1, 17.98385, 298.8957, 106.6925
2018-04-10T13:31:18.7877300Z, 1, 17.97485, 298.8348, 106.7198
2018-04-10T13:31:18.7912620Z, 1, 17.97485, 298.8348, 106.7198
2018-04-10T13:31:18.8083531Z, 1, 17.93837, 298.7033, 106.6968
2018-04-10T13:31:18.8098703Z, 1, 17.93837, 298.7033, 106.6968
2018-04-10T13:31:18.8163902Z, 1, 17.93837, 298.7033, 106.6968
2018-04-10T13:31:18.8237055Z, 1, 17.86666, 298.3244, 106.549
2018-04-10T13:31:18.8404155Z, 1, 17.89015, 297.9192, 106.5109
2018-04-10T13:31:18.8419171Z, 1, 17.89015, 297.9192, 106.5109
2018-04-10T13:31:18.8459241Z, 1, 17.89015, 297.9192, 106.5109
2018-04-10T13:31:18.8534369Z, 1, 17.89015, 297.9192, 106.5109
2018-04-10T13:31:18.8704824Z, 1, 17.93912, 297.8569, 106.6106
2018-04-10T13:31:18.8724855Z, 1, 18.12284, 297.9571, 106.7304
2018-04-10T13:31:18.8794650Z, 1, 18.12284, 297.9571, 106.7304
2018-04-10T13:31:18.8840677Z, 1, 18.12284, 297.9571, 106.7304
2018-04-10T13:31:18.9005739Z, 1, 18.29947, 298.0202, 106.7535
2018-04-10T13:31:18.9025770Z, 1, 18.29947, 298.0202, 106.7535
2018-04-10T13:31:18.9100889Z, 1, 18.44453, 298.0126, 106.7986
2018-04-10T13:31:18.9164932Z, 1, 18.44453, 298.0126, 106.7986
2018-04-10T13:31:18.9335823Z, 1, 18.48252, 297.8452, 106.6813
2018-04-10T13:31:18.9350845Z, 1, 18.48252, 297.8452, 106.6813
2018-04-10T13:31:18.9427459Z, 1, 18.49223, 297.6364, 106.4835
2018-04-10T13:31:18.9493320Z, 1, 18.49223, 297.6364, 106.4835
2018-04-10T13:31:18.9658601Z, 1, 18.42876, 297.4424, 106.4578
2018-04-10T13:31:18.9678635Z, 1, 18.42876, 297.4424, 106.4578
2018-04-10T13:31:18.9746076Z, 1, 18.42876, 297.4424, 106.4578
2018-04-10T13:31:18.9781239Z, 1, 18.4403, 297.3232, 106.3633
2018-04-10T13:31:18.9953317Z, 1, 18.41924, 297.0437, 106.2452
2018-04-10T13:31:18.9968339Z, 1, 18.41924, 297.0437, 106.2452
2018-04-10T13:31:19.0038398Z, 1, 18.41924, 297.0437, 106.2452
2018-04-10T13:31:19.0078454Z, 1, 18.41924, 297.0437, 106.2452
2018-04-10T13:31:19.0239070Z, 1, 18.43009, 296.7107, 106.1566
2018-04-10T13:31:19.0274228Z, 1, 18.43009, 296.7107, 106.1566
2018-04-10T13:31:19.0335098Z, 1, 18.43567, 296.5303, 106.1891
2018-04-10T13:31:19.0405220Z, 1, 18.43567, 296.5303, 106.1891
2018-04-10T13:31:19.0450285Z, 1, 18.43567, 296.5303, 106.1891
2018-04-10T13:31:19.0620324Z, 1, 18.46835, 296.4206, 106.1765
2018-04-10T13:31:19.0635474Z, 1, 18.58237, 296.3829, 106.1497
2018-04-10T13:31:19.0680966Z, 1, 18.58237, 296.3829, 106.1497
2018-04-10T13:31:19.0750513Z, 1, 18.58237, 296.3829, 106.1497
2018-04-10T13:31:19.0920616Z, 1, 18.70185, 296.3755, 106.1017
2018-04-10T13:31:19.0940652Z, 1, 18.70185, 296.3755, 106.1017
2018-04-10T13:31:19.0990729Z, 1, 18.74784, 296.3478, 106.0386
2018-04-10T13:31:19.1058455Z, 1, 18.74784, 296.3478, 106.0386
2018-04-10T13:31:19.1226650Z, 1, 18.77089, 296.4034, 106.0752
2018-04-10T13:31:19.1251690Z, 1, 18.77089, 296.4034, 106.0752
2018-04-10T13:31:19.1326844Z, 1, 18.83332, 296.489, 106.0837
2018-04-10T13:31:19.1492154Z, 1, 18.83332, 296.489, 106.0837
2018-04-10T13:31:19.1512113Z, 1, 18.81185, 296.4912, 106.0806
2018-04-10T13:31:19.1552166Z, 1, 18.81185, 296.4912, 106.0806
2018-04-10T13:31:19.1592211Z, 1, 18.81185, 296.4912, 106.0806
2018-04-10T13:31:19.1667465Z, 1, 18.81185, 296.4912, 106.0806
2018-04-10T13:31:19.1832583Z, 1, 18.75097, 296.53, 106.064
2018-04-10T13:31:19.1852648Z, 1, 18.81103, 296.8379, 106.2202
2018-04-10T13:31:19.1927737Z, 1, 18.81103, 296.8379, 106.2202
2018-04-10T13:31:19.1992836Z, 1, 18.81103, 296.8379, 106.2202
2018-04-10T13:31:19.2163103Z, 1, 18.80943, 296.9614, 106.1959
2018-04-10T13:31:19.2188129Z, 1, 18.80943, 296.9614, 106.1959
2018-04-10T13:31:19.2233202Z, 1, 18.86788, 297.0363, 106.0755
2018-04-10T13:31:19.2273255Z, 1, 18.86788, 297.0363, 106.0755
2018-04-10T13:31:19.2436775Z, 1, 18.8603, 297.0061, 105.7922
2018-04-10T13:31:19.2451796Z, 1, 18.8603, 297.0061, 105.7922
2018-04-10T13:31:19.2527653Z, 1, 18.8603, 297.0061, 105.7922
2018-04-10T13:31:19.2592735Z, 1, 18.89333, 296.727, 105.4072
2018-04-10T13:31:19.2757985Z, 1, 18.94694, 296.205, 105.005
2018-04-10T13:31:19.2778021Z, 1, 18.94694, 296.205, 105.005
2018-04-10T13:31:19.2848493Z, 1, 18.94694, 296.205, 105.005
2018-04-10T13:31:19.2933333Z, 1, 19.02291, 295.8868, 104.6354
2018-04-10T13:31:19.3099172Z, 1, 19.3197, 295.9148, 104.5479
2018-04-10T13:31:19.3114193Z, 1, 19.3197, 295.9148, 104.5479
2018-04-10T13:31:19.3184674Z, 1, 19.3197, 295.9148, 104.5479
2018-04-10T13:31:19.3254810Z, 1, 19.6459, 296.1335, 104.5716
2018-04-10T13:31:19.3426814Z, 1, 20.0637, 296.6755, 104.7481
2018-04-10T13:31:19.3441659Z, 1, 20.0637, 296.6755, 104.7481
2018-04-10T13:31:19.3512794Z, 1, 20.0637, 296.6755, 104.7481
2018-04-10T13:31:19.3682956Z, 1, 20.47912, 297.1613, 104.8463
2018-04-10T13:31:19.3697978Z, 1, 20.47912, 297.1613, 104.8463
2018-04-10T13:31:19.3767830Z, 1, 20.99194, 297.4217, 104.8149
2018-04-10T13:31:19.3835089Z, 1, 20.99194, 297.4217, 104.8149
2018-04-10T13:31:19.4005868Z, 1, 21.54836, 297.7887, 104.821
2018-04-10T13:31:19.4025896Z, 1, 21.54836, 297.7887, 104.821
2018-04-10T13:31:19.4104007Z, 1, 21.54836, 297.7887, 104.821
2018-04-10T13:31:19.4169479Z, 1, 22.04026, 298.2026, 104.67
2018-04-10T13:31:19.4337788Z, 1, 22.5153, 298.5642, 104.5588
2018-04-10T13:31:19.4352807Z, 1, 22.5153, 298.5642, 104.5588
2018-04-10T13:31:19.4423111Z, 1, 22.5153, 298.5642, 104.5588
2018-04-10T13:31:19.4498422Z, 1, 22.99119, 298.6862, 104.3401
2018-04-10T13:31:19.4660248Z, 1, 23.41197, 298.7542, 104.1242
2018-04-10T13:31:19.4680159Z, 1, 23.41197, 298.7542, 104.1242
2018-04-10T13:31:19.4716378Z, 1, 23.41197, 298.7542, 104.1242
2018-04-10T13:31:19.4786665Z, 1, 23.41197, 298.7542, 104.1242
2018-04-10T13:31:19.4961000Z, 1, 23.79784, 298.3661, 103.6877
2018-04-10T13:31:19.4981031Z, 1, 24.35717, 298.025, 103.5049
2018-04-10T13:31:19.5019615Z, 1, 24.35717, 298.025, 103.5049
2018-04-10T13:31:19.5096155Z, 1, 24.35717, 298.025, 103.5049
2018-04-10T13:31:19.5136342Z, 1, 24.35717, 298.025, 103.5049
2018-04-10T13:31:19.5306755Z, 1, 24.78628, 297.6624, 103.2135
2018-04-10T13:31:19.5331926Z, 1, 25.40035, 297.6917, 103.0404
2018-04-10T13:31:19.5402033Z, 1, 25.40035, 297.6917, 103.0404
2018-04-10T13:31:19.5572258Z, 1, 25.96637, 298.013, 103.0463
2018-04-10T13:31:19.5592295Z, 1, 25.96637, 298.013, 103.0463
2018-04-10T13:31:19.5632353Z, 1, 25.96637, 298.013, 103.0463
2018-04-10T13:31:19.5712545Z, 1, 26.43821, 297.8101, 103.0961
2018-04-10T13:31:19.5747603Z, 1, 26.43821, 297.8101, 103.0961
2018-04-10T13:31:19.5916337Z, 1, 26.79693, 297.2412, 102.8138
2018-04-10T13:31:19.5936427Z, 1, 26.79693, 297.2412, 102.8138
2018-04-10T13:31:19.6004822Z, 1, 26.79693, 297.2412, 102.8138
2018-04-10T13:31:19.6177579Z, 1, 27.03755, 296.7545, 102.556
2018-04-10T13:31:19.6192598Z, 1, 27.06477, 296.3348, 102.4114
2018-04-10T13:31:19.6232167Z, 1, 27.06477, 296.3348, 102.4114
2018-04-10T13:31:19.6282244Z, 1, 27.06477, 296.3348, 102.4114
2018-04-10T13:31:19.6350343Z, 1, 27.06477, 296.3348, 102.4114
2018-04-10T13:31:19.6526183Z, 1, 26.96578, 295.3742, 101.8776
2018-04-10T13:31:19.6546217Z, 1, 27.00405, 294.559, 101.7042
2018-04-10T13:31:19.6611845Z, 1, 27.00405, 294.559, 101.7042
2018-04-10T13:31:19.6686515Z, 1, 27.00405, 294.559, 101.7042
2018-04-10T13:31:19.6848139Z, 1, 27.01623, 293.7124, 101.3152
2018-04-10T13:31:19.6873133Z, 1, 27.01623, 293.7124, 101.3152
2018-04-10T13:31:19.6913198Z, 1, 27.10665, 292.7091, 101.0456
2018-04-10T13:31:19.6983630Z, 1, 27.10665, 292.7091, 101.0456
2018-04-10T13:31:19.7151862Z, 1, 27.21393, 291.9329, 100.8688
2018-04-10T13:31:19.7171893Z, 1, 27.21393, 291.9329, 100.8688
2018-04-10T13:31:19.7241995Z, 1, 27.4468, 291.3736, 100.5876
2018-04-10T13:31:19.7289605Z, 1, 27.4468, 291.3736, 100.5876
2018-04-10T13:31:19.7450375Z, 1, 27.41321, 290.9245, 100.3805
2018-04-10T13:31:19.7470403Z, 1, 27.41321, 290.9245, 100.3805
2018-04-10T13:31:19.7511256Z, 1, 27.41321, 290.9245, 100.3805
2018-04-10T13:31:19.7581363Z, 1, 27.30244, 290.5338, 100.2475
2018-04-10T13:31:19.7626565Z, 1, 27.30244, 290.5338, 100.2475
2018-04-10T13:31:19.7794169Z, 1, 27.14027, 290.035, 100.0396
2018-04-10T13:31:19.7814290Z, 1, 27.14027, 290.035, 100.0396
2018-04-10T13:31:19.7881968Z, 1, 27.14027, 290.035, 100.0396
2018-04-10T13:31:19.7922152Z, 1, 26.9288, 289.5677, 99.79095
2018-04-10T13:31:19.8092425Z, 1, 26.85602, 289.4671, 99.79996
2018-04-10T13:31:19.8112473Z, 1, 26.85602, 289.4671, 99.79996
2018-04-10T13:31:19.8176157Z, 1, 26.85602, 289.4671, 99.79996
2018-04-10T13:31:19.8221242Z, 1, 26.85602, 289.4671, 99.79996
2018-04-10T13:31:19.8392833Z, 1, 26.77206, 289.348, 99.91299
2018-04-10T13:31:19.8412861Z, 1, 26.77206, 289.348, 99.91299
2018-04-10T13:31:19.8452976Z, 1, 26.72197, 289.4646, 99.9726
2018-04-10T13:31:19.8506093Z, 1, 26.72197, 289.4646, 99.9726
2018-04-10T13:31:19.8541194Z, 1, 26.72197, 289.4646, 99.9726
2018-04-10T13:31:19.8710556Z, 1, 26.59783, 289.3605, 100.0414
2018-04-10T13:31:19.8725581Z, 1, 26.59783, 289.3605, 100.0414
2018-04-10T13:31:19.8765643Z, 1, 26.59783, 289.3605, 100.0414
2018-04-10T13:31:19.8836914Z, 1, 26.36433, 289.2686, 100.1128
2018-04-10T13:31:19.9004965Z, 1, 26.18652, 289.2573, 100.2976
2018-04-10T13:31:19.9024993Z, 1, 26.18652, 289.2573, 100.2976
2018-04-10T13:31:19.9070061Z, 1, 26.18652, 289.2573, 100.2976
2018-04-10T13:31:19.9140171Z, 1, 25.93871, 289.3514, 100.4253
2018-04-10T13:31:19.9309986Z, 1, 25.77469, 289.3934, 100.5278
2018-04-10T13:31:19.9530325Z, 1, 25.55709, 289.5669, 100.6327
2018-04-10T13:31:19.9550359Z, 1, 25.55709, 289.5669, 100.6327
2018-04-10T13:31:19.9590565Z, 1, 25.55709, 289.5669, 100.6327
2018-04-10T13:31:19.9640489Z, 1, 25.55709, 289.5669, 100.6327
2018-04-10T13:31:19.9706196Z, 1, 25.00669, 288.7104, 100.5088
2018-04-10T13:31:19.9741260Z, 1, 25.00669, 288.7104, 100.5088
2018-04-10T13:31:19.9816403Z, 1, 25.00669, 288.7104, 100.5088
2018-04-10T13:31:19.9998442Z, 1, 24.76523, 288.4316, 100.6232
2018-04-10T13:31:20.0013549Z, 1, 24.7295, 288.6076, 100.688
2018-04-10T13:31:20.0086676Z, 1, 24.7295, 288.6076, 100.688
2018-04-10T13:31:20.0122995Z, 1, 24.7295, 288.6076, 100.688
2018-04-10T13:31:20.0294939Z, 1, 24.84429, 289.3909, 100.8661
2018-04-10T13:31:20.0309958Z, 1, 24.84429, 289.3909, 100.8661
2018-04-10T13:31:20.0373850Z, 1, 24.86489, 290.4643, 101.1615
2018-04-10T13:31:20.0413920Z, 1, 24.86489, 290.4643, 101.1615
2018-04-10T13:31:20.0584023Z, 1, 24.27691, 289.7122, 100.6778
2018-04-10T13:31:20.0604053Z, 1, 24.27691, 289.7122, 100.6778
2018-04-10T13:31:20.0676637Z, 1, 24.27691, 289.7122, 100.6778
2018-04-10T13:31:20.0713912Z, 1, 23.83571, 289.6467, 100.4593
2018-04-10T13:31:20.0880930Z, 1, 23.56674, 289.6322, 100.2555
2018-04-10T13:31:20.0926018Z, 1, 23.56674, 289.6322, 100.2555
2018-04-10T13:31:20.0961164Z, 1, 23.56674, 289.6322, 100.2555
2018-04-10T13:31:20.1038228Z, 1, 23.39089, 289.8364, 99.9959
2018-04-10T13:31:20.1209155Z, 1, 23.39089, 289.8364, 99.9959
2018-04-10T13:31:20.1229186Z, 1, 23.15863, 290.0319, 99.77572
2018-04-10T13:31:20.1299300Z, 1, 23.15863, 290.0319, 99.77572
2018-04-10T13:31:20.1359386Z, 1, 23.15863, 290.0319, 99.77572
2018-04-10T13:31:20.1528669Z, 1, 23.44976, 291.4071, 99.73504
2018-04-10T13:31:20.1553664Z, 1, 23.44976, 291.4071, 99.73504
2018-04-10T13:31:20.1618759Z, 1, 23.72887, 292.8531, 99.93116
2018-04-10T13:31:20.1659012Z, 1, 23.72887, 292.8531, 99.93116
2018-04-10T13:31:20.1827065Z, 1, 23.93201, 294.1519, 100.1211
2018-04-10T13:31:20.1847096Z, 1, 23.93201, 294.1519, 100.1211
2018-04-10T13:31:20.1929704Z, 1, 23.22185, 293.0609, 99.4244
2018-04-10T13:31:20.1964790Z, 1, 23.22185, 293.0609, 99.4244
2018-04-10T13:31:20.2140793Z, 1, 23.31608, 294.1248, 99.42798
2018-04-10T13:31:20.2155811Z, 1, 23.31608, 294.1248, 99.42798
2018-04-10T13:31:20.2223221Z, 1, 23.31608, 294.1248, 99.42798
2018-04-10T13:31:20.2303441Z, 1, 22.70942, 293.3179, 98.91299
2018-04-10T13:31:20.2469038Z, 1, 22.25318, 292.3408, 98.43594
2018-04-10T13:31:20.2489072Z, 1, 22.25318, 292.3408, 98.43594
2018-04-10T13:31:20.2564183Z, 1, 22.25318, 292.3408, 98.43594
2018-04-10T13:31:20.2629413Z, 1, 22.29489, 292.7568, 98.30361
2018-04-10T13:31:20.2799549Z, 1, 21.83227, 291.9605, 97.77872
2018-04-10T13:31:20.2814571Z, 1, 21.83227, 291.9605, 97.77872
2018-04-10T13:31:20.2894691Z, 1, 21.83227, 291.9605, 97.77872
2018-04-10T13:31:20.2929747Z, 1, 21.83227, 291.9605, 97.77872
2018-04-10T13:31:20.3100011Z, 1, 21.94459, 292.4489, 97.70089
2018-04-10T13:31:20.3120045Z, 1, 21.8547, 292.9972, 97.67305
2018-04-10T13:31:20.3160101Z, 1, 21.8547, 292.9972, 97.67305
2018-04-10T13:31:20.3200162Z, 1, 21.8547, 292.9972, 97.67305
2018-04-10T13:31:20.3370424Z, 1, 21.76683, 293.5468, 97.57906
2018-04-10T13:31:20.3385451Z, 1, 21.76683, 293.5468, 97.57906
2018-04-10T13:31:20.3465572Z, 1, 21.76683, 293.5468, 97.57906
2018-04-10T13:31:20.3535677Z, 1, 21.66441, 293.9673, 97.48981
2018-04-10T13:31:20.3705993Z, 1, 21.46205, 294.1163, 97.26665
2018-04-10T13:31:20.3721017Z, 1, 21.46205, 294.1163, 97.26665
2018-04-10T13:31:20.3788635Z, 1, 21.46205, 294.1163, 97.26665
2018-04-10T13:31:20.3858825Z, 1, 20.75351, 292.5832, 96.23119
2018-04-10T13:31:20.4027089Z, 1, 20.38434, 291.5081, 95.56598
2018-04-10T13:31:20.4047134Z, 1, 20.38434, 291.5081, 95.56598
2018-04-10T13:31:20.4121776Z, 1, 20.38434, 291.5081, 95.56598
2018-04-10T13:31:20.4191565Z, 1, 20.2535, 290.827, 95.25949
2018-04-10T13:31:20.4360577Z, 1, 20.2064, 290.2545, 95.07584
2018-04-10T13:31:20.4381271Z, 1, 20.2064, 290.2545, 95.07584
2018-04-10T13:31:20.4446535Z, 1, 20.2064, 290.2545, 95.07584
2018-04-10T13:31:20.4623644Z, 1, 20.12055, 289.9196, 94.96886
2018-04-10T13:31:20.4638671Z, 1, 20.12055, 289.9196, 94.96886
2018-04-10T13:31:20.4713791Z, 1, 20.04641, 289.7609, 94.93151
2018-04-10T13:31:20.4753844Z, 1, 20.04641, 289.7609, 94.93151
2018-04-10T13:31:20.4788871Z, 1, 20.04641, 289.7609, 94.93151
2018-04-10T13:31:20.4958914Z, 1, 20.07237, 289.8525, 94.95792
2018-04-10T13:31:20.4973984Z, 1, 20.07237, 289.8525, 94.95792
2018-04-10T13:31:20.5019009Z, 1, 20.07237, 289.8525, 94.95792
2018-04-10T13:31:20.5114148Z, 1, 20.08879, 289.9579, 95.04676
2018-04-10T13:31:20.5279697Z, 1, 20.11154, 290.1111, 95.08701
2018-04-10T13:31:20.5294716Z, 1, 20.11154, 290.1111, 95.08701
2018-04-10T13:31:20.5369366Z, 1, 20.11154, 290.1111, 95.08701
2018-04-10T13:31:20.5405506Z, 1, 20.01968, 289.951, 95.10944
2018-04-10T13:31:20.5575557Z, 1, 19.92272, 289.7947, 95.07991
2018-04-10T13:31:20.5600597Z, 1, 19.92272, 289.7947, 95.07991
2018-04-10T13:31:20.5645033Z, 1, 19.92272, 289.7947, 95.07991
2018-04-10T13:31:20.5720787Z, 1, 19.92272, 289.7947, 95.07991
2018-04-10T13:31:20.5886572Z, 1, 19.9061, 289.6348, 95.04263
2018-04-10T13:31:20.5906685Z, 1, 19.93081, 289.4269, 95.00727
2018-04-10T13:31:20.5956768Z, 1, 19.93081, 289.4269, 95.00727
2018-04-10T13:31:20.6026893Z, 1, 19.93081, 289.4269, 95.00727
2018-04-10T13:31:20.6071836Z, 1, 19.93081, 289.4269, 95.00727
2018-04-10T13:31:20.6233394Z, 1, 19.89388, 289.1993, 94.99567
2018-04-10T13:31:20.6253408Z, 1, 19.90087, 288.9623, 94.97013
2018-04-10T13:31:20.6324054Z, 1, 19.90087, 288.9623, 94.97013
2018-04-10T13:31:20.6487755Z, 1, 19.98802, 288.8187, 94.95244
2018-04-10T13:31:20.6502780Z, 1, 19.98802, 288.8187, 94.95244
2018-04-10T13:31:20.6578070Z, 1, 19.98802, 288.8187, 94.95244
2018-04-10T13:31:20.6613225Z, 1, 20.12823, 288.7147, 94.88278
2018-04-10T13:31:20.6690192Z, 1, 20.12823, 288.7147, 94.88278
2018-04-10T13:31:20.6853430Z, 1, 20.17563, 288.5163, 94.85902
2018-04-10T13:31:20.6873335Z, 1, 20.17563, 288.5163, 94.85902
2018-04-10T13:31:20.6915537Z, 1, 20.17563, 288.5163, 94.85902
2018-04-10T13:31:20.6978999Z, 1, 20.16582, 288.4158, 94.89919
2018-04-10T13:31:20.7146728Z, 1, 20.21233, 288.3649, 94.95244
2018-04-10T13:31:20.7166952Z, 1, 20.21233, 288.3649, 94.95244
2018-04-10T13:31:20.7241110Z, 1, 20.21233, 288.3649, 94.95244
2018-04-10T13:31:20.7306667Z, 1, 20.34026, 288.5564, 95.09661
2018-04-10T13:31:20.7477544Z, 1, 20.37814, 288.5845, 95.18324
2018-04-10T13:31:20.7492474Z, 1, 20.37814, 288.5845, 95.18324
2018-04-10T13:31:20.7557584Z, 1, 20.37814, 288.5845, 95.18324
2018-04-10T13:31:20.7602615Z, 1, 20.37814, 288.5845, 95.18324
2018-04-10T13:31:20.7768853Z, 1, 20.39872, 288.6482, 95.23998
2018-04-10T13:31:20.7788878Z, 1, 20.39872, 288.6482, 95.23998
2018-04-10T13:31:20.7858980Z, 1, 20.3858, 288.4229, 95.22523
2018-04-10T13:31:20.7929358Z, 1, 20.3858, 288.4229, 95.22523
2018-04-10T13:31:20.8096071Z, 1, 20.32344, 288.3365, 95.21886
2018-04-10T13:31:20.8110993Z, 1, 20.32344, 288.3365, 95.21886
2018-04-10T13:31:20.8181354Z, 1, 20.31866, 288.432, 95.25176
2018-04-10T13:31:20.8221606Z, 1, 20.31866, 288.432, 95.25176
2018-04-10T13:31:20.8266839Z, 1, 20.31866, 288.432, 95.25176
2018-04-10T13:31:20.8430692Z, 1, 20.37954, 288.6191, 95.33493
2018-04-10T13:31:20.8445708Z, 1, 20.37954, 288.6191, 95.33493
2018-04-10T13:31:20.8520824Z, 1, 20.37422, 288.6743, 95.29623
2018-04-10T13:31:20.8556082Z, 1, 20.37422, 288.6743, 95.29623
2018-04-10T13:31:20.8726640Z, 1, 20.34049, 288.6628, 95.25478
2018-04-10T13:31:20.8746577Z, 1, 20.34049, 288.6628, 95.25478
2018-04-10T13:31:20.8812301Z, 1, 20.34049, 288.6628, 95.25478
2018-04-10T13:31:20.8857258Z, 1, 20.29235, 288.6207, 95.19704
2018-04-10T13:31:20.9021754Z, 1, 20.1651, 288.6031, 95.15897
2018-04-10T13:31:20.9041668Z, 1, 20.1651, 288.6031, 95.15897
2018-04-10T13:31:20.9116478Z, 1, 20.1651, 288.6031, 95.15897
2018-04-10T13:31:20.9156539Z, 1, 20.1651, 288.6031, 95.15897
2018-04-10T13:31:20.9196601Z, 1, 20.16471, 288.6089, 95.10905
2018-04-10T13:31:20.9366743Z, 1, 20.09687, 288.5765, 95.12788
2018-04-10T13:31:20.9381770Z, 1, 20.09687, 288.5765, 95.12788
2018-04-10T13:31:20.9456651Z, 1, 20.09687, 288.5765, 95.12788
2018-04-10T13:31:20.9624417Z, 1, 20.08714, 288.6496, 95.18259
2018-04-10T13:31:20.9642199Z, 1, 20.08714, 288.6496, 95.18259
2018-04-10T13:31:20.9721252Z, 1, 20.03564, 288.4828, 95.12714
2018-04-10T13:31:20.9761308Z, 1, 20.03564, 288.4828, 95.12714
2018-04-10T13:31:20.9926171Z, 1, 19.99688, 288.4005, 95.05425
2018-04-10T13:31:20.9943896Z, 1, 19.99688, 288.4005, 95.05425
2018-04-10T13:31:21.0013782Z, 1, 19.99688, 288.4005, 95.05425
2018-04-10T13:31:21.0088913Z, 1, 19.98287, 288.2426, 95.02293
2018-04-10T13:31:21.0259391Z, 1, 19.97763, 288.2038, 95.05324
2018-04-10T13:31:21.0279419Z, 1, 19.97763, 288.2038, 95.05324
2018-04-10T13:31:21.0324490Z, 1, 19.97763, 288.2038, 95.05324
2018-04-10T13:31:21.0393371Z, 1, 19.97763, 288.2038, 95.05324
2018-04-10T13:31:21.0566263Z, 1, 19.97949, 288.0723, 95.0498
2018-04-10T13:31:21.0591306Z, 1, 19.92463, 287.9235, 95.04783
2018-04-10T13:31:21.0657130Z, 1, 19.92463, 287.9235, 95.04783
2018-04-10T13:31:21.0732258Z, 1, 19.92463, 287.9235, 95.04783
2018-04-10T13:31:21.0902406Z, 1, 19.84874, 287.8033, 95.01205
2018-04-10T13:31:21.0927443Z, 1, 19.84874, 287.8033, 95.01205
2018-04-10T13:31:21.0993570Z, 1, 19.77485, 287.3703, 94.91096
2018-04-10T13:31:21.1037106Z, 1, 19.77485, 287.3703, 94.91096
2018-04-10T13:31:21.1206076Z, 1, 19.69443, 287.1523, 94.84209
2018-04-10T13:31:21.1226033Z, 1, 19.69443, 287.1523, 94.84209
2018-04-10T13:31:21.1301150Z, 1, 19.69582, 287.0062, 94.81212
2018-04-10T13:31:21.1366382Z, 1, 19.69582, 287.0062, 94.81212
2018-04-10T13:31:21.1536337Z, 1, 19.66098, 286.8136, 94.75511
2018-04-10T13:31:21.1551355Z, 1, 19.66098, 286.8136, 94.75511
2018-04-10T13:31:21.1623407Z, 1, 19.56189, 286.6179, 94.69449
2018-04-10T13:31:21.1698689Z, 1, 19.56189, 286.6179, 94.69449
2018-04-10T13:31:21.1858938Z, 1, 19.44051, 286.3928, 94.61918
2018-04-10T13:31:21.1883975Z, 1, 19.44051, 286.3928, 94.61918
2018-04-10T13:31:21.1919116Z, 1, 19.44051, 286.3928, 94.61918
2018-04-10T13:31:21.1994267Z, 1, 19.3107, 286.2235, 94.58255
2018-04-10T13:31:21.2164865Z, 1, 19.23256, 286.1619, 94.55396
2018-04-10T13:31:21.2179875Z, 1, 19.23256, 286.1619, 94.55396
2018-04-10T13:31:21.2244780Z, 1, 19.23256, 286.1619, 94.55396
2018-04-10T13:31:21.2322977Z, 1, 19.18661, 286.214, 94.50424
2018-04-10T13:31:21.2489832Z, 1, 19.12187, 286.1954, 94.50475
2018-04-10T13:31:21.2504739Z, 1, 19.12187, 286.1954, 94.50475
2018-04-10T13:31:21.2572314Z, 1, 19.12187, 286.1954, 94.50475
2018-04-10T13:31:21.2741085Z, 1, 19.02028, 286.1627, 94.54501
2018-04-10T13:31:21.2761104Z, 1, 19.02028, 286.1627, 94.54501
2018-04-10T13:31:21.2837903Z, 1, 19.04217, 286.2643, 94.5554
2018-04-10T13:31:21.2908139Z, 1, 19.04217, 286.2643, 94.5554
2018-04-10T13:31:21.3073175Z, 1, 19.02438, 286.1786, 94.57198
2018-04-10T13:31:21.3088188Z, 1, 19.02438, 286.1786, 94.57198
2018-04-10T13:31:21.3131540Z, 1, 19.02438, 286.1786, 94.57198
2018-04-10T13:31:21.3201810Z, 1, 18.95924, 285.9377, 94.48536
2018-04-10T13:31:21.3372083Z, 1, 18.95924, 285.9377, 94.48536
2018-04-10T13:31:21.3387108Z, 1, 18.95924, 285.9377, 94.48536
2018-04-10T13:31:21.3457338Z, False, 0, 0, 0
2018-04-10T13:31:21.3527332Z, False, 0, 0, 0
2018-04-10T13:31:21.3567402Z, False, 0, 0, 0
2018-04-10T13:31:21.3734180Z, False, 0, 0, 0
2018-04-10T13:31:21.3754131Z, False, 0, 0, 0
2018-04-10T13:31:21.3819307Z, False, 0, 0, 0
2018-04-10T13:31:21.3989444Z, False, 0, 0, 0
2018-04-10T13:31:21.4004468Z, False, 0, 0, 0
2018-04-10T13:31:21.4044655Z, False, 0, 0, 0
2018-04-10T13:31:21.4109791Z, False, 0, 0, 0
2018-04-10T13:31:21.4149869Z, False, 0, 0, 0
2018-04-10T13:31:21.4315091Z, False, 0, 0, 0
2018-04-10T13:31:21.4365017Z, False, 0, 0, 0
2018-04-10T13:31:21.4385056Z, False, 0, 0, 0
2018-04-10T13:31:21.4455170Z, False, 0, 0, 0
2018-04-10T13:31:21.4505247Z, False, 0, 0, 0
2018-04-10T13:31:21.4670505Z, False, 0, 0, 0
2018-04-10T13:31:21.4685512Z, False, 0, 0, 0
2018-04-10T13:31:21.4755635Z, False, 0, 0, 0
2018-04-10T13:31:21.4923497Z, False, 0, 0, 0
2018-04-10T13:31:21.4938516Z, False, 0, 0, 0
2018-04-10T13:31:21.5007178Z, False, 0, 0, 0
2018-04-10T13:31:21.5047476Z, False, 0, 0, 0
2018-04-10T13:31:21.5087540Z, False, 0, 0, 0
2018-04-10T13:31:21.5128723Z, False, 0, 0, 0
2018-04-10T13:31:21.5294972Z, False, 0, 0, 0
2018-04-10T13:31:21.5309996Z, False, 0, 0, 0
2018-04-10T13:31:21.5385093Z, False, 0, 0, 0
2018-04-10T13:31:21.5550343Z, False, 0, 0, 0
2018-04-10T13:31:21.5565348Z, False, 0, 0, 0
2018-04-10T13:31:21.5640599Z, False, 0, 0, 0
2018-04-10T13:31:21.5714805Z, False, 0, 0, 0
2018-04-10T13:31:21.5754787Z, False, 0, 0, 0
2018-04-10T13:31:21.5925362Z, False, 0, 0, 0
2018-04-10T13:31:21.5940380Z, False, 0, 0, 0
2018-04-10T13:31:21.6006000Z, False, 0, 0, 0
2018-04-10T13:31:21.6070367Z, False, 0, 0, 0
2018-04-10T13:31:21.6238992Z, False, 0, 0, 0
2018-04-10T13:31:21.6248902Z, False, 0, 0, 0
2018-04-10T13:31:21.6298971Z, False, 0, 0, 0
2018-04-10T13:31:21.6360387Z, False, 0, 0, 0
2018-04-10T13:31:21.6527515Z, False, 0, 0, 0
2018-04-10T13:31:21.6542542Z, False, 0, 0, 0
2018-04-10T13:31:21.6610476Z, False, 0, 0, 0
2018-04-10T13:31:21.6679411Z, False, 0, 0, 0
2018-04-10T13:31:21.6843483Z, False, 0, 0, 0
2018-04-10T13:31:21.6858518Z, False, 0, 0, 0
2018-04-10T13:31:21.6933661Z, False, 0, 0, 0
2018-04-10T13:31:21.7004176Z, False, 0, 0, 0
2018-04-10T13:31:21.7174051Z, False, 0, 0, 0
2018-04-10T13:31:21.7189075Z, False, 0, 0, 0
2018-04-10T13:31:21.7258343Z, False, 0, 0, 0
2018-04-10T13:31:21.7426786Z, False, 0, 0, 0
2018-04-10T13:31:21.7436802Z, False, 0, 0, 0
2018-04-10T13:31:21.7502307Z, False, 0, 0, 0
2018-04-10T13:31:21.7571237Z, False, 0, 0, 0
2018-04-10T13:31:21.7611290Z, False, 0, 0, 0
2018-04-10T13:31:21.7779130Z, False, 0, 0, 0
2018-04-10T13:31:21.7794086Z, False, 0, 0, 0
2018-04-10T13:31:21.7864151Z, False, 0, 0, 0
2018-04-10T13:31:21.7934581Z, False, 0, 0, 0
2018-04-10T13:31:21.8101666Z, False, 0, 0, 0
2018-04-10T13:31:21.8116705Z, False, 0, 0, 0
2018-04-10T13:31:21.8183947Z, False, 0, 0, 0
2018-04-10T13:31:21.8248877Z, False, 0, 0, 0
2018-04-10T13:31:21.8417346Z, False, 0, 0, 0
2018-04-10T13:31:21.8432368Z, False, 0, 0, 0
2018-04-10T13:31:21.8503133Z, False, 0, 0, 0
2018-04-10T13:31:21.8572447Z, False, 0, 0, 0
2018-04-10T13:31:21.8742788Z, False, 0, 0, 0
2018-04-10T13:31:21.8752801Z, False, 0, 0, 0
2018-04-10T13:31:21.8822647Z, False, 0, 0, 0
2018-04-10T13:31:21.8990336Z, False, 0, 0, 0
2018-04-10T13:31:21.9005261Z, False, 0, 0, 0
2018-04-10T13:31:21.9076049Z, False, 0, 0, 0
2018-04-10T13:31:21.9141145Z, False, 0, 0, 0
2018-04-10T13:31:21.9181203Z, False, 0, 0, 0
2018-04-10T13:31:21.9385325Z, False, 0, 0, 0
2018-04-10T13:31:21.9400347Z, False, 0, 0, 0
2018-04-10T13:31:21.9439350Z, False, 0, 0, 0
2018-04-10T13:31:21.9609720Z, False, 0, 0, 0
2018-04-10T13:31:21.9619761Z, False, 0, 0, 0
2018-04-10T13:31:21.9695031Z, False, 0, 0, 0
2018-04-10T13:31:21.9765136Z, False, 0, 0, 0
2018-04-10T13:31:21.9805323Z, False, 0, 0, 0
2018-04-10T13:31:21.9973806Z, False, 0, 0, 0
2018-04-10T13:31:21.9988842Z, False, 0, 0, 0
2018-04-10T13:31:22.0063970Z, False, 0, 0, 0
2018-04-10T13:31:22.0134078Z, False, 0, 0, 0
2018-04-10T13:31:22.0304340Z, False, 0, 0, 0
2018-04-10T13:31:22.0319359Z, False, 0, 0, 0
2018-04-10T13:31:22.0394484Z, False, 0, 0, 0
2018-04-10T13:31:22.0434654Z, False, 0, 0, 0
2018-04-10T13:31:22.0604614Z, False, 0, 0, 0
2018-04-10T13:31:22.0619690Z, False, 0, 0, 0
2018-04-10T13:31:22.0695646Z, False, 0, 0, 0
2018-04-10T13:31:22.0735705Z, False, 0, 0, 0
2018-04-10T13:31:22.0903616Z, False, 0, 0, 0
2018-04-10T13:31:22.0923550Z, False, 0, 0, 0
2018-04-10T13:31:22.0968857Z, False, 0, 0, 0
2018-04-10T13:31:22.1009084Z, False, 0, 0, 0
2018-04-10T13:31:22.1176590Z, False, 0, 0, 0
2018-04-10T13:31:22.1191618Z, False, 0, 0, 0
2018-04-10T13:31:22.1266749Z, False, 0, 0, 0
2018-04-10T13:31:22.1331831Z, False, 0, 0, 0
2018-04-10T13:31:22.1499033Z, False, 0, 0, 0
2018-04-10T13:31:22.1514054Z, False, 0, 0, 0
2018-04-10T13:31:22.1582429Z, False, 0, 0, 0
2018-04-10T13:31:22.1652079Z, False, 0, 0, 0
2018-04-10T13:31:22.1819366Z, False, 0, 0, 0
2018-04-10T13:31:22.1834496Z, False, 0, 0, 0
2018-04-10T13:31:22.1917830Z, False, 0, 0, 0
2018-04-10T13:31:22.1932860Z, False, 0, 0, 0
2018-04-10T13:31:22.2010393Z, False, 0, 0, 0
2018-04-10T13:31:22.2179855Z, False, 0, 0, 0
2018-04-10T13:31:22.2194868Z, False, 0, 0, 0
2018-04-10T13:31:22.2269721Z, False, 0, 0, 0
2018-04-10T13:31:22.2306683Z, False, 0, 0, 0
2018-04-10T13:31:22.2472055Z, False, 0, 0, 0
2018-04-10T13:31:22.2487077Z, False, 0, 0, 0
2018-04-10T13:31:22.2552400Z, False, 0, 0, 0
2018-04-10T13:31:22.2622590Z, False, 0, 0, 0
2018-04-10T13:31:22.2792491Z, False, 0, 0, 0
2018-04-10T13:31:22.2807427Z, False, 0, 0, 0
2018-04-10T13:31:22.2872412Z, False, 0, 0, 0
2018-04-10T13:31:22.2912479Z, False, 0, 0, 0
2018-04-10T13:31:22.3082525Z, False, 0, 0, 0
2018-04-10T13:31:22.3102550Z, False, 0, 0, 0
2018-04-10T13:31:22.3139469Z, False, 0, 0, 0
2018-04-10T13:31:22.3202618Z, False, 0, 0, 0
2018-04-10T13:31:22.3247701Z, False, 0, 0, 0
2018-04-10T13:31:22.3417430Z, False, 0, 0, 0
2018-04-10T13:31:22.3432446Z, False, 0, 0, 0
2018-04-10T13:31:22.3502739Z, False, 0, 0, 0
2018-04-10T13:31:22.3567436Z, False, 0, 0, 0
2018-04-10T13:31:22.3735251Z, False, 0, 0, 0
2018-04-10T13:31:22.3755278Z, False, 0, 0, 0
2018-04-10T13:31:22.3821035Z, False, 0, 0, 0
2018-04-10T13:31:22.3885684Z, False, 0, 0, 0
2018-04-10T13:31:22.4056216Z, False, 0, 0, 0
2018-04-10T13:31:22.4071235Z, False, 0, 0, 0
2018-04-10T13:31:22.4140039Z, False, 0, 0, 0
2018-04-10T13:31:22.4307318Z, False, 0, 0, 0
2018-04-10T13:31:22.4322343Z, False, 0, 0, 0
2018-04-10T13:31:22.4395567Z, False, 0, 0, 0
2018-04-10T13:31:22.4470726Z, False, 0, 0, 0
2018-04-10T13:31:22.4636699Z, False, 0, 0, 0
2018-04-10T13:31:22.4651889Z, False, 0, 0, 0
2018-04-10T13:31:22.4718046Z, False, 0, 0, 0
2018-04-10T13:31:22.4758210Z, False, 0, 0, 0
2018-04-10T13:31:22.4798537Z, False, 0, 0, 0
2018-04-10T13:31:22.4968810Z, False, 0, 0, 0
2018-04-10T13:31:22.4978825Z, False, 0, 0, 0
2018-04-10T13:31:22.5054044Z, False, 0, 0, 0
2018-04-10T13:31:22.5134065Z, False, 0, 0, 0
2018-04-10T13:31:22.5299321Z, False, 0, 0, 0
2018-04-10T13:31:22.5314342Z, False, 0, 0, 0
2018-04-10T13:31:22.5389499Z, False, 0, 0, 0
2018-04-10T13:31:22.5429640Z, False, 0, 0, 0
2018-04-10T13:31:22.5594950Z, False, 0, 0, 0
2018-04-10T13:31:22.5609798Z, False, 0, 0, 0
2018-04-10T13:31:22.5685066Z, False, 0, 0, 0
2018-04-10T13:31:22.5755171Z, False, 0, 0, 0
2018-04-10T13:31:22.5920375Z, False, 0, 0, 0
2018-04-10T13:31:22.5940306Z, False, 0, 0, 0
2018-04-10T13:31:22.6010414Z, False, 0, 0, 0
2018-04-10T13:31:22.6177673Z, False, 0, 0, 0
2018-04-10T13:31:22.6192678Z, False, 0, 0, 0
2018-04-10T13:31:22.6262202Z, False, 0, 0, 0
2018-04-10T13:31:22.6302651Z, False, 0, 0, 0
2018-04-10T13:31:22.6344987Z, False, 0, 0, 0
2018-04-10T13:31:22.6385691Z, False, 0, 0, 0
2018-04-10T13:31:22.6554100Z, False, 0, 0, 0
2018-04-10T13:31:22.6564116Z, False, 0, 0, 0
2018-04-10T13:31:22.6609181Z, False, 0, 0, 0
2018-04-10T13:31:22.6679340Z, False, 0, 0, 0
2018-04-10T13:31:22.6845802Z, False, 0, 0, 0
2018-04-10T13:31:22.6865853Z, False, 0, 0, 0
2018-04-10T13:31:22.6934316Z, False, 0, 0, 0
2018-04-10T13:31:22.7005004Z, False, 0, 0, 0
2018-04-10T13:31:22.7170524Z, False, 0, 0, 0
2018-04-10T13:31:22.7185543Z, False, 0, 0, 0
2018-04-10T13:31:22.7255822Z, False, 0, 0, 0
2018-04-10T13:31:22.7321048Z, False, 0, 0, 0
2018-04-10T13:31:22.7488900Z, False, 0, 0, 0
2018-04-10T13:31:22.7503921Z, False, 0, 0, 0
2018-04-10T13:31:22.7572814Z, False, 0, 0, 0
2018-04-10T13:31:22.7742774Z, False, 0, 0, 0
2018-04-10T13:31:22.7762796Z, False, 0, 0, 0
2018-04-10T13:31:22.7831711Z, False, 0, 0, 0
2018-04-10T13:31:22.7903430Z, False, 0, 0, 0
2018-04-10T13:31:22.7938608Z, False, 0, 0, 0
2018-04-10T13:31:22.8108961Z, False, 0, 0, 0
2018-04-10T13:31:22.8118879Z, False, 0, 0, 0
2018-04-10T13:31:22.8189303Z, False, 0, 0, 0
2018-04-10T13:31:22.8259812Z, False, 0, 0, 0
2018-04-10T13:31:22.8430384Z, False, 0, 0, 0
2018-04-10T13:31:22.8440400Z, False, 0, 0, 0
2018-04-10T13:31:22.8510237Z, False, 0, 0, 0
2018-04-10T13:31:22.8677377Z, False, 0, 0, 0
2018-04-10T13:31:22.8692398Z, False, 0, 0, 0
2018-04-10T13:31:22.8759586Z, False, 0, 0, 0
2018-04-10T13:31:22.8827889Z, False, 0, 0, 0
2018-04-10T13:31:22.8996816Z, False, 0, 0, 0
2018-04-10T13:31:22.9006835Z, False, 0, 0, 0
2018-04-10T13:31:22.9081798Z, False, 0, 0, 0
2018-04-10T13:31:22.9116850Z, False, 0, 0, 0
2018-04-10T13:31:22.9157009Z, False, 0, 0, 0
2018-04-10T13:31:22.9322350Z, False, 0, 0, 0
2018-04-10T13:31:22.9337386Z, False, 0, 0, 0
2018-04-10T13:31:22.9380632Z, False, 0, 0, 0
2018-04-10T13:31:22.9447319Z, False, 0, 0, 0
2018-04-10T13:31:22.9618005Z, False, 0, 0, 0
2018-04-10T13:31:22.9633026Z, False, 0, 0, 0
2018-04-10T13:31:22.9713158Z, False, 0, 0, 0
2018-04-10T13:31:22.9753208Z, False, 0, 0, 0
2018-04-10T13:31:22.9819704Z, False, 0, 0, 0
2018-04-10T13:31:22.9987595Z, False, 0, 0, 0
2018-04-10T13:31:23.0002509Z, False, 0, 0, 0
2018-04-10T13:31:23.0071399Z, False, 0, 0, 0
2018-04-10T13:31:23.0236478Z, False, 0, 0, 0
2018-04-10T13:31:23.0256506Z, False, 0, 0, 0
2018-04-10T13:31:23.0328765Z, False, 0, 0, 0
2018-04-10T13:31:23.0398540Z, False, 0, 0, 0
2018-04-10T13:31:23.0566815Z, False, 0, 0, 0
2018-04-10T13:31:23.0581840Z, False, 0, 0, 0
2018-04-10T13:31:23.0653447Z, False, 0, 0, 0
2018-04-10T13:31:23.0693355Z, False, 0, 0, 0
2018-04-10T13:31:23.0737512Z, False, 0, 0, 0
2018-04-10T13:31:23.0906123Z, False, 0, 0, 0
2018-04-10T13:31:23.0921139Z, False, 0, 0, 0
2018-04-10T13:31:23.0965240Z, False, 0, 0, 0
2018-04-10T13:31:23.1040356Z, False, 0, 0, 0
2018-04-10T13:31:23.1208199Z, False, 0, 0, 0
2018-04-10T13:31:23.1223221Z, False, 0, 0, 0
2018-04-10T13:31:23.1293331Z, False, 0, 0, 0
2018-04-10T13:31:23.1358604Z, False, 0, 0, 0
2018-04-10T13:31:23.1525618Z, False, 0, 0, 0
2018-04-10T13:31:23.1540645Z, False, 0, 0, 0
2018-04-10T13:31:23.1612828Z, False, 0, 0, 0
2018-04-10T13:31:23.1678627Z, False, 0, 0, 0
2018-04-10T13:31:23.1844295Z, False, 0, 0, 0
2018-04-10T13:31:23.1859368Z, False, 0, 0, 0
2018-04-10T13:31:23.1929593Z, False, 0, 0, 0
2018-04-10T13:31:23.1999703Z, False, 0, 0, 0
2018-04-10T13:31:23.2166123Z, False, 0, 0, 0
2018-04-10T13:31:23.2180737Z, False, 0, 0, 0
2018-04-10T13:31:23.2252015Z, False, 0, 0, 0
2018-04-10T13:31:23.2420518Z, False, 0, 0, 0
2018-04-10T13:31:23.2440540Z, False, 0, 0, 0
2018-04-10T13:31:23.2515663Z, False, 0, 0, 0
2018-04-10T13:31:23.2586331Z, False, 0, 0, 0
2018-04-10T13:31:23.2756516Z, False, 0, 0, 0
2018-04-10T13:31:23.2771549Z, False, 0, 0, 0
2018-04-10T13:31:23.2849746Z, False, 0, 0, 0
2018-04-10T13:31:23.2926892Z, False, 0, 0, 0
2018-04-10T13:31:23.3091886Z, False, 0, 0, 0
2018-04-10T13:31:23.3107001Z, False, 0, 0, 0
2018-04-10T13:31:23.3169294Z, False, 0, 0, 0
2018-04-10T13:31:23.3233140Z, False, 0, 0, 0
2018-04-10T13:31:23.3404002Z, False, 0, 0, 0
2018-04-10T13:31:23.3414015Z, False, 0, 0, 0
2018-04-10T13:31:23.3456755Z, False, 0, 0, 0
2018-04-10T13:31:23.3524221Z, False, 0, 0, 0
2018-04-10T13:31:23.3567681Z, False, 0, 0, 0
2018-04-10T13:31:23.3735842Z, False, 0, 0, 0
2018-04-10T13:31:23.3755865Z, False, 0, 0, 0
2018-04-10T13:31:23.3823260Z, False, 0, 0, 0
2018-04-10T13:31:23.3868257Z, False, 0, 0, 0
2018-04-10T13:31:23.4034944Z, False, 0, 0, 0
2018-04-10T13:31:23.4049966Z, False, 0, 0, 0
2018-04-10T13:31:23.4125083Z, False, 0, 0, 0
2018-04-10T13:31:23.4160166Z, False, 0, 0, 0
2018-04-10T13:31:23.4327539Z, False, 0, 0, 0
2018-04-10T13:31:23.4442727Z, False, 0, 0, 0
2018-04-10T13:31:23.4467593Z, False, 0, 0, 0
2018-04-10T13:31:23.4627933Z, False, 0, 0, 0
2018-04-10T13:31:23.4642958Z, False, 0, 0, 0
2018-04-10T13:31:23.4715103Z, False, 0, 0, 0
2018-04-10T13:31:23.4755179Z, False, 0, 0, 0
2018-04-10T13:31:23.4821203Z, False, 0, 0, 0
2018-04-10T13:31:23.4988977Z, False, 0, 0, 0
2018-04-10T13:31:23.5004004Z, False, 0, 0, 0
2018-04-10T13:31:23.5074141Z, False, 0, 0, 0
2018-04-10T13:31:23.5114231Z, False, 0, 0, 0
2018-04-10T13:31:23.5282714Z, False, 0, 0, 0
2018-04-10T13:31:23.5297827Z, False, 0, 0, 0
2018-04-10T13:31:23.5364678Z, False, 0, 0, 0
2018-04-10T13:31:23.5432691Z, False, 0, 0, 0
2018-04-10T13:31:23.5602654Z, False, 0, 0, 0
2018-04-10T13:31:23.5617676Z, False, 0, 0, 0
2018-04-10T13:31:23.5682533Z, False, 0, 0, 0
2018-04-10T13:31:23.5747583Z, False, 0, 0, 0
2018-04-10T13:31:23.5917247Z, False, 0, 0, 0
2018-04-10T13:31:23.5932269Z, False, 0, 0, 0
2018-04-10T13:31:23.6002556Z, False, 0, 0, 0
2018-04-10T13:31:23.6077491Z, False, 0, 0, 0
2018-04-10T13:31:23.6242749Z, False, 0, 0, 0
2018-04-10T13:31:23.6257771Z, False, 0, 0, 0
2018-04-10T13:31:23.6328018Z, False, 0, 0, 0
2018-04-10T13:31:23.6368088Z, False, 0, 0, 0
2018-04-10T13:31:23.6538575Z, False, 0, 0, 0
2018-04-10T13:31:23.6553469Z, False, 0, 0, 0
2018-04-10T13:31:23.6593707Z, False, 0, 0, 0
2018-04-10T13:31:23.6633740Z, False, 0, 0, 0
2018-04-10T13:31:23.6798944Z, False, 0, 0, 0
2018-04-10T13:31:23.6818878Z, False, 0, 0, 0
2018-04-10T13:31:23.6889114Z, False, 0, 0, 0
2018-04-10T13:31:23.6929224Z, False, 0, 0, 0
2018-04-10T13:31:23.6994274Z, False, 0, 0, 0
2018-04-10T13:31:23.7161508Z, False, 0, 0, 0
2018-04-10T13:31:23.7176532Z, False, 0, 0, 0
2018-04-10T13:31:23.7241090Z, False, 0, 0, 0
2018-04-10T13:31:23.7307336Z, False, 0, 0, 0
2018-04-10T13:31:23.7478181Z, False, 0, 0, 0
2018-04-10T13:31:23.7493080Z, False, 0, 0, 0
2018-04-10T13:31:23.7533432Z, False, 0, 0, 0
2018-04-10T13:31:23.7601787Z, False, 0, 0, 0
2018-04-10T13:31:23.7769012Z, False, 0, 0, 0
2018-04-10T13:31:23.7784187Z, False, 0, 0, 0
2018-04-10T13:31:23.7857969Z, False, 0, 0, 0
2018-04-10T13:31:23.7928282Z, False, 0, 0, 0
2018-04-10T13:31:23.8093800Z, False, 0, 0, 0
2018-04-10T13:31:23.8108824Z, False, 0, 0, 0
2018-04-10T13:31:23.8179148Z, False, 0, 0, 0
2018-04-10T13:31:23.8251402Z, False, 0, 0, 0
2018-04-10T13:31:23.8421402Z, False, 0, 0, 0
2018-04-10T13:31:23.8431417Z, False, 0, 0, 0
2018-04-10T13:31:23.8497509Z, False, 0, 0, 0
2018-04-10T13:31:23.8537855Z, False, 0, 0, 0
2018-04-10T13:31:23.8703211Z, False, 0, 0, 0
2018-04-10T13:31:23.8718247Z, False, 0, 0, 0
2018-04-10T13:31:23.8787611Z, False, 0, 0, 0
2018-04-10T13:31:23.8855354Z, False, 0, 0, 0
2018-04-10T13:31:23.9023069Z, False, 0, 0, 0
2018-04-10T13:31:23.9033087Z, False, 0, 0, 0
2018-04-10T13:31:23.9083170Z, False, 0, 0, 0
2018-04-10T13:31:23.9157322Z, False, 0, 0, 0
2018-04-10T13:31:23.9197483Z, False, 0, 0, 0
2018-04-10T13:31:23.9433453Z, False, 0, 0, 0
2018-04-10T13:31:23.9443468Z, False, 0, 0, 0
2018-04-10T13:31:23.9488542Z, False, 0, 0, 0
2018-04-10T13:31:23.9657221Z, False, 0, 0, 0
2018-04-10T13:31:23.9692285Z, False, 0, 0, 0
2018-04-10T13:31:23.9763895Z, False, 0, 0, 0
2018-04-10T13:31:23.9934578Z, False, 0, 0, 0
2018-04-10T13:31:23.9944591Z, False, 0, 0, 0
2018-04-10T13:31:24.0014454Z, False, 0, 0, 0
2018-04-10T13:31:24.0054888Z, False, 0, 0, 0
2018-04-10T13:31:24.0099970Z, False, 0, 0, 0
2018-04-10T13:31:24.0265883Z, False, 0, 0, 0
2018-04-10T13:31:24.0285911Z, False, 0, 0, 0
2018-04-10T13:31:24.0356346Z, False, 0, 0, 0
2018-04-10T13:31:24.0426460Z, False, 0, 0, 0
2018-04-10T13:31:24.0593002Z, False, 0, 0, 0
2018-04-10T13:31:24.0607859Z, False, 0, 0, 0
2018-04-10T13:31:24.0677907Z, False, 0, 0, 0
2018-04-10T13:31:24.0753046Z, False, 0, 0, 0
2018-04-10T13:31:24.0918709Z, False, 0, 0, 0
2018-04-10T13:31:24.0933955Z, False, 0, 0, 0
2018-04-10T13:31:24.0996934Z, False, 0, 0, 0
2018-04-10T13:31:24.1067244Z, False, 0, 0, 0
2018-04-10T13:31:24.1236913Z, False, 0, 0, 0
2018-04-10T13:31:24.1256950Z, False, 0, 0, 0
2018-04-10T13:31:24.1332229Z, False, 0, 0, 0
2018-04-10T13:31:24.1368235Z, False, 0, 0, 0
2018-04-10T13:31:24.1537287Z, False, 0, 0, 0
2018-04-10T13:31:24.1552303Z, False, 0, 0, 0
2018-04-10T13:31:24.1627121Z, False, 0, 0, 0
2018-04-10T13:31:24.1798490Z, False, 0, 0, 0
2018-04-10T13:31:24.1813526Z, False, 0, 0, 0
2018-04-10T13:31:24.1878915Z, False, 0, 0, 0
2018-04-10T13:31:24.1918886Z, False, 0, 0, 0
2018-04-10T13:31:24.1987417Z, False, 0, 0, 0
2018-04-10T13:31:24.2154727Z, False, 0, 0, 0
2018-04-10T13:31:24.2169746Z, False, 0, 0, 0
2018-04-10T13:31:24.2237295Z, False, 0, 0, 0
2018-04-10T13:31:24.2277465Z, False, 0, 0, 0
2018-04-10T13:31:24.2445065Z, False, 0, 0, 0
2018-04-10T13:31:24.2455084Z, False, 0, 0, 0
2018-04-10T13:31:24.2522892Z, False, 0, 0, 0
2018-04-10T13:31:24.2593700Z, False, 0, 0, 0
2018-04-10T13:31:24.2763276Z, False, 0, 0, 0
2018-04-10T13:31:24.2773291Z, False, 0, 0, 0
2018-04-10T13:31:24.2838595Z, False, 0, 0, 0
2018-04-10T13:31:24.2908970Z, False, 0, 0, 0
2018-04-10T13:31:24.3073890Z, False, 0, 0, 0
2018-04-10T13:31:24.3088903Z, False, 0, 0, 0
2018-04-10T13:31:24.3159167Z, False, 0, 0, 0
2018-04-10T13:31:24.3238354Z, False, 0, 0, 0
2018-04-10T13:31:24.3408456Z, False, 0, 0, 0
2018-04-10T13:31:24.3423481Z, False, 0, 0, 0
2018-04-10T13:31:24.3488158Z, False, 0, 0, 0
2018-04-10T13:31:24.3567872Z, False, 0, 0, 0
2018-04-10T13:31:24.3735322Z, False, 0, 0, 0
2018-04-10T13:31:24.3755361Z, False, 0, 0, 0
2018-04-10T13:31:24.3818524Z, False, 0, 0, 0
2018-04-10T13:31:24.3885652Z, False, 0, 0, 0
2018-04-10T13:31:24.4055837Z, False, 0, 0, 0
2018-04-10T13:31:24.4075871Z, False, 0, 0, 0
2018-04-10T13:31:24.4146497Z, False, 0, 0, 0
2018-04-10T13:31:24.4316756Z, False, 0, 0, 0
2018-04-10T13:31:24.4331780Z, False, 0, 0, 0
2018-04-10T13:31:24.4401931Z, False, 0, 0, 0
2018-04-10T13:31:24.4477013Z, False, 0, 0, 0
2018-04-10T13:31:24.4642269Z, False, 0, 0, 0
2018-04-10T13:31:24.4657293Z, False, 0, 0, 0
2018-04-10T13:31:24.4727495Z, False, 0, 0, 0
2018-04-10T13:31:24.4772472Z, False, 0, 0, 0
2018-04-10T13:31:24.4812662Z, False, 0, 0, 0
2018-04-10T13:31:24.4982488Z, False, 0, 0, 0
2018-04-10T13:31:24.4992663Z, False, 0, 0, 0
2018-04-10T13:31:24.5071238Z, False, 0, 0, 0
2018-04-10T13:31:24.5106293Z, False, 0, 0, 0
2018-04-10T13:31:24.5276552Z, False, 0, 0, 0
2018-04-10T13:31:24.5371705Z, False, 0, 0, 0
2018-04-10T13:31:24.5442400Z, False, 0, 0, 0
2018-04-10T13:31:24.5612892Z, False, 0, 0, 0
2018-04-10T13:31:24.5627911Z, False, 0, 0, 0
2018-04-10T13:31:24.5708116Z, False, 0, 0, 0
2018-04-10T13:31:24.5753181Z, False, 0, 0, 0
2018-04-10T13:31:24.5923543Z, False, 0, 0, 0
2018-04-10T13:31:24.5933558Z, False, 0, 0, 0
2018-04-10T13:31:24.6002485Z, False, 0, 0, 0
2018-04-10T13:31:24.6068987Z, False, 0, 0, 0
2018-04-10T13:31:24.6234592Z, False, 0, 0, 0
2018-04-10T13:31:24.6254623Z, False, 0, 0, 0
2018-04-10T13:31:24.6294992Z, False, 0, 0, 0
2018-04-10T13:31:24.6335068Z, False, 0, 0, 0
2018-04-10T13:31:24.6503078Z, False, 0, 0, 0
2018-04-10T13:31:24.6518242Z, False, 0, 0, 0
2018-04-10T13:31:24.6590047Z, False, 0, 0, 0
2018-04-10T13:31:24.6660450Z, False, 0, 0, 0
2018-04-10T13:31:24.6829164Z, False, 0, 0, 0
2018-04-10T13:31:24.6844080Z, False, 0, 0, 0
2018-04-10T13:31:24.6915677Z, False, 0, 0, 0
2018-04-10T13:31:24.6981211Z, False, 0, 0, 0
2018-04-10T13:31:24.7150072Z, False, 0, 0, 0
2018-04-10T13:31:24.7165077Z, False, 0, 0, 0
2018-04-10T13:31:24.7235435Z, False, 0, 0, 0
2018-04-10T13:31:24.7285575Z, False, 0, 0, 0
2018-04-10T13:31:24.7320556Z, False, 0, 0, 0
2018-04-10T13:31:24.7485934Z, False, 0, 0, 0
2018-04-10T13:31:24.7505902Z, False, 0, 0, 0
2018-04-10T13:31:24.7575962Z, False, 0, 0, 0
2018-04-10T13:31:24.7616111Z, False, 0, 0, 0
2018-04-10T13:31:24.7781387Z, False, 0, 0, 0
2018-04-10T13:31:24.7796295Z, False, 0, 0, 0
2018-04-10T13:31:24.7871548Z, False, 0, 0, 0
2018-04-10T13:31:24.7946614Z, False, 0, 0, 0
2018-04-10T13:31:24.8116930Z, False, 0, 0, 0
2018-04-10T13:31:24.8131806Z, False, 0, 0, 0
2018-04-10T13:31:24.8201911Z, False, 0, 0, 0
2018-04-10T13:31:24.8241976Z, False, 0, 0, 0
2018-04-10T13:31:24.8410991Z, False, 0, 0, 0
2018-04-10T13:31:24.8420986Z, False, 0, 0, 0
2018-04-10T13:31:24.8487389Z, False, 0, 0, 0
2018-04-10T13:31:24.8561398Z, False, 0, 0, 0
2018-04-10T13:31:24.8732616Z, False, 0, 0, 0
2018-04-10T13:31:24.8752644Z, False, 0, 0, 0
2018-04-10T13:31:24.8829586Z, False, 0, 0, 0
2018-04-10T13:31:24.8869676Z, False, 0, 0, 0
2018-04-10T13:31:24.9036519Z, False, 0, 0, 0
2018-04-10T13:31:24.9046509Z, False, 0, 0, 0
2018-04-10T13:31:24.9096586Z, False, 0, 0, 0
2018-04-10T13:31:24.9131812Z, False, 0, 0, 0
2018-04-10T13:31:24.9299456Z, False, 0, 0, 0
2018-04-10T13:31:24.9314477Z, False, 0, 0, 0
2018-04-10T13:31:24.9376832Z, False, 0, 0, 0
2018-04-10T13:31:24.9416934Z, False, 0, 0, 0
2018-04-10T13:31:24.9457189Z, False, 0, 0, 0
2018-04-10T13:31:24.9623737Z, False, 0, 0, 0
2018-04-10T13:31:24.9638633Z, False, 0, 0, 0
2018-04-10T13:31:24.9703034Z, False, 0, 0, 0
2018-04-10T13:31:24.9773632Z, False, 0, 0, 0
2018-04-10T13:31:24.9942194Z, False, 0, 0, 0
2018-04-10T13:31:24.9957219Z, False, 0, 0, 0
2018-04-10T13:31:25.0022477Z, False, 0, 0, 0
2018-04-10T13:31:25.0087579Z, False, 0, 0, 0
2018-04-10T13:31:25.0132581Z, False, 0, 0, 0
2018-04-10T13:31:25.0301886Z, False, 0, 0, 0
2018-04-10T13:31:25.0316752Z, False, 0, 0, 0
2018-04-10T13:31:25.0378546Z, False, 0, 0, 0
2018-04-10T13:31:25.0448267Z, False, 0, 0, 0
2018-04-10T13:31:25.0617857Z, False, 0, 0, 0
2018-04-10T13:31:25.0632924Z, False, 0, 0, 0
2018-04-10T13:31:25.0702981Z, False, 0, 0, 0
2018-04-10T13:31:25.0868168Z, False, 0, 0, 0
2018-04-10T13:31:25.0883190Z, False, 0, 0, 0
2018-04-10T13:31:25.0951957Z, False, 0, 0, 0
2018-04-10T13:31:25.1027236Z, False, 0, 0, 0
2018-04-10T13:31:25.1073448Z, False, 0, 0, 0
2018-04-10T13:31:25.1238812Z, False, 0, 0, 0
2018-04-10T13:31:25.1258842Z, False, 0, 0, 0
2018-04-10T13:31:25.1299075Z, False, 0, 0, 0
2018-04-10T13:31:25.1339435Z, False, 0, 0, 0
2018-04-10T13:31:25.1384651Z, False, 0, 0, 0
2018-04-10T13:31:25.1555050Z, False, 0, 0, 0
2018-04-10T13:31:25.1570077Z, False, 0, 0, 0
2018-04-10T13:31:25.1610258Z, False, 0, 0, 0
2018-04-10T13:31:25.1650362Z, False, 0, 0, 0
2018-04-10T13:31:25.1695268Z, False, 0, 0, 0
2018-04-10T13:31:25.1862823Z, False, 0, 0, 0
2018-04-10T13:31:25.1877848Z, False, 0, 0, 0
2018-04-10T13:31:25.1947953Z, False, 0, 0, 0
2018-04-10T13:31:25.1993177Z, False, 0, 0, 0
2018-04-10T13:31:25.2160342Z, False, 0, 0, 0
2018-04-10T13:31:25.2175367Z, False, 0, 0, 0
2018-04-10T13:31:25.2249442Z, False, 0, 0, 0
2018-04-10T13:31:25.2326631Z, False, 0, 0, 0
2018-04-10T13:31:25.2491517Z, False, 0, 0, 0
2018-04-10T13:31:25.2506513Z, False, 0, 0, 0
2018-04-10T13:31:25.2578257Z, False, 0, 0, 0
2018-04-10T13:31:25.2745727Z, False, 0, 0, 0
2018-04-10T13:31:25.2765749Z, False, 0, 0, 0
2018-04-10T13:31:25.2831812Z, False, 0, 0, 0
2018-04-10T13:31:25.2900918Z, False, 0, 0, 0
2018-04-10T13:31:25.3070136Z, False, 0, 0, 0
2018-04-10T13:31:25.3085166Z, False, 0, 0, 0
2018-04-10T13:31:25.3155416Z, False, 0, 0, 0
2018-04-10T13:31:25.3230576Z, False, 0, 0, 0
2018-04-10T13:31:25.3406743Z, False, 0, 0, 0
2018-04-10T13:31:25.3421768Z, False, 0, 0, 0
2018-04-10T13:31:25.3486411Z, False, 0, 0, 0
2018-04-10T13:31:25.3527016Z, False, 0, 0, 0
2018-04-10T13:31:25.3696811Z, False, 0, 0, 0
2018-04-10T13:31:25.3706827Z, False, 0, 0, 0
2018-04-10T13:31:25.3781924Z, False, 0, 0, 0
2018-04-10T13:31:25.3857041Z, False, 0, 0, 0
2018-04-10T13:31:25.4024004Z, False, 0, 0, 0
2018-04-10T13:31:25.4038986Z, False, 0, 0, 0
2018-04-10T13:31:25.4110249Z, False, 0, 0, 0
2018-04-10T13:31:25.4180388Z, False, 0, 0, 0
2018-04-10T13:31:25.4345641Z, False, 0, 0, 0
2018-04-10T13:31:25.4360634Z, False, 0, 0, 0
2018-04-10T13:31:25.4430480Z, False, 0, 0, 0
2018-04-10T13:31:25.4510603Z, False, 0, 0, 0
2018-04-10T13:31:25.4675486Z, False, 0, 0, 0
2018-04-10T13:31:25.4685512Z, False, 0, 0, 0
2018-04-10T13:31:25.4750318Z, False, 0, 0, 0
2018-04-10T13:31:25.4820429Z, False, 0, 0, 0
2018-04-10T13:31:25.4990582Z, False, 0, 0, 0
2018-04-10T13:31:25.5000595Z, False, 0, 0, 0
2018-04-10T13:31:25.5074579Z, False, 0, 0, 0
2018-04-10T13:31:25.5240085Z, False, 0, 0, 0
2018-04-10T13:31:25.5260016Z, False, 0, 0, 0
2018-04-10T13:31:25.5330477Z, False, 0, 0, 0
2018-04-10T13:31:25.5395166Z, False, 0, 0, 0
2018-04-10T13:31:25.5435392Z, False, 0, 0, 0
2018-04-10T13:31:25.5605492Z, False, 0, 0, 0
2018-04-10T13:31:25.5620519Z, False, 0, 0, 0
2018-04-10T13:31:25.5686048Z, False, 0, 0, 0
2018-04-10T13:31:25.5760815Z, False, 0, 0, 0
2018-04-10T13:31:25.5927120Z, False, 0, 0, 0
2018-04-10T13:31:25.5942142Z, False, 0, 0, 0
2018-04-10T13:31:25.6009364Z, False, 0, 0, 0
2018-04-10T13:31:25.6175237Z, False, 0, 0, 0
2018-04-10T13:31:25.6195254Z, False, 0, 0, 0
2018-04-10T13:31:25.6275175Z, False, 0, 0, 0
2018-04-10T13:31:25.6341227Z, False, 0, 0, 0
2018-04-10T13:31:25.6381690Z, False, 0, 0, 0
2018-04-10T13:31:25.6548969Z, False, 0, 0, 0
2018-04-10T13:31:25.6563985Z, False, 0, 0, 0
2018-04-10T13:31:25.6636737Z, False, 0, 0, 0
2018-04-10T13:31:25.6806611Z, False, 0, 0, 0
2018-04-10T13:31:25.6816618Z, False, 0, 0, 0
2018-04-10T13:31:25.6891906Z, False, 0, 0, 0
2018-04-10T13:31:25.6926958Z, False, 0, 0, 0
2018-04-10T13:31:25.6993514Z, False, 0, 0, 0
2018-04-10T13:31:25.7159999Z, False, 0, 0, 0
2018-04-10T13:31:25.7174879Z, False, 0, 0, 0
2018-04-10T13:31:25.7240379Z, False, 0, 0, 0
2018-04-10T13:31:25.7280531Z, False, 0, 0, 0
2018-04-10T13:31:25.7448787Z, False, 0, 0, 0
2018-04-10T13:31:25.7458802Z, False, 0, 0, 0
2018-04-10T13:31:25.7526343Z, False, 0, 0, 0
2018-04-10T13:31:25.7566419Z, False, 0, 0, 0
2018-04-10T13:31:25.7606474Z, False, 0, 0, 0
2018-04-10T13:31:25.7776133Z, False, 0, 0, 0
2018-04-10T13:31:25.7791155Z, False, 0, 0, 0
2018-04-10T13:31:25.7857138Z, False, 0, 0, 0
2018-04-10T13:31:25.7931111Z, False, 0, 0, 0
2018-04-10T13:31:25.8096942Z, False, 0, 0, 0
2018-04-10T13:31:25.8116970Z, False, 0, 0, 0
2018-04-10T13:31:25.8182450Z, False, 0, 0, 0
2018-04-10T13:31:25.8225138Z, False, 0, 0, 0
2018-04-10T13:31:25.8393678Z, False, 0, 0, 0
2018-04-10T13:31:25.8408703Z, False, 0, 0, 0
2018-04-10T13:31:25.8483817Z, False, 0, 0, 0
2018-04-10T13:31:25.8558934Z, False, 0, 0, 0
2018-04-10T13:31:25.8729195Z, False, 0, 0, 0
2018-04-10T13:31:25.8754235Z, False, 0, 0, 0
2018-04-10T13:31:25.8789416Z, False, 0, 0, 0
2018-04-10T13:31:25.8829526Z, False, 0, 0, 0
2018-04-10T13:31:25.8994736Z, False, 0, 0, 0
2018-04-10T13:31:25.9009627Z, False, 0, 0, 0
2018-04-10T13:31:25.9054825Z, False, 0, 0, 0
2018-04-10T13:31:25.9134949Z, False, 0, 0, 0
2018-04-10T13:31:25.9169976Z, False, 0, 0, 0
2018-04-10T13:31:25.9335254Z, False, 0, 0, 0
2018-04-10T13:31:25.9350150Z, False, 0, 0, 0
2018-04-10T13:31:25.9420383Z, False, 0, 0, 0
2018-04-10T13:31:25.9460499Z, False, 0, 0, 0
2018-04-10T13:31:25.9630365Z, False, 0, 0, 0
2018-04-10T13:31:25.9645361Z, False, 0, 0, 0
2018-04-10T13:31:25.9690472Z, False, 0, 0, 0
2018-04-10T13:31:25.9761157Z, False, 0, 0, 0
2018-04-10T13:31:25.9931320Z, False, 0, 0, 0
2018-04-10T13:31:25.9946341Z, False, 0, 0, 0
2018-04-10T13:31:26.0026518Z, False, 0, 0, 0
2018-04-10T13:31:26.0071529Z, False, 0, 0, 0
2018-04-10T13:31:26.0111591Z, False, 0, 0, 0
2018-04-10T13:31:26.0281967Z, False, 0, 0, 0
2018-04-10T13:31:26.0296875Z, False, 0, 0, 0
2018-04-10T13:31:26.0362560Z, False, 0, 0, 0
2018-04-10T13:31:26.0407232Z, False, 0, 0, 0
2018-04-10T13:31:26.0447419Z, False, 0, 0, 0
2018-04-10T13:31:26.0617336Z, False, 0, 0, 0
2018-04-10T13:31:26.0632477Z, False, 0, 0, 0
2018-04-10T13:31:26.0672522Z, False, 0, 0, 0
2018-04-10T13:31:26.0747533Z, False, 0, 0, 0
2018-04-10T13:31:26.0917610Z, False, 0, 0, 0
2018-04-10T13:31:26.0932638Z, False, 0, 0, 0
2018-04-10T13:31:26.0998536Z, False, 0, 0, 0
2018-04-10T13:31:26.1073679Z, False, 0, 0, 0
2018-04-10T13:31:26.1235880Z, False, 0, 0, 0
2018-04-10T13:31:26.1255814Z, False, 0, 0, 0
2018-04-10T13:31:26.1321084Z, False, 0, 0, 0
2018-04-10T13:31:26.1361214Z, False, 0, 0, 0
2018-04-10T13:31:26.1531336Z, False, 0, 0, 0
2018-04-10T13:31:26.1546360Z, False, 0, 0, 0
2018-04-10T13:31:26.1611829Z, False, 0, 0, 0
2018-04-10T13:31:26.1681957Z, False, 0, 0, 0
2018-04-10T13:31:26.1847292Z, False, 0, 0, 0
2018-04-10T13:31:26.1867229Z, False, 0, 0, 0
2018-04-10T13:31:26.1932427Z, False, 0, 0, 0
2018-04-10T13:31:26.2003693Z, False, 0, 0, 0
2018-04-10T13:31:26.2173050Z, False, 0, 0, 0
2018-04-10T13:31:26.2188069Z, False, 0, 0, 0
2018-04-10T13:31:26.2258185Z, False, 0, 0, 0
2018-04-10T13:31:26.2427670Z, False, 0, 0, 0
2018-04-10T13:31:26.2442558Z, False, 0, 0, 0
2018-04-10T13:31:26.2507827Z, False, 0, 0, 0
2018-04-10T13:31:26.2547957Z, False, 0, 0, 0
2018-04-10T13:31:26.2616895Z, False, 0, 0, 0
2018-04-10T13:31:26.2783560Z, False, 0, 0, 0
2018-04-10T13:31:26.2798584Z, False, 0, 0, 0
2018-04-10T13:31:26.2865137Z, False, 0, 0, 0
2018-04-10T13:31:26.2928557Z, False, 0, 0, 0
2018-04-10T13:31:26.3096980Z, False, 0, 0, 0
2018-04-10T13:31:26.3112084Z, False, 0, 0, 0
2018-04-10T13:31:26.3178933Z, False, 0, 0, 0
2018-04-10T13:31:26.3248953Z, False, 0, 0, 0
2018-04-10T13:31:26.3415304Z, False, 0, 0, 0
2018-04-10T13:31:26.3430329Z, False, 0, 0, 0
2018-04-10T13:31:26.3500482Z, False, 0, 0, 0
2018-04-10T13:31:26.3565393Z, False, 0, 0, 0
2018-04-10T13:31:26.3735640Z, False, 0, 0, 0
2018-04-10T13:31:26.3755674Z, False, 0, 0, 0
2018-04-10T13:31:26.3794953Z, False, 0, 0, 0
2018-04-10T13:31:26.3834921Z, False, 0, 0, 0
2018-04-10T13:31:26.3874979Z, False, 0, 0, 0
2018-04-10T13:31:26.4039953Z, False, 0, 0, 0
2018-04-10T13:31:26.4054983Z, False, 0, 0, 0
2018-04-10T13:31:26.4120398Z, False, 0, 0, 0
2018-04-10T13:31:26.4160642Z, False, 0, 0, 0
2018-04-10T13:31:26.4326987Z, False, 0, 0, 0
2018-04-10T13:31:26.4342006Z, False, 0, 0, 0
2018-04-10T13:31:26.4416244Z, False, 0, 0, 0
2018-04-10T13:31:26.4486414Z, False, 0, 0, 0
2018-04-10T13:31:26.4651889Z, False, 0, 0, 0
2018-04-10T13:31:26.4666925Z, False, 0, 0, 0
2018-04-10T13:31:26.4707715Z, False, 0, 0, 0
2018-04-10T13:31:26.4772956Z, False, 0, 0, 0
2018-04-10T13:31:26.4939572Z, False, 0, 0, 0
2018-04-10T13:31:26.4954591Z, False, 0, 0, 0
2018-04-10T13:31:26.5020219Z, False, 0, 0, 0
2018-04-10T13:31:26.5083553Z, False, 0, 0, 0
2018-04-10T13:31:26.5124075Z, False, 0, 0, 0
2018-04-10T13:31:26.5291497Z, False, 0, 0, 0
2018-04-10T13:31:26.5359658Z, False, 0, 0, 0
2018-04-10T13:31:26.5404720Z, False, 0, 0, 0
2018-04-10T13:31:26.5446455Z, False, 0, 0, 0
2018-04-10T13:31:26.5616489Z, False, 0, 0, 0
2018-04-10T13:31:26.5631511Z, False, 0, 0, 0
2018-04-10T13:31:26.5696561Z, False, 0, 0, 0
2018-04-10T13:31:26.5866032Z, False, 0, 0, 0
2018-04-10T13:31:26.5876047Z, False, 0, 0, 0
2018-04-10T13:31:26.5946596Z, False, 0, 0, 0
2018-04-10T13:31:26.6021295Z, False, 0, 0, 0
2018-04-10T13:31:26.6186454Z, False, 0, 0, 0
2018-04-10T13:31:26.6201711Z, False, 0, 0, 0
2018-04-10T13:31:26.6276638Z, False, 0, 0, 0
2018-04-10T13:31:26.6321745Z, False, 0, 0, 0
2018-04-10T13:31:26.6489978Z, False, 0, 0, 0
2018-04-10T13:31:26.6504997Z, False, 0, 0, 0
2018-04-10T13:31:26.6574814Z, False, 0, 0, 0
2018-04-10T13:31:26.6619882Z, False, 0, 0, 0
2018-04-10T13:31:26.6686148Z, False, 0, 0, 0
2018-04-10T13:31:26.6850271Z, False, 0, 0, 0
2018-04-10T13:31:26.6870256Z, False, 0, 0, 0
2018-04-10T13:31:26.6940364Z, False, 0, 0, 0
2018-04-10T13:31:26.7115498Z, False, 0, 0, 0
2018-04-10T13:31:26.7130386Z, False, 0, 0, 0
2018-04-10T13:31:26.7196094Z, False, 0, 0, 0
2018-04-10T13:31:26.7265851Z, False, 0, 0, 0
2018-04-10T13:31:26.7306573Z, False, 0, 0, 0
2018-04-10T13:31:26.7475998Z, False, 0, 0, 0
2018-04-10T13:31:26.7490957Z, False, 0, 0, 0
2018-04-10T13:31:26.7556634Z, False, 0, 0, 0
2018-04-10T13:31:26.7624931Z, False, 0, 0, 0
2018-04-10T13:31:26.7792694Z, False, 0, 0, 0
2018-04-10T13:31:26.7807545Z, False, 0, 0, 0
2018-04-10T13:31:26.7876700Z, False, 0, 0, 0
2018-04-10T13:31:26.7916733Z, False, 0, 0, 0
2018-04-10T13:31:26.8082760Z, False, 0, 0, 0
2018-04-10T13:31:26.8097784Z, False, 0, 0, 0
2018-04-10T13:31:26.8158981Z, False, 0, 0, 0
2018-04-10T13:31:26.8227794Z, False, 0, 0, 0
2018-04-10T13:31:26.8394879Z, False, 0, 0, 0
2018-04-10T13:31:26.8419919Z, False, 0, 0, 0
2018-04-10T13:31:26.8489036Z, False, 0, 0, 0
2018-04-10T13:31:26.8559369Z, False, 0, 0, 0
2018-04-10T13:31:26.8729867Z, False, 0, 0, 0
2018-04-10T13:31:26.8755018Z, False, 0, 0, 0
2018-04-10T13:31:26.8820023Z, False, 0, 0, 0
2018-04-10T13:31:26.8986673Z, False, 0, 0, 0
2018-04-10T13:31:26.9006536Z, False, 0, 0, 0
2018-04-10T13:31:26.9079182Z, False, 0, 0, 0
2018-04-10T13:31:26.9114226Z, False, 0, 0, 0
2018-04-10T13:31:26.9179863Z, False, 0, 0, 0
2018-04-10T13:31:26.9350805Z, False, 0, 0, 0
2018-04-10T13:31:26.9455959Z, False, 0, 0, 0
2018-04-10T13:31:26.9475993Z, False, 0, 0, 0
2018-04-10T13:31:26.9641243Z, False, 0, 0, 0
2018-04-10T13:31:26.9656267Z, False, 0, 0, 0
2018-04-10T13:31:26.9731387Z, False, 0, 0, 0
2018-04-10T13:31:26.9771446Z, False, 0, 0, 0
2018-04-10T13:31:26.9941711Z, False, 0, 0, 0
2018-04-10T13:31:26.9956732Z, False, 0, 0, 0
2018-04-10T13:31:27.0026846Z, False, 0, 0, 0
2018-04-10T13:31:27.0066907Z, False, 0, 0, 0
2018-04-10T13:31:27.0237164Z, False, 0, 0, 0
2018-04-10T13:31:27.0267207Z, False, 0, 0, 0
2018-04-10T13:31:27.0337318Z, False, 0, 0, 0
2018-04-10T13:31:27.0407662Z, False, 0, 0, 0
2018-04-10T13:31:27.0447720Z, False, 0, 0, 0
2018-04-10T13:31:27.0612979Z, False, 0, 0, 0
2018-04-10T13:31:27.0628000Z, False, 0, 0, 0
2018-04-10T13:31:27.0692994Z, False, 0, 0, 0
2018-04-10T13:31:27.0863372Z, False, 0, 0, 0
2018-04-10T13:31:27.0878357Z, False, 0, 0, 0
2018-04-10T13:31:27.0948513Z, False, 0, 0, 0
2018-04-10T13:31:27.0988822Z, False, 0, 0, 0
2018-04-10T13:31:27.1058808Z, False, 0, 0, 0
2018-04-10T13:31:27.1226272Z, False, 0, 0, 0
2018-04-10T13:31:27.1245913Z, False, 0, 0, 0
2018-04-10T13:31:27.1326027Z, False, 0, 0, 0
2018-04-10T13:31:27.1491314Z, False, 0, 0, 0
2018-04-10T13:31:27.1511334Z, False, 0, 0, 0
2018-04-10T13:31:27.1586456Z, False, 0, 0, 0
2018-04-10T13:31:27.1626512Z, False, 0, 0, 0
2018-04-10T13:31:27.1701626Z, 0, 88.51877, 138.3673, -45.7608
2018-04-10T13:31:27.1867289Z, 0.09120927, 78.58063, 137.0756, -33.44044
2018-04-10T13:31:27.1887285Z, 0.09120927, 78.58063, 137.0756, -33.44044
2018-04-10T13:31:27.1927358Z, 0.09120927, 78.58063, 137.0756, -33.44044
2018-04-10T13:31:27.1972418Z, 0.09120927, 78.58063, 137.0756, -33.44044
2018-04-10T13:31:27.2143004Z, 0.1810613, 73.10105, 139.6245, -24.86819
2018-04-10T13:31:27.2158020Z, 0.2673679, 70.13564, 141.4358, -17.70898
2018-04-10T13:31:27.2230168Z, 0.2673679, 70.13564, 141.4358, -17.70898
2018-04-10T13:31:27.2305280Z, 0.2673679, 70.13564, 141.4358, -17.70898
2018-04-10T13:31:27.2473541Z, 0.3500594, 67.44503, 141.997, -13.50211
2018-04-10T13:31:27.2488554Z, 0.3500594, 67.44503, 141.997, -13.50211
2018-04-10T13:31:27.2567396Z, 0.4276198, 66.42937, 141.717, -11.96715
2018-04-10T13:31:27.2607694Z, 0.4276198, 66.42937, 141.717, -11.96715
2018-04-10T13:31:27.2774757Z, 0.4992816, 67.29762, 141.4563, -12.91264
2018-04-10T13:31:27.2794722Z, 0.4992816, 67.29762, 141.4563, -12.91264
2018-04-10T13:31:27.2874814Z, 0.5645564, 68.42514, 141.4283, -16.18696
2018-04-10T13:31:27.2909881Z, 0.5645564, 68.42514, 141.4283, -16.18696
2018-04-10T13:31:27.3080387Z, 0.6237197, 70.74425, 141.6425, -22.68584
2018-04-10T13:31:27.3095389Z, 0.6237197, 70.74425, 141.6425, -22.68584
2018-04-10T13:31:27.3135448Z, 0.6237197, 70.74425, 141.6425, -22.68584
2018-04-10T13:31:27.3175515Z, 0.6237197, 70.74425, 141.6425, -22.68584
2018-04-10T13:31:27.3245273Z, 0.6763866, 74.34893, 141.0691, -29.36871
2018-04-10T13:31:27.3416118Z, 0.7228642, 78.07648, 140.6182, -37.34365
2018-04-10T13:31:27.3431137Z, 0.7228642, 78.07648, 140.6182, -37.34365
2018-04-10T13:31:27.3499506Z, 0.7228642, 78.07648, 140.6182, -37.34365
2018-04-10T13:31:27.3539579Z, 0.7228642, 78.07648, 140.6182, -37.34365
2018-04-10T13:31:27.3709246Z, 0.7637243, 81.99939, 138.6491, -44.30888
2018-04-10T13:31:27.3729316Z, 0.7991613, 86.2969, 136.7723, -51.52637
2018-04-10T13:31:27.3794532Z, 0.7991613, 86.2969, 136.7723, -51.52637
2018-04-10T13:31:27.3877504Z, 0.7991613, 86.2969, 136.7723, -51.52637
2018-04-10T13:31:27.4038046Z, 0.8299388, 91.3718, 135.1044, -58.30378
2018-04-10T13:31:27.4058074Z, 0.8299388, 91.3718, 135.1044, -58.30378
2018-04-10T13:31:27.4138195Z, 0.8562458, 96.63249, 133.2379, -63.53368
2018-04-10T13:31:27.4303450Z, 0.8787864, 102.1243, 134.3514, -70.15134
2018-04-10T13:31:27.4323495Z, 0.8787864, 102.1243, 134.3514, -70.15134
2018-04-10T13:31:27.4393600Z, 0.8787864, 102.1243, 134.3514, -70.15134
2018-04-10T13:31:27.4428641Z, 0.8787864, 102.1243, 134.3514, -70.15134
2018-04-10T13:31:27.4508764Z, 0.8980818, 106.5185, 136.5235, -76.65034
2018-04-10T13:31:27.4672591Z, 0.9143575, 110.1683, 137.7414, -81.94511
2018-04-10T13:31:27.4687613Z, 0.9143575, 110.1683, 137.7414, -81.94511
2018-04-10T13:31:27.4765377Z, 0.9143575, 110.1683, 137.7414, -81.94511
2018-04-10T13:31:27.4936637Z, 0.9281105, 113.7967, 138.8571, -86.17893
2018-04-10T13:31:27.4951830Z, 0.9397479, 117.3355, 140.7021, -90.20666
2018-04-10T13:31:27.5026762Z, 0.9397479, 117.3355, 140.7021, -90.20666
2018-04-10T13:31:27.5073964Z, 0.9397479, 117.3355, 140.7021, -90.20666
2018-04-10T13:31:27.5134583Z, 0.9495757, 120.539, 142.2357, -93.24632
2018-04-10T13:31:27.5304145Z, 0.9578387, 123.3791, 144.1596, -96.30483
2018-04-10T13:31:27.5324173Z, 0.9578387, 123.3791, 144.1596, -96.30483
2018-04-10T13:31:27.5399293Z, 0.9578387, 123.3791, 144.1596, -96.30483
2018-04-10T13:31:27.5444358Z, 0.9578387, 123.3791, 144.1596, -96.30483
2018-04-10T13:31:27.5608947Z, 0.9647751, 125.711, 145.648, -98.89095
2018-04-10T13:31:27.5633987Z, 0.9705364, 127.8448, 146.6157, -101.2369
2018-04-10T13:31:27.5705871Z, 0.9705364, 127.8448, 146.6157, -101.2369
2018-04-10T13:31:27.5740957Z, 0.9705364, 127.8448, 146.6157, -101.2369
2018-04-10T13:31:27.5910061Z, 0.9754031, 129.8204, 147.4168, -103.4939
2018-04-10T13:31:27.5930078Z, 0.9754031, 129.8204, 147.4168, -103.4939
2018-04-10T13:31:27.5993830Z, 0.9794826, 131.4184, 147.8615, -105.5928
2018-04-10T13:31:27.6034908Z, 0.9794826, 131.4184, 147.8615, -105.5928
2018-04-10T13:31:27.6209766Z, 0.982879, 133.2435, 148.057, -107.3507
2018-04-10T13:31:27.6224790Z, 0.982879, 133.2435, 148.057, -107.3507
2018-04-10T13:31:27.6299808Z, 0.982879, 133.2435, 148.057, -107.3507
2018-04-10T13:31:27.6364909Z, 0.9857037, 134.8822, 148.2372, -109.1553
2018-04-10T13:31:27.6540940Z, 0.9880781, 136.5758, 148.3358, -110.6216
2018-04-10T13:31:27.6555956Z, 0.9880781, 136.5758, 148.3358, -110.6216
2018-04-10T13:31:27.6621598Z, 0.9880781, 136.5758, 148.3358, -110.6216
2018-04-10T13:31:27.6666700Z, 0.9880781, 136.5758, 148.3358, -110.6216
2018-04-10T13:31:27.6832164Z, 1, 138.0802, 148.4919, -111.9239
2018-04-10T13:31:27.6852192Z, 1, 139.1067, 148.4891, -112.7115
2018-04-10T13:31:27.6927311Z, 1, 139.1067, 148.4891, -112.7115
2018-04-10T13:31:27.6965321Z, 1, 139.1067, 148.4891, -112.7115
2018-04-10T13:31:27.7010397Z, 1, 139.1067, 148.4891, -112.7115
2018-04-10T13:31:27.7178661Z, 1, 139.8215, 148.847, -113.3885
2018-04-10T13:31:27.7193785Z, 1, 140.5945, 149.0942, -113.4887
2018-04-10T13:31:27.7272710Z, 1, 140.5945, 149.0942, -113.4887
2018-04-10T13:31:27.7309340Z, 1, 140.5945, 149.0942, -113.4887
2018-04-10T13:31:27.7476710Z, 1, 141.0353, 149.1786, -113.394
2018-04-10T13:31:27.7496741Z, 1, 141.0353, 149.1786, -113.394
2018-04-10T13:31:27.7536979Z, 1, 141.0353, 149.1786, -113.394
2018-04-10T13:31:27.7576881Z, 1, 141.3305, 149.1071, -113.0427
2018-04-10T13:31:27.7752177Z, 1, 141.4613, 148.8934, -112.7835
2018-04-10T13:31:27.7767188Z, 1, 141.4613, 148.8934, -112.7835
2018-04-10T13:31:27.7837324Z, 1, 141.4613, 148.8934, -112.7835
2018-04-10T13:31:27.7917384Z, 1, 141.36, 148.5602, -112.3041
2018-04-10T13:31:27.8087860Z, 1, 141.1268, 147.9455, -111.6832
2018-04-10T13:31:27.8102899Z, 1, 141.1268, 147.9455, -111.6832
2018-04-10T13:31:27.8145314Z, 1, 141.1268, 147.9455, -111.6832
2018-04-10T13:31:27.8227674Z, 1, 141.1268, 147.9455, -111.6832
2018-04-10T13:31:27.8397771Z, 1, 140.4996, 146.4577, -110.6444
2018-04-10T13:31:27.8422822Z, 1, 140.4996, 146.4577, -110.6444
2018-04-10T13:31:27.8458384Z, 1, 140.4996, 146.4577, -110.6444
2018-04-10T13:31:27.8507861Z, 1, 140.4996, 146.4577, -110.6444
2018-04-10T13:31:27.8552937Z, 1, 140.4996, 146.4577, -110.6444
2018-04-10T13:31:27.8718935Z, 1, 140.0082, 145.6152, -110.1585
2018-04-10T13:31:27.8748990Z, 1, 139.8948, 145.0449, -110.0169
2018-04-10T13:31:27.8809706Z, 1, 139.8948, 145.0449, -110.0169
2018-04-10T13:31:27.8883058Z, 1, 139.8948, 145.0449, -110.0169
2018-04-10T13:31:27.9043478Z, 1, 139.5009, 144.1767, -109.6807
2018-04-10T13:31:27.9068538Z, 1, 139.5009, 144.1767, -109.6807
2018-04-10T13:31:27.9108597Z, 1, 139.4203, 143.3833, -109.4055
2018-04-10T13:31:27.9182359Z, 1, 139.4203, 143.3833, -109.4055
2018-04-10T13:31:27.9358745Z, 1, 139.4572, 142.8389, -109.3543
2018-04-10T13:31:27.9378776Z, 1, 139.4572, 142.8389, -109.3543
2018-04-10T13:31:27.9448893Z, 1, 139.6422, 142.343, -109.3205
2018-04-10T13:31:27.9493949Z, 1, 139.6422, 142.343, -109.3205
2018-04-10T13:31:27.9655101Z, 1, 139.8146, 141.9507, -109.4349
2018-04-10T13:31:27.9680021Z, 1, 139.8146, 141.9507, -109.4349
2018-04-10T13:31:27.9720080Z, 1, 139.8146, 141.9507, -109.4349
2018-04-10T13:31:27.9785301Z, 1, 139.7984, 141.5844, -109.4568
2018-04-10T13:31:27.9955719Z, 1, 139.8052, 141.1542, -109.3413
2018-04-10T13:31:27.9970741Z, 1, 139.8052, 141.1542, -109.3413
2018-04-10T13:31:28.0043427Z, 1, 139.8052, 141.1542, -109.3413
2018-04-10T13:31:28.0088464Z, 1, 139.8052, 141.1542, -109.3413
2018-04-10T13:31:28.0253631Z, 1, 139.7988, 140.8152, -109.2326
2018-04-10T13:31:28.0278674Z, 1, 139.7988, 140.8152, -109.2326
2018-04-10T13:31:28.0339028Z, 1, 139.6653, 140.3497, -109.0155
2018-04-10T13:31:28.0413986Z, 1, 139.6653, 140.3497, -109.0155
2018-04-10T13:31:28.0584873Z, 1, 139.7802, 140.185, -109.2492
2018-04-10T13:31:28.0604916Z, 1, 139.7802, 140.185, -109.2492
2018-04-10T13:31:28.0680061Z, 1, 139.9237, 140.0077, -109.3391
2018-04-10T13:31:28.0750126Z, 1, 139.9237, 140.0077, -109.3391
2018-04-10T13:31:28.0920388Z, 1, 139.8582, 139.6487, -109.3368
2018-04-10T13:31:28.0935410Z, 1, 139.8582, 139.6487, -109.3368
2018-04-10T13:31:28.1015533Z, 1, 139.9655, 139.3986, -109.3973
2018-04-10T13:31:28.1055597Z, 1, 139.9655, 139.3986, -109.3973
2018-04-10T13:31:28.1225859Z, 1, 140.1432, 139.2092, -109.5462
2018-04-10T13:31:28.1255908Z, 1, 140.1432, 139.2092, -109.5462
2018-04-10T13:31:28.1295970Z, 1, 140.1432, 139.2092, -109.5462
2018-04-10T13:31:28.1366078Z, 1, 140.3352, 138.9738, -109.625
2018-04-10T13:31:28.1536334Z, 1, 140.3465, 138.6198, -109.5363
2018-04-10T13:31:28.1551358Z, 1, 140.3465, 138.6198, -109.5363
2018-04-10T13:31:28.1621466Z, 1, 140.3465, 138.6198, -109.5363
2018-04-10T13:31:28.1696583Z, 1, 140.4117, 138.4259, -109.5719
2018-04-10T13:31:28.1862021Z, 1, 140.4117, 138.4259, -109.5719
2018-04-10T13:31:28.1882054Z, 1, 140.6687, 138.3386, -109.6046
2018-04-10T13:31:28.1922113Z, 1, 140.6687, 138.3386, -109.6046
2018-04-10T13:31:28.1962177Z, 1, 140.6687, 138.3386, -109.6046
2018-04-10T13:31:28.2002239Z, 1, 140.6687, 138.3386, -109.6046
2018-04-10T13:31:28.2171391Z, 1, 140.6027, 138.0711, -109.4689
2018-04-10T13:31:28.2196434Z, 1, 140.6027, 138.0711, -109.4689
2018-04-10T13:31:28.2266533Z, 1, 140.7723, 137.9432, -109.4539
2018-04-10T13:31:28.2430095Z, 1, 140.8354, 137.8994, -109.4922
2018-04-10T13:31:28.2445114Z, 1, 140.8354, 137.8994, -109.4922
2018-04-10T13:31:28.2521344Z, 1, 140.8354, 137.8994, -109.4922
2018-04-10T13:31:28.2561397Z, 1, 141.0134, 137.9046, -109.542
2018-04-10T13:31:28.2627127Z, 1, 141.0134, 137.9046, -109.542
2018-04-10T13:31:28.2797395Z, 1, 141.2399, 137.9315, -109.5502
2018-04-10T13:31:28.2817420Z, 1, 141.2399, 137.9315, -109.5502
2018-04-10T13:31:28.2867838Z, 1, 141.2399, 137.9315, -109.5502
2018-04-10T13:31:28.2928027Z, 1, 141.4072, 137.9698, -109.591
2018-04-10T13:31:28.3162901Z, 1, 141.5039, 137.9521, -109.6531
2018-04-10T13:31:28.3177926Z, 1, 141.5039, 137.9521, -109.6531
2018-04-10T13:31:28.3222979Z, 1, 141.5039, 137.9521, -109.6531
2018-04-10T13:31:28.3395535Z, 1, 141.6188, 137.9837, -109.7405
2018-04-10T13:31:28.3420421Z, 1, 141.6188, 137.9837, -109.7405
2018-04-10T13:31:28.3489769Z, 1, 141.6851, 138.0051, -109.77
2018-04-10T13:31:28.3525126Z, 1, 141.6851, 138.0051, -109.77
2018-04-10T13:31:28.3574819Z, 1, 141.6851, 138.0051, -109.77
2018-04-10T13:31:28.3745112Z, 1, 141.5938, 138.0248, -109.8672
2018-04-10T13:31:28.3770144Z, 1, 141.5938, 138.0248, -109.8672
2018-04-10T13:31:28.3835558Z, 1, 141.5851, 138.0138, -109.8802
2018-04-10T13:31:28.4005259Z, 1, 141.7296, 138.1093, -109.9559
2018-04-10T13:31:28.4025219Z, 1, 141.7296, 138.1093, -109.9559
2018-04-10T13:31:28.4100333Z, 1, 141.7296, 138.1093, -109.9559
2018-04-10T13:31:28.4135391Z, 1, 142.0088, 138.1854, -110.0255
2018-04-10T13:31:28.4176190Z, 1, 142.0088, 138.1854, -110.0255
2018-04-10T13:31:28.4344425Z, 1, 142.4671, 138.3365, -110.0228
2018-04-10T13:31:28.4364456Z, 1, 142.4671, 138.3365, -110.0228
2018-04-10T13:31:28.4565114Z, 1, 142.7617, 138.2629, -109.9187
2018-04-10T13:31:28.4590183Z, 1, 142.7617, 138.2629, -109.9187
2018-04-10T13:31:28.4655694Z, 1, 143.25, 138.3634, -109.906
2018-04-10T13:31:28.4730868Z, 1, 143.25, 138.3634, -109.906
2018-04-10T13:31:28.4805302Z, 1, 143.25, 138.3634, -109.906
2018-04-10T13:31:28.4976084Z, 1, 144.0744, 138.6832, -109.8113
2018-04-10T13:31:28.4996112Z, 1, 144.9484, 139.1968, -110.043
2018-04-10T13:31:28.5071417Z, 1, 144.9484, 139.1968, -110.043
2018-04-10T13:31:28.5240088Z, 1, 145.3325, 139.227, -110.3895
2018-04-10T13:31:28.5373191Z, 1, 145.7921, 138.9967, -110.3576
2018-04-10T13:31:28.5398240Z, 1, 145.7921, 138.9967, -110.3576
2018-04-10T13:31:28.5443302Z, 1, 145.7921, 138.9967, -110.3576
2018-04-10T13:31:28.5613097Z, 1, 146.1754, 138.6033, -110.2851
2018-04-10T13:31:28.5628118Z, 1, 146.1754, 138.6033, -110.2851
2018-04-10T13:31:28.5703389Z, 1, 146.5576, 138.0419, -110.3435
2018-04-10T13:31:28.5871152Z, 1, 147.0523, 137.611, -110.7822
2018-04-10T13:31:28.5886174Z, 1, 147.0523, 137.611, -110.7822
2018-04-10T13:31:28.5926716Z, 1, 147.0523, 137.611, -110.7822
2018-04-10T13:31:28.6001253Z, 1, 147.0523, 137.611, -110.7822
2018-04-10T13:31:28.6041317Z, 1, 147.3016, 137.0277, -111.4701
2018-04-10T13:31:28.6217496Z, 1, 147.2091, 135.9531, -111.9305
2018-04-10T13:31:28.6232395Z, 1, 147.2091, 135.9531, -111.9305
2018-04-10T13:31:28.6310179Z, 1, 147.2091, 135.9531, -111.9305
2018-04-10T13:31:28.6345240Z, 1, 147.2091, 135.9531, -111.9305
2018-04-10T13:31:28.6515530Z, 1, 147.3184, 134.9138, -112.3629
2018-04-10T13:31:28.6555606Z, 1, 147.5201, 133.9558, -112.5048
2018-04-10T13:31:28.6595653Z, 1, 147.5201, 133.9558, -112.5048
2018-04-10T13:31:28.6635718Z, 1, 147.5201, 133.9558, -112.5048
2018-04-10T13:31:28.6685334Z, 1, 147.5201, 133.9558, -112.5048
2018-04-10T13:31:28.6845549Z, 1, 147.3902, 132.9314, -112.6877
2018-04-10T13:31:28.6870583Z, 1, 147.3902, 132.9314, -112.6877
2018-04-10T13:31:28.6927246Z, 1, 147.0387, 131.9986, -112.6427
2018-04-10T13:31:28.6971056Z, 1, 147.0387, 131.9986, -112.6427
2018-04-10T13:31:28.7146438Z, 1, 146.9048, 131.3918, -112.7583
2018-04-10T13:31:28.7161459Z, 1, 146.9048, 131.3918, -112.7583
2018-04-10T13:31:28.7202036Z, 1, 146.9048, 131.3918, -112.7583
2018-04-10T13:31:28.7247121Z, 1, 146.8003, 130.5444, -112.579
2018-04-10T13:31:28.7292186Z, 1, 146.8003, 130.5444, -112.579
2018-04-10T13:31:28.7456724Z, 1, 146.9704, 129.9892, -112.5228
2018-04-10T13:31:28.7476761Z, 1, 146.9704, 129.9892, -112.5228
2018-04-10T13:31:28.7543610Z, 1, 146.9704, 129.9892, -112.5228
2018-04-10T13:31:28.7609084Z, 1, 147.136, 129.419, -112.5641
2018-04-10T13:31:28.7778848Z, 1, 147.2814, 128.7172, -112.6864
2018-04-10T13:31:28.7798882Z, 1, 147.2814, 128.7172, -112.6864
2018-04-10T13:31:28.7844098Z, 1, 147.2814, 128.7172, -112.6864
2018-04-10T13:31:28.7889336Z, 1, 147.2814, 128.7172, -112.6864
2018-04-10T13:31:28.8052039Z, 1, 147.3394, 127.8169, -112.6489
2018-04-10T13:31:28.8072081Z, 1, 147.3394, 127.8169, -112.6489
2018-04-10T13:31:28.8137740Z, 1, 147.7556, 127.0168, -112.6812
2018-04-10T13:31:28.8205958Z, 1, 147.7556, 127.0168, -112.6812
2018-04-10T13:31:28.8246040Z, 1, 147.7556, 127.0168, -112.6812
2018-04-10T13:31:28.8416319Z, 1, 148.4239, 126.3907, -112.616
2018-04-10T13:31:28.8436355Z, 1, 148.4239, 126.3907, -112.616
2018-04-10T13:31:28.8480603Z, 1, 149.3914, 126.1321, -112.6936
2018-04-10T13:31:28.8544427Z, 1, 149.3914, 126.1321, -112.6936
2018-04-10T13:31:28.8716109Z, 1, 150.3264, 125.7512, -112.9682
2018-04-10T13:31:28.8741146Z, 1, 150.3264, 125.7512, -112.9682
2018-04-10T13:31:28.8816260Z, 1, 151.4602, 125.3985, -113.2099
2018-04-10T13:31:28.8886055Z, 1, 151.4602, 125.3985, -113.2099
2018-04-10T13:31:28.9052105Z, 1, 152.6036, 125.0708, -113.2648
2018-04-10T13:31:28.9077036Z, 1, 152.6036, 125.0708, -113.2648
2018-04-10T13:31:28.9141463Z, 1, 152.6036, 125.0708, -113.2648
2018-04-10T13:31:28.9314307Z, 1, 153.7281, 124.7242, -113.3423
2018-04-10T13:31:28.9334406Z, 1, 154.693, 124.3112, -113.4515
2018-04-10T13:31:28.9406927Z, 1, 154.693, 124.3112, -113.4515
2018-04-10T13:31:28.9512210Z, 1, 155.3806, 123.704, -113.5134
2018-04-10T13:31:28.9642379Z, 1, 155.3806, 123.704, -113.5134
2018-04-10T13:31:28.9672428Z, 1, 156.0769, 122.9568, -113.5505
2018-04-10T13:31:28.9743332Z, 1, 156.0769, 122.9568, -113.5505
2018-04-10T13:31:28.9818597Z, 1, 156.0769, 122.9568, -113.5505
2018-04-10T13:31:28.9985771Z, 1, 156.3195, 122.089, -113.5595
2018-04-10T13:31:29.0010777Z, 1, 156.3195, 122.089, -113.5595
2018-04-10T13:31:29.0050875Z, 1, 156.4351, 121.1062, -113.4778
2018-04-10T13:31:29.0096077Z, 1, 156.4351, 121.1062, -113.4778
2018-04-10T13:31:29.0261486Z, 1, 156.7164, 120.3353, -113.7019
2018-04-10T13:31:29.0286407Z, 1, 156.7164, 120.3353, -113.7019
2018-04-10T13:31:29.0353435Z, 1, 156.7164, 120.3353, -113.7019
2018-04-10T13:31:29.0420196Z, 1, 156.9328, 119.495, -113.8794
2018-04-10T13:31:29.0590910Z, 1, 157.2831, 118.831, -114.1797
2018-04-10T13:31:29.0621053Z, 1, 157.2831, 118.831, -114.1797
2018-04-10T13:31:29.0701341Z, 1, 157.2831, 118.831, -114.1797
2018-04-10T13:31:29.0761439Z, 1, 157.4977, 118.1956, -114.4871
2018-04-10T13:31:29.0933255Z, 1, 157.7264, 117.5133, -114.5477
2018-04-10T13:31:29.0953394Z, 1, 157.7264, 117.5133, -114.5477
2018-04-10T13:31:29.1016219Z, 1, 157.7264, 117.5133, -114.5477
2018-04-10T13:31:29.1056309Z, 1, 158.0627, 117.0144, -114.523
2018-04-10T13:31:29.1231768Z, 1, 158.395, 116.5711, -114.5912
2018-04-10T13:31:29.1256813Z, 1, 158.395, 116.5711, -114.5912
2018-04-10T13:31:29.1301873Z, 1, 158.395, 116.5711, -114.5912
2018-04-10T13:31:29.1372228Z, 1, 158.395, 116.5711, -114.5912
2018-04-10T13:31:29.1542897Z, 1, 158.4584, 115.988, -114.628
2018-04-10T13:31:29.1562930Z, 1, 158.4584, 115.988, -114.628
2018-04-10T13:31:29.1613124Z, 1, 158.7219, 115.5929, -114.9049
2018-04-10T13:31:29.1686772Z, 1, 158.7219, 115.5929, -114.9049
2018-04-10T13:31:29.1852045Z, 1, 159.0427, 115.2785, -114.9719
2018-04-10T13:31:29.1882088Z, 1, 159.0427, 115.2785, -114.9719
2018-04-10T13:31:29.1942184Z, 1, 159.0427, 115.2785, -114.9719
2018-04-10T13:31:29.2037331Z, 1, 159.229, 114.8926, -114.906
2018-04-10T13:31:29.2177544Z, 1, 159.2336, 114.3704, -114.8514
2018-04-10T13:31:29.2197751Z, 1, 159.2336, 114.3704, -114.8514
2018-04-10T13:31:29.2237648Z, 1, 159.2336, 114.3704, -114.8514
2018-04-10T13:31:29.2282704Z, 1, 159.2336, 114.3704, -114.8514
2018-04-10T13:31:29.2447991Z, 1, 159.1369, 113.6121, -114.8024
2018-04-10T13:31:29.2473000Z, 1, 159.1369, 113.6121, -114.8024
2018-04-10T13:31:29.2508055Z, 1, 159.1369, 113.6121, -114.8024
2018-04-10T13:31:29.2548117Z, 1, 159.1369, 113.6121, -114.8024
2018-04-10T13:31:29.2623228Z, 1, 159.1369, 113.6121, -114.8024
2018-04-10T13:31:29.2793493Z, 1, 159.3291, 113.0567, -114.7105
2018-04-10T13:31:29.2813523Z, 1, 159.3291, 113.0567, -114.7105
2018-04-10T13:31:29.2888638Z, 1, 159.3291, 113.0567, -114.7105
2018-04-10T13:31:29.3053184Z, 1, 159.4146, 112.7381, -114.6597
2018-04-10T13:31:29.3073215Z, 1, 159.4146, 112.7381, -114.6597
2018-04-10T13:31:29.3133310Z, 1, 159.4146, 112.7381, -114.6597
2018-04-10T13:31:29.3173372Z, 1, 159.4872, 112.3442, -114.5332
2018-04-10T13:31:29.3213510Z, 1, 159.4872, 112.3442, -114.5332
2018-04-10T13:31:29.3385636Z, 1, 159.4348, 111.9059, -114.4453
2018-04-10T13:31:29.3400655Z, 1, 159.4348, 111.9059, -114.4453
2018-04-10T13:31:29.3443791Z, 1, 159.4348, 111.9059, -114.4453
2018-04-10T13:31:29.3520931Z, 1, 159.3859, 111.4578, -114.2824
2018-04-10T13:31:29.3558528Z, 1, 159.3859, 111.4578, -114.2824
2018-04-10T13:31:29.3733614Z, 1, 159.2897, 110.9478, -114.078
2018-04-10T13:31:29.3758648Z, 1, 159.2897, 110.9478, -114.078
2018-04-10T13:31:29.3830279Z, 1, 159.2897, 110.9478, -114.078
2018-04-10T13:31:29.3875244Z, 1, 159.155, 110.442, -113.8701
2018-04-10T13:31:29.4038152Z, 1, 159.0515, 109.9944, -113.6086
2018-04-10T13:31:29.4058248Z, 1, 159.0515, 109.9944, -113.6086
2018-04-10T13:31:29.4125572Z, 1, 159.0515, 109.9944, -113.6086
2018-04-10T13:31:29.4195680Z, 1, 159.0139, 109.6407, -113.4529
2018-04-10T13:31:29.4363987Z, 1, 158.981, 109.314, -113.3175
2018-04-10T13:31:29.4378971Z, 1, 158.981, 109.314, -113.3175
2018-04-10T13:31:29.4459106Z, 1, 158.981, 109.314, -113.3175
2018-04-10T13:31:29.4627099Z, 1, 158.9856, 109.1529, -113.2546
2018-04-10T13:31:29.4642118Z, 1, 158.9856, 109.1529, -113.2546
2018-04-10T13:31:29.4692212Z, 1, 158.9856, 109.1529, -113.2546
2018-04-10T13:31:29.4722401Z, 1, 159.0479, 108.9567, -113.1138
2018-04-10T13:31:29.4797515Z, 1, 159.0479, 108.9567, -113.1138
2018-04-10T13:31:29.4972638Z, 1, 159.1113, 108.7802, -112.9423
2018-04-10T13:31:29.4987657Z, 1, 159.1113, 108.7802, -112.9423
2018-04-10T13:31:29.5067783Z, 1, 159.235, 108.6835, -112.7927
2018-04-10T13:31:29.5236909Z, 1, 159.4512, 108.6855, -112.6839
2018-04-10T13:31:29.5256871Z, 1, 159.4512, 108.6855, -112.6839
2018-04-10T13:31:29.5331835Z, 1, 159.4512, 108.6855, -112.6839
2018-04-10T13:31:29.5399449Z, 1, 159.5944, 108.6927, -112.6946
2018-04-10T13:31:29.5570033Z, 1, 159.6617, 108.6707, -112.5961
2018-04-10T13:31:29.5590072Z, 1, 159.6617, 108.6707, -112.5961
2018-04-10T13:31:29.5635393Z, 1, 159.6617, 108.6707, -112.5961
2018-04-10T13:31:29.5708788Z, 1, 159.6617, 108.6707, -112.5961
2018-04-10T13:31:29.5872666Z, 1, 159.7126, 108.6125, -112.5665
2018-04-10T13:31:29.5897695Z, 1, 159.7126, 108.6125, -112.5665
2018-04-10T13:31:29.5963439Z, 1, 159.7907, 108.6372, -112.6186
2018-04-10T13:31:29.6037796Z, 1, 159.7907, 108.6372, -112.6186
2018-04-10T13:31:29.6207685Z, 1, 159.8936, 108.6702, -112.7178
2018-04-10T13:31:29.6227688Z, 1, 159.8936, 108.6702, -112.7178
2018-04-10T13:31:29.6306584Z, 1, 160.0533, 108.7297, -112.7607
2018-04-10T13:31:29.6366828Z, 1, 160.0533, 108.7297, -112.7607
2018-04-10T13:31:29.6542682Z, 1, 160.1111, 108.7246, -112.8189
2018-04-10T13:31:29.6557704Z, 1, 160.1111, 108.7246, -112.8189
2018-04-10T13:31:29.6602774Z, 1, 160.1111, 108.7246, -112.8189
2018-04-10T13:31:29.6673355Z, 1, 160.1568, 108.72, -112.8517
2018-04-10T13:31:29.6834580Z, 1, 160.187, 108.7404, -112.7466
2018-04-10T13:31:29.6854483Z, 1, 160.187, 108.7404, -112.7466
2018-04-10T13:31:29.6933724Z, 1, 160.187, 108.7404, -112.7466
2018-04-10T13:31:29.6995592Z, 1, 160.2187, 108.7585, -112.6685
2018-04-10T13:31:29.7164180Z, 1, 160.1676, 108.7555, -112.5592
2018-04-10T13:31:29.7179080Z, 1, 160.1676, 108.7555, -112.5592
2018-04-10T13:31:29.7252964Z, 1, 160.1676, 108.7555, -112.5592
2018-04-10T13:31:29.7298035Z, 1, 160.1676, 108.7555, -112.5592
2018-04-10T13:31:29.7470770Z, 1, 160.1635, 108.7928, -112.4872
2018-04-10T13:31:29.7490707Z, 1, 160.1767, 108.8891, -112.5188
2018-04-10T13:31:29.7528973Z, 1, 160.1767, 108.8891, -112.5188
2018-04-10T13:31:29.7568991Z, 1, 160.1767, 108.8891, -112.5188
2018-04-10T13:31:29.7747242Z, 1, 160.2194, 108.9651, -112.4657
2018-04-10T13:31:29.7767273Z, 1, 160.2194, 108.9651, -112.4657
2018-04-10T13:31:29.7832534Z, 1, 160.2488, 109.0116, -112.3565
2018-04-10T13:31:29.7902875Z, 1, 160.2488, 109.0116, -112.3565
2018-04-10T13:31:29.8072095Z, 1, 160.1948, 109.0025, -112.2258
2018-04-10T13:31:29.8092137Z, 1, 160.1948, 109.0025, -112.2258
2018-04-10T13:31:29.8162237Z, 1, 160.1948, 109.0025, -112.2258
2018-04-10T13:31:29.8232154Z, 1, 160.1759, 109.0167, -112.1314
2018-04-10T13:31:29.8398539Z, 1, 160.1671, 109.0289, -112.013
2018-04-10T13:31:29.8418573Z, 1, 160.1671, 109.0289, -112.013
2018-04-10T13:31:29.8491362Z, 1, 160.1671, 109.0289, -112.013
2018-04-10T13:31:29.8526537Z, 1, 160.1522, 108.9799, -111.8556
2018-04-10T13:31:29.8571582Z, 1, 160.1522, 108.9799, -111.8556
2018-04-10T13:31:29.8744738Z, 1, 160.0821, 108.8392, -111.6421
2018-04-10T13:31:29.8764695Z, 1, 160.0821, 108.8392, -111.6421
2018-04-10T13:31:29.8833610Z, 1, 160.0821, 108.8392, -111.6421
2018-04-10T13:31:29.9006285Z, 1, 159.8717, 108.6497, -111.455
2018-04-10T13:31:29.9031209Z, 1, 159.8717, 108.6497, -111.455
2018-04-10T13:31:29.9098160Z, 1, 159.489, 108.3876, -111.3036
2018-04-10T13:31:29.9162294Z, 1, 159.489, 108.3876, -111.3036
2018-04-10T13:31:29.9330618Z, 1, 158.9383, 108.0994, -111.1237
2018-04-10T13:31:29.9350534Z, 1, 158.9383, 108.0994, -111.1237
2018-04-10T13:31:29.9420637Z, 1, 158.1742, 107.7644, -110.8696
2018-04-10T13:31:29.9460698Z, 1, 158.1742, 107.7644, -110.8696
2018-04-10T13:31:29.9505766Z, 1, 158.1742, 107.7644, -110.8696
2018-04-10T13:31:29.9676187Z, 1, 157.3516, 107.4811, -110.6425
2018-04-10T13:31:29.9691212Z, 1, 157.3516, 107.4811, -110.6425
2018-04-10T13:31:29.9736280Z, 1, 157.3516, 107.4811, -110.6425
2018-04-10T13:31:29.9802312Z, 1, 156.4734, 107.148, -110.3476
2018-04-10T13:31:29.9977014Z, 1, 155.5827, 106.9168, -110.1413
2018-04-10T13:31:29.9997044Z, 1, 155.5827, 106.9168, -110.1413
2018-04-10T13:31:30.0077176Z, 1, 155.5827, 106.9168, -110.1413
2018-04-10T13:31:30.0107718Z, 1, 154.6381, 106.7084, -110.0078
2018-04-10T13:31:30.0283763Z, 1, 153.5835, 106.5062, -109.894
2018-04-10T13:31:30.0303742Z, 1, 153.5835, 106.5062, -109.894
2018-04-10T13:31:30.0384011Z, 1, 153.5835, 106.5062, -109.894
2018-04-10T13:31:30.0548839Z, 1, 152.5957, 106.4858, -109.937
2018-04-10T13:31:30.0568870Z, 1, 152.5957, 106.4858, -109.937
2018-04-10T13:31:30.0614060Z, 1, 151.6558, 106.3732, -109.8209
2018-04-10T13:31:30.0684336Z, 1, 151.6558, 106.3732, -109.8209
2018-04-10T13:31:30.0753843Z, 1, 151.6558, 106.3732, -109.8209
2018-04-10T13:31:30.0923892Z, 1, 150.7374, 106.3324, -109.731
2018-04-10T13:31:30.0953849Z, 1, 149.6285, 106.14, -109.3989
2018-04-10T13:31:30.0991481Z, 1, 149.6285, 106.14, -109.3989
2018-04-10T13:31:30.1069071Z, 1, 149.6285, 106.14, -109.3989
2018-04-10T13:31:30.1236600Z, 1, 148.4236, 105.7793, -108.9
2018-04-10T13:31:30.1261643Z, 1, 148.4236, 105.7793, -108.9
2018-04-10T13:31:30.1346952Z, 1, 147.1791, 105.3982, -108.44
2018-04-10T13:31:30.1377211Z, 1, 147.1791, 105.3982, -108.44
2018-04-10T13:31:30.1549155Z, 1, 146.0304, 105.1024, -108.0841
2018-04-10T13:31:30.1564174Z, 1, 146.0304, 105.1024, -108.0841
2018-04-10T13:31:30.1634285Z, 1, 146.0304, 105.1024, -108.0841
2018-04-10T13:31:30.1701083Z, 1, 145.0139, 104.8983, -107.9165
2018-04-10T13:31:30.1868020Z, 1, 143.9792, 104.6676, -107.7633
2018-04-10T13:31:30.1888051Z, 1, 143.9792, 104.6676, -107.7633
2018-04-10T13:31:30.1928238Z, 1, 143.9792, 104.6676, -107.7633
2018-04-10T13:31:30.1978227Z, 1, 143.9792, 104.6676, -107.7633
2018-04-10T13:31:30.2148844Z, 1, 142.9311, 104.5057, -107.6254
2018-04-10T13:31:30.2168841Z, 1, 141.9181, 104.3508, -107.4574
2018-04-10T13:31:30.2233598Z, 1, 141.9181, 104.3508, -107.4574
2018-04-10T13:31:30.2318614Z, 1, 141.9181, 104.3508, -107.4574
2018-04-10T13:31:30.2483869Z, 1, 140.8423, 104.1591, -107.0979
2018-04-10T13:31:30.2508909Z, 1, 139.765, 104.0217, -106.7006
2018-04-10T13:31:30.2579384Z, 1, 139.765, 104.0217, -106.7006
2018-04-10T13:31:30.2752543Z, 1, 138.5329, 103.8486, -106.2221
2018-04-10T13:31:30.2767570Z, 1, 138.5329, 103.8486, -106.2221
2018-04-10T13:31:30.2842941Z, 1, 138.5329, 103.8486, -106.2221
2018-04-10T13:31:30.2922961Z, 1, 137.2289, 103.7668, -105.778
2018-04-10T13:31:30.3093995Z, 1, 135.8193, 103.7743, -105.4682
2018-04-10T13:31:30.3114387Z, 1, 135.8193, 103.7743, -105.4682
2018-04-10T13:31:30.3154571Z, 1, 135.8193, 103.7743, -105.4682
2018-04-10T13:31:30.3199502Z, 1, 135.8193, 103.7743, -105.4682
2018-04-10T13:31:30.3234589Z, 1, 134.2852, 104.0772, -105.5118
2018-04-10T13:31:30.3404819Z, 1, 132.7202, 104.4411, -105.7754
2018-04-10T13:31:30.3424864Z, 1, 132.7202, 104.4411, -105.7754
2018-04-10T13:31:30.3469935Z, 1, 132.7202, 104.4411, -105.7754
2018-04-10T13:31:30.3504990Z, 1, 132.7202, 104.4411, -105.7754
2018-04-10T13:31:30.3550055Z, 1, 132.7202, 104.4411, -105.7754
2018-04-10T13:31:30.3720320Z, 1, 128.2063, 105.1116, -107.11
2018-04-10T13:31:30.3740348Z, 1, 128.2063, 105.1116, -107.11
2018-04-10T13:31:30.3810447Z, 1, 128.2063, 105.1116, -107.11
2018-04-10T13:31:30.3850509Z, 1, 128.2063, 105.1116, -107.11
2018-04-10T13:31:30.4020768Z, 1, 125.2805, 105.351, -107.6548
2018-04-10T13:31:30.4040801Z, 1, 125.2805, 105.351, -107.6548
2018-04-10T13:31:30.4115918Z, 1, 122.7113, 105.2696, -106.6201
2018-04-10T13:31:30.4176011Z, 1, 122.7113, 105.2696, -106.6201
2018-04-10T13:31:30.4348353Z, 1, 119.5466, 105.2206, -106.0098
2018-04-10T13:31:30.4363392Z, 1, 119.5466, 105.2206, -106.0098
2018-04-10T13:31:30.4443492Z, 1, 115.7314, 104.9488, -105.6208
2018-04-10T13:31:30.4513515Z, 1, 115.7314, 104.9488, -105.6208
2018-04-10T13:31:30.4683637Z, 1, 111.6943, 104.3975, -104.3868
2018-04-10T13:31:30.4698659Z, 1, 111.6943, 104.3975, -104.3868
2018-04-10T13:31:30.4771260Z, 1, 107.7421, 103.7543, -102.7188
2018-04-10T13:31:30.4946639Z, 1, 103.4695, 103.0617, -101.1722
2018-04-10T13:31:30.4961663Z, 1, 103.4695, 103.0617, -101.1722
2018-04-10T13:31:30.5030345Z, 1, 103.4695, 103.0617, -101.1722
2018-04-10T13:31:30.5075419Z, 1, 103.4695, 103.0617, -101.1722
2018-04-10T13:31:30.5110480Z, 1, 98.7963, 102.0928, -99.72998
2018-04-10T13:31:30.5280630Z, 1, 94.22647, 101.1745, -98.61483
2018-04-10T13:31:30.5376117Z, 1, 94.22647, 101.1745, -98.61483
2018-04-10T13:31:30.5416181Z, 1, 94.22647, 101.1745, -98.61483
2018-04-10T13:31:30.5586016Z, 1, 90.37093, 100.2248, -97.02159
2018-04-10T13:31:30.5611048Z, 1, 90.37093, 100.2248, -97.02159
2018-04-10T13:31:30.5686054Z, 1, 86.45739, 99.88128, -96.30888
2018-04-10T13:31:30.5756133Z, 1, 86.45739, 99.88128, -96.30888
2018-04-10T13:31:30.5926073Z, 1, 82.8557, 99.80856, -95.93748
2018-04-10T13:31:30.5940969Z, 1, 82.8557, 99.80856, -95.93748
2018-04-10T13:31:30.6015879Z, 1, 79.58521, 100.097, -96.02631
2018-04-10T13:31:30.6185469Z, 1, 77.26192, 100.7106, -95.81501
2018-04-10T13:31:30.6205400Z, 1, 77.26192, 100.7106, -95.81501
2018-04-10T13:31:30.6280523Z, 1, 77.26192, 100.7106, -95.81501
2018-04-10T13:31:30.6350531Z, 1, 74.51865, 101.0328, -95.55762
2018-04-10T13:31:30.6520576Z, 1, 71.7351, 101.4827, -95.67329
2018-04-10T13:31:30.6540599Z, 1, 71.7351, 101.4827, -95.67329
2018-04-10T13:31:30.6610709Z, 1, 71.7351, 101.4827, -95.67329
2018-04-10T13:31:30.6655803Z, 1, 71.7351, 101.4827, -95.67329
2018-04-10T13:31:30.6821622Z, 1, 68.46948, 101.4786, -95.85311
2018-04-10T13:31:30.6841655Z, 1, 68.46948, 101.4786, -95.85311
2018-04-10T13:31:30.6887480Z, 1, 68.46948, 101.4786, -95.85311
2018-04-10T13:31:30.6957198Z, 1, 68.46948, 101.4786, -95.85311
2018-04-10T13:31:30.7002283Z, 1, 68.46948, 101.4786, -95.85311
2018-04-10T13:31:30.7167951Z, 1, 60.76708, 99.43608, -95.25791
2018-04-10T13:31:30.7193094Z, 1, 56.77232, 98.23331, -95.76491
2018-04-10T13:31:30.7241597Z, 1, 56.77232, 98.23331, -95.76491
2018-04-10T13:31:30.7311716Z, 1, 56.77232, 98.23331, -95.76491
2018-04-10T13:31:30.7477376Z, 1, 53.37745, 97.94812, -96.48752
2018-04-10T13:31:30.7497358Z, 1, 53.37745, 97.94812, -96.48752
2018-04-10T13:31:30.7566922Z, 1, 53.37745, 97.94812, -96.48752
2018-04-10T13:31:30.7606973Z, 1, 53.37745, 97.94812, -96.48752
2018-04-10T13:31:30.7777291Z, 1, 46.12828, 95.45425, -98.95187
2018-04-10T13:31:30.7797325Z, 1, 46.12828, 95.45425, -98.95187
2018-04-10T13:31:30.7874098Z, 1, 46.12828, 95.45425, -98.95187
2018-04-10T13:31:30.7914126Z, 1, 44.17196, 95.4183, -101.1159
2018-04-10T13:31:30.8084311Z, 1, 41.28436, 94.05644, -103.3896
2018-04-10T13:31:30.8104179Z, 1, 41.28436, 94.05644, -103.3896
2018-04-10T13:31:30.8144255Z, 1, 41.28436, 94.05644, -103.3896
2018-04-10T13:31:30.8184274Z, 1, 41.28436, 94.05644, -103.3896
2018-04-10T13:31:30.8224657Z, 1, 41.28436, 94.05644, -103.3896
2018-04-10T13:31:30.8394609Z, 1, 41.28436, 94.05644, -103.3896
2018-04-10T13:31:30.8419660Z, 1, 33.80076, 89.8587, -108.9849
2018-04-10T13:31:30.8459799Z, 1, 33.80076, 89.8587, -108.9849
2018-04-10T13:31:30.8539575Z, 1, 33.80076, 89.8587, -108.9849
2018-04-10T13:31:30.8707409Z, 1, 30.2011, 86.91, -109.1281
2018-04-10T13:31:30.8727448Z, 1, 30.2011, 86.91, -109.1281
2018-04-10T13:31:30.8795450Z, 1, 26.13727, 82.95275, -109.308
2018-04-10T13:31:30.8835511Z, 1, 26.13727, 82.95275, -109.308
2018-04-10T13:31:30.9003929Z, 1, 26.13727, 82.95275, -109.308
2018-04-10T13:31:30.9023957Z, 1, 26.13727, 82.95275, -109.308
2018-04-10T13:31:30.9079057Z, 1, 26.13727, 82.95275, -109.308
2018-04-10T13:31:30.9143851Z, 1, 16.8357, 73.38622, -112.0806
2018-04-10T13:31:30.9179015Z, 1, 16.8357, 73.38622, -112.0806
2018-04-10T13:31:30.9349632Z, 1, 19.07004, 302.6808, 118.1418
2018-04-10T13:31:30.9364532Z, 1, 19.07004, 302.6808, 118.1418
2018-04-10T13:31:30.9404084Z, 1, 19.07004, 302.6808, 118.1418
2018-04-10T13:31:30.9479295Z, 1, 19.12541, 302.1772, 118.1983
2018-04-10T13:31:30.9641209Z, 1, 19.81829, 301.7882, 118.324
2018-04-10T13:31:30.9661254Z, 1, 19.81829, 301.7882, 118.324
2018-04-10T13:31:30.9731922Z, 1, 19.81829, 301.7882, 118.324
2018-04-10T13:31:30.9796919Z, 1, 19.59599, 301.1943, 118.2279
2018-04-10T13:31:31.0020069Z, 1, 19.50634, 300.6997, 118.1312
2018-04-10T13:31:31.0035040Z, 1, 19.50634, 300.6997, 118.1312
2018-04-10T13:31:31.0110239Z, 1, 19.50634, 300.6997, 118.1312
2018-04-10T13:31:31.0274183Z, 1, 19.56808, 300.5001, 118.0418
2018-04-10T13:31:31.0294117Z, 1, 19.56808, 300.5001, 118.0418
2018-04-10T13:31:31.0354590Z, 1, 19.84824, 299.9704, 118.2026
2018-04-10T13:31:31.0394843Z, 1, 19.84824, 299.9704, 118.2026
2018-04-10T13:31:31.0564985Z, 1, 20.15996, 300.074, 118.5377
2018-04-10T13:31:31.0585016Z, 1, 20.15996, 300.074, 118.5377
2018-04-10T13:31:31.0625075Z, 1, 20.15996, 300.074, 118.5377
2018-04-10T13:31:31.0670145Z, 1, 20.41697, 300.4591, 118.8331
2018-04-10T13:31:31.0734905Z, 1, 20.41697, 300.4591, 118.8331
2018-04-10T13:31:31.0911403Z, 1, 20.67945, 300.7108, 119.0599
2018-04-10T13:31:31.0931334Z, 1, 20.67945, 300.7108, 119.0599
2018-04-10T13:31:31.1005113Z, 1, 21.96806, 302.8784, 119.766
2018-04-10T13:31:31.1045109Z, 1, 21.96806, 302.8784, 119.766
2018-04-10T13:31:31.1213185Z, 1, 22.14806, 302.8911, 119.4885
2018-04-10T13:31:31.1233225Z, 1, 22.14806, 302.8911, 119.4885
2018-04-10T13:31:31.1298315Z, 1, 22.14806, 302.8911, 119.4885
2018-04-10T13:31:31.1368539Z, 1, 22.13664, 302.2739, 118.9752
2018-04-10T13:31:31.1538670Z, 1, 21.85323, 301.5698, 118.6171
2018-04-10T13:31:31.1553632Z, 1, 21.85323, 301.5698, 118.6171
2018-04-10T13:31:31.1628749Z, 1, 21.85323, 301.5698, 118.6171
2018-04-10T13:31:31.1796062Z, 1, 22.07163, 301.1468, 118.5065
2018-04-10T13:31:31.1816096Z, 1, 22.07163, 301.1468, 118.5065
2018-04-10T13:31:31.1891361Z, 1, 22.1083, 300.982, 118.6691
2018-04-10T13:31:31.1951738Z, 1, 22.1083, 300.982, 118.6691
2018-04-10T13:31:31.1992050Z, 1, 22.1083, 300.982, 118.6691
2018-04-10T13:31:31.2159025Z, 1, 21.99494, 300.7422, 118.4806
2018-04-10T13:31:31.2179070Z, 1, 21.99494, 300.7422, 118.4806
2018-04-10T13:31:31.2254280Z, 1, 22.93144, 302.214, 118.9979
2018-04-10T13:31:31.2300063Z, 1, 22.93144, 302.214, 118.9979
2018-04-10T13:31:31.2462674Z, 1, 23.52977, 303.696, 119.6055
2018-04-10T13:31:31.2477702Z, 1, 23.52977, 303.696, 119.6055
2018-04-10T13:31:31.2545746Z, 1, 23.52977, 303.696, 119.6055
2018-04-10T13:31:31.3282005Z, 1, 24.38436, 302.9132, 119.486
