2018-04-12T10:17:06.3346451Z, False, 0, 0, 0
2018-04-12T10:17:06.3406625Z, False, 0, 0, 0
2018-04-12T10:17:06.3571810Z, False, 0, 0, 0
2018-04-12T10:17:06.3606848Z, False, 0, 0, 0
2018-04-12T10:17:06.3774215Z, False, 0, 0, 0
2018-04-12T10:17:06.3789237Z, False, 0, 0, 0
2018-04-12T10:17:06.3839303Z, False, 0, 0, 0
2018-04-12T10:17:06.3905941Z, False, 0, 0, 0
2018-04-12T10:17:06.4069836Z, False, 0, 0, 0
2018-04-12T10:17:06.4234616Z, False, 0, 0, 0
2018-04-12T10:17:06.4400492Z, False, 0, 0, 0
2018-04-12T10:17:06.4420415Z, False, 0, 0, 0
2018-04-12T10:17:06.4465731Z, False, 0, 0, 0
2018-04-12T10:17:06.4540617Z, False, 0, 0, 0
2018-04-12T10:17:06.4705844Z, 0.0830065, 9.370529, 268.5094, 135.0456
2018-04-12T10:17:06.4871105Z, 0.1765532, 3.22851, 269.5352, 157.3529
2018-04-12T10:17:06.4896157Z, 0.1765532, 3.22851, 269.5352, 157.3529
2018-04-12T10:17:06.4941230Z, 0.1765532, 3.22851, 269.5352, 157.3529
2018-04-12T10:17:06.5016464Z, 0.2220324, 0.5328497, 269.0223, 164.9348
2018-04-12T10:17:06.5187417Z, 0.3105649, -5.467846, 271.2225, 174.7684
2018-04-12T10:17:06.5212443Z, 0.3582832, -9.740822, 275.3094, 180.7589
2018-04-12T10:17:06.5252635Z, 0.3582832, -9.740822, 275.3094, 180.7589
2018-04-12T10:17:06.5297575Z, 0.393876, -20.8565, 282.0655, 186.6854
2018-04-12T10:17:06.5465332Z, 0.436459, -32.84651, 285.7501, 197.3226
2018-04-12T10:17:06.5635768Z, 0.5075173, -29.9934, 288.3024, 214.3068
2018-04-12T10:17:06.5797082Z, 0.5780964, -34.01379, 285.8637, 220.3721
2018-04-12T10:17:06.5964030Z, 0.6350536, -38.29792, 282.6536, 224.7292
2018-04-12T10:17:06.6004084Z, 0.6350536, -38.29792, 282.6536, 224.7292
2018-04-12T10:17:06.6049279Z, 0.6680244, -40.91249, 281.8421, 226.3212
2018-04-12T10:17:06.6094219Z, 0.6680244, -40.91249, 281.8421, 226.3212
2018-04-12T10:17:06.6253484Z, 0.7153295, -43.36303, 279.6172, 226.65
2018-04-12T10:17:06.6425004Z, 0.7570562, -42.6899, 276.4704, 226.1139
2018-04-12T10:17:06.6587097Z, 0.7943345, -39.17078, 272.1669, 223.2184
2018-04-12T10:17:06.6617172Z, 0.7943345, -39.17078, 272.1669, 223.2184
2018-04-12T10:17:06.6687248Z, 0.7943345, -39.17078, 272.1669, 223.2184
2018-04-12T10:17:06.6722306Z, 0.8123356, -37.20659, 270.701, 222.3613
2018-04-12T10:17:06.6888407Z, 0.8413709, -35.26545, 270.5379, 222.0363
2018-04-12T10:17:06.7049169Z, 0.8689548, -34.74018, 272.8374, 223.5768
2018-04-12T10:17:06.7219428Z, 0.8892801, -34.62444, 274.9774, 225.2897
2018-04-12T10:17:06.7234452Z, 0.8892801, -34.62444, 274.9774, 225.2897
2018-04-12T10:17:06.7329594Z, 0.8984023, -34.46112, 275.7982, 225.6295
2018-04-12T10:17:06.7498831Z, 0.9152905, -34.25627, 278.8801, 226.7418
2018-04-12T10:17:06.7518859Z, 0.9152905, -34.25627, 278.8801, 226.7418
2018-04-12T10:17:06.7686252Z, 0.9294614, -33.40555, 281.3018, 226.9714
2018-04-12T10:17:06.7721308Z, 0.9294614, -33.40555, 281.3018, 226.9714
2018-04-12T10:17:06.7771595Z, 0.9356926, -33.02588, 282.8774, 227.2298
2018-04-12T10:17:06.7821704Z, 0.9356926, -33.02588, 282.8774, 227.2298
2018-04-12T10:17:06.7988650Z, 0.9464958, -33.07604, 285.4167, 228.5859
2018-04-12T10:17:06.8152986Z, 0.9555858, -33.50214, 287.9474, 229.9989
2018-04-12T10:17:06.8188081Z, 0.9555858, -33.50214, 287.9474, 229.9989
2018-04-12T10:17:06.8248137Z, 0.9595376, -33.68262, 289.2187, 230.5858
2018-04-12T10:17:06.8411431Z, 0.9664188, -34.04556, 290.6648, 231.7108
2018-04-12T10:17:06.8438048Z, 0.9664188, -34.04556, 290.6648, 231.7108
2018-04-12T10:17:06.8605666Z, 0.972253, -34.37645, 290.3684, 231.6002
2018-04-12T10:17:06.8771006Z, 0.9769472, -35.33233, 289.6199, 231.6938
2018-04-12T10:17:06.8791040Z, 0.9769472, -35.33233, 289.6199, 231.6938
2018-04-12T10:17:06.8836097Z, 0.9769472, -35.33233, 289.6199, 231.6938
2018-04-12T10:17:06.8904249Z, 0.9809153, -36.55915, 289.5225, 231.233
2018-04-12T10:17:06.9068844Z, 0.9826307, -37.61237, 290.7369, 232.0689
2018-04-12T10:17:06.9235859Z, 0.9858699, -41.37309, 295.6847, 235.3029
2018-04-12T10:17:06.9398826Z, 0.9858699, -41.37309, 295.6847, 235.3029
2018-04-12T10:17:06.9423860Z, 0.9858699, -41.37309, 295.6847, 235.3029
2018-04-12T10:17:06.9463922Z, 0.9858699, -41.37309, 295.6847, 235.3029
2018-04-12T10:17:06.9533927Z, 0.9891809, -44.67193, 299.9912, 236.1026
2018-04-12T10:17:06.9703930Z, 1, -52.843, 310.8093, 242.3274
2018-04-12T10:17:06.9864199Z, 1, -60.56662, 320.4642, 246.8644
2018-04-12T10:17:06.9904269Z, 1, -60.56662, 320.4642, 246.8644
2018-04-12T10:17:07.0066847Z, 1, -65.51526, 324.8441, 247.7777
2018-04-12T10:17:07.0091901Z, 1, -67.7558, 325.8943, 247.79
2018-04-12T10:17:07.0131154Z, 1, -67.7558, 325.8943, 247.79
2018-04-12T10:17:07.0301399Z, 1, -72.0374, 327.908, 247.773
2018-04-12T10:17:07.0316418Z, 1, -72.0374, 327.908, 247.773
2018-04-12T10:17:07.0479832Z, 1, -75.50574, 329.8373, 248.2681
2018-04-12T10:17:07.0647228Z, 1, -78.03542, 330.9823, 247.5712
2018-04-12T10:17:07.0692298Z, 1, -78.03542, 330.9823, 247.5712
2018-04-12T10:17:07.0747384Z, 1, -79.14734, 331.5366, 247.2614
2018-04-12T10:17:07.0792452Z, 1, -79.14734, 331.5366, 247.2614
2018-04-12T10:17:07.0957705Z, 1, -80.25174, 331.6552, 246.5589
2018-04-12T10:17:07.1123701Z, 1, -80.85439, 331.5136, 246.0009
2018-04-12T10:17:07.1163768Z, 1, -80.85439, 331.5136, 246.0009
2018-04-12T10:17:07.1213853Z, 1, -80.96776, 331.0474, 245.6019
2018-04-12T10:17:07.1253909Z, 1, -80.96776, 331.0474, 245.6019
2018-04-12T10:17:07.1424163Z, 1, -80.98227, 329.5002, 244.6981
2018-04-12T10:17:07.1584406Z, 1, -80.46621, 327.3195, 243.7452
2018-04-12T10:17:07.1604443Z, 1, -80.46621, 327.3195, 243.7452
2018-04-12T10:17:07.1669547Z, 1, -79.81846, 326.1138, 243.2204
2018-04-12T10:17:07.1729637Z, 1, -79.81846, 326.1138, 243.2204
2018-04-12T10:17:07.1894380Z, 1, -78.43605, 322.5049, 242.6311
2018-04-12T10:17:07.2058582Z, 1, -77.5871, 321.3682, 242.5146
2018-04-12T10:17:07.2073567Z, 1, -76.54678, 319.4492, 242.4438
2018-04-12T10:17:07.2173707Z, 1, -76.54678, 319.4492, 242.4438
2018-04-12T10:17:07.2353987Z, 1, -75.05643, 319.0467, 243.3905
2018-04-12T10:17:07.2509224Z, 1, -74.73674, 319.5765, 243.7389
2018-04-12T10:17:07.2669564Z, 1, -74.26779, 320.7887, 244.3373
2018-04-12T10:17:07.2844756Z, 1, -73.50079, 322.7253, 244.8191
2018-04-12T10:17:07.2880622Z, 1, -73.50079, 322.7253, 244.8191
2018-04-12T10:17:07.2934888Z, 1, -72.87487, 323.6043, 244.8336
2018-04-12T10:17:07.2984957Z, 1, -72.18454, 323.9961, 244.806
2018-04-12T10:17:07.3155216Z, 1, -70.16422, 324.7115, 244.997
2018-04-12T10:17:07.3170240Z, 1, -70.16422, 324.7115, 244.997
2018-04-12T10:17:07.3240351Z, 1, -69.07914, 325.1785, 244.7711
2018-04-12T10:17:07.3285419Z, 1, -69.07914, 325.1785, 244.7711
2018-04-12T10:17:07.3450504Z, 1, -65.99594, 325.1069, 243.3247
2018-04-12T10:17:07.3621887Z, 1, -64.99738, 326.5688, 242.9073
2018-04-12T10:17:07.3636909Z, 1, -64.99738, 326.5688, 242.9073
2018-04-12T10:17:07.3712171Z, 1, -64.63374, 327.0707, 242.7312
2018-04-12T10:17:07.3752232Z, 1, -64.63374, 327.0707, 242.7312
2018-04-12T10:17:07.3922130Z, 1, -65.00675, 328.6995, 243.4129
2018-04-12T10:17:07.4087482Z, 1, -65.17661, 329.0193, 243.7881
2018-04-12T10:17:07.4122620Z, 1, -65.17661, 329.0193, 243.7881
2018-04-12T10:17:07.4172631Z, 1, -65.43012, 329.1798, 244.2186
2018-04-12T10:17:07.4212773Z, 1, -65.43012, 329.1798, 244.2186
2018-04-12T10:17:07.4384329Z, 1, -66.12003, 329.5883, 245.3713
2018-04-12T10:17:07.4549582Z, 1, -67.28054, 330.1848, 246.6344
2018-04-12T10:17:07.4715185Z, 1, -68.22871, 330.5379, 247.3357
2018-04-12T10:17:07.4730209Z, 1, -68.22871, 330.5379, 247.3357
2018-04-12T10:17:07.4775277Z, 1, -68.22871, 330.5379, 247.3357
2018-04-12T10:17:07.4840390Z, 1, -68.73589, 330.732, 247.6206
2018-04-12T10:17:07.5010131Z, 1, -69.98458, 331.1297, 247.7812
2018-04-12T10:17:07.5173437Z, 1, -71.33855, 331.6316, 247.2523
2018-04-12T10:17:07.5344077Z, 1, -72.01853, 332.012, 247.1257
2018-04-12T10:17:07.5384076Z, 1, -72.5903, 332.5158, 247.0637
2018-04-12T10:17:07.5433371Z, 1, -73.24909, 332.8374, 246.9763
2018-04-12T10:17:07.5479002Z, 1, -73.24909, 332.8374, 246.9763
2018-04-12T10:17:07.5644972Z, 1, -74.67799, 332.9637, 246.3183
2018-04-12T10:17:07.5812516Z, 1, -76.02641, 332.3144, 245.4563
2018-04-12T10:17:07.5877623Z, 1, -76.02641, 332.3144, 245.4563
2018-04-12T10:17:07.5897654Z, 1, -76.13301, 331.6333, 244.8482
2018-04-12T10:17:07.6062428Z, 1, -75.5474, 329.7137, 243.2358
2018-04-12T10:17:07.6102487Z, 1, -75.5474, 329.7137, 243.2358
2018-04-12T10:17:07.6247191Z, 1, -74.17527, 327.6206, 241.5251
2018-04-12T10:17:07.6272217Z, 1, -74.17527, 327.6206, 241.5251
2018-04-12T10:17:07.6437487Z, 1, -73.01385, 326.0466, 240.4069
2018-04-12T10:17:07.6462703Z, 1, -73.01385, 326.0466, 240.4069
2018-04-12T10:17:07.6507586Z, 1, -73.01385, 326.0466, 240.4069
2018-04-12T10:17:07.6582558Z, 1, -72.4558, 325.4404, 240.0708
2018-04-12T10:17:07.6752367Z, 1, -71.58826, 324.5985, 239.8909
2018-04-12T10:17:07.6797435Z, 1, -71.25827, 324.1275, 240.033
2018-04-12T10:17:07.6832481Z, 1, -71.25827, 324.1275, 240.033
2018-04-12T10:17:07.6882556Z, 1, -71.25827, 324.1275, 240.033
2018-04-12T10:17:07.7054098Z, 1, -70.60213, 323.2235, 241.3809
2018-04-12T10:17:07.7224064Z, 1, -70.21722, 322.575, 241.8975
2018-04-12T10:17:07.7254116Z, 1, -70.21722, 322.575, 241.8975
2018-04-12T10:17:07.7309421Z, 1, -69.88981, 322.216, 241.8618
2018-04-12T10:17:07.7478086Z, 1, -69.39391, 321.8767, 241.7166
2018-04-12T10:17:07.7508283Z, 1, -68.71367, 321.6446, 241.6345
2018-04-12T10:17:07.7671902Z, 1, -67.02911, 321.1583, 240.989
2018-04-12T10:17:07.7860231Z, 1, -65.76683, 321.1714, 240.6619
2018-04-12T10:17:07.7895284Z, 1, -64.69687, 321.2688, 240.7409
2018-04-12T10:17:07.7955379Z, 1, -64.69687, 321.2688, 240.7409
2018-04-12T10:17:07.8126469Z, 1, -63.58761, 322.8399, 242.0536
2018-04-12T10:17:07.8273891Z, 1, -61.31124, 324.1915, 241.7493
2018-04-12T10:17:07.8298931Z, 1, -61.31124, 324.1915, 241.7493
2018-04-12T10:17:07.8459479Z, 1, -59.87419, 326.2326, 241.8583
2018-04-12T10:17:07.8524578Z, 1, -59.87419, 326.2326, 241.8583
2018-04-12T10:17:07.8564739Z, 1, -59.59568, 327.2114, 242.1227
2018-04-12T10:17:07.8599709Z, 1, -59.59568, 327.2114, 242.1227
2018-04-12T10:17:07.8778791Z, 1, -59.0403, 328.5883, 242.7141
2018-04-12T10:17:07.8934503Z, 1, -58.68512, 327.4368, 242.2627
2018-04-12T10:17:07.8954483Z, 1, -58.68512, 327.4368, 242.2627
2018-04-12T10:17:07.9019547Z, 1, -58.68512, 327.4368, 242.2627
2018-04-12T10:17:07.9084928Z, 1, -59.40023, 327.3504, 242.5686
2018-04-12T10:17:07.9250678Z, 1, -59.81436, 325.8325, 242.1512
2018-04-12T10:17:07.9265734Z, 1, -59.81436, 325.8325, 242.1512
2018-04-12T10:17:07.9335808Z, 1, -59.81436, 325.8325, 242.1512
2018-04-12T10:17:07.9355842Z, 1, -59.95784, 324.9752, 241.7921
2018-04-12T10:17:07.9527606Z, 1, -59.97283, 323.3602, 241.0184
2018-04-12T10:17:07.9542631Z, 1, -59.97283, 323.3602, 241.0184
2018-04-12T10:17:07.9712653Z, 1, -60.73949, 322.4662, 240.2967
2018-04-12T10:17:07.9732693Z, 1, -60.73949, 322.4662, 240.2967
2018-04-12T10:17:07.9827832Z, 1, -61.33535, 322.6642, 240.2813
2018-04-12T10:17:07.9998034Z, 1, -62.51019, 323.3002, 240.8328
2018-04-12T10:17:08.0017971Z, 1, -62.51019, 323.3002, 240.8328
2018-04-12T10:17:08.0190968Z, 1, -63.88795, 324.1328, 241.2125
2018-04-12T10:17:08.0496399Z, 1, -66.60299, 325.4059, 242.3498
2018-04-12T10:17:08.0526548Z, 1, -66.60299, 325.4059, 242.3498
2018-04-12T10:17:08.0586540Z, 1, -67.44581, 325.7672, 242.6029
2018-04-12T10:17:08.0621599Z, 1, -67.44581, 325.7672, 242.6029
2018-04-12T10:17:08.0791644Z, 1, -68.2774, 326.2937, 242.8366
2018-04-12T10:17:08.0958021Z, 1, -69.81156, 327.2848, 242.7227
2018-04-12T10:17:08.1124793Z, 1, -70.28695, 327.5847, 242.5561
2018-04-12T10:17:08.1165623Z, 1, -70.28695, 327.5847, 242.5561
2018-04-12T10:17:08.1219793Z, 1, -70.21732, 327.408, 242.5444
2018-04-12T10:17:08.1395184Z, 1, -69.67651, 326.4963, 242.2527
2018-04-12T10:17:08.1410077Z, 1, -69.67651, 326.4963, 242.2527
2018-04-12T10:17:08.1580333Z, 1, -69.4762, 325.4342, 241.5576
2018-04-12T10:17:08.1745589Z, 1, -69.78522, 324.5129, 241.245
2018-04-12T10:17:08.1765625Z, 1, -69.78522, 324.5129, 241.245
2018-04-12T10:17:08.1810736Z, 1, -69.78522, 324.5129, 241.245
2018-04-12T10:17:08.1880505Z, 1, -69.72205, 323.7538, 240.3167
2018-04-12T10:17:08.2050676Z, 1, -69.68017, 323.3331, 239.079
2018-04-12T10:17:08.2220935Z, 1, -70.28505, 322.6958, 238.4687
2018-04-12T10:17:08.2256050Z, 1, -70.28505, 322.6958, 238.4687
2018-04-12T10:17:08.2301061Z, 1, -70.28505, 322.6958, 238.4687
2018-04-12T10:17:08.2341125Z, 1, -70.16404, 323.0192, 238.651
2018-04-12T10:17:08.2517486Z, 1, -68.60593, 325.2921, 240.1081
2018-04-12T10:17:08.2676028Z, 1, -67.50713, 326.4637, 240.6595
2018-04-12T10:17:08.2841468Z, 1, -67.50713, 326.4637, 240.6595
2018-04-12T10:17:08.2866631Z, 1, -65.56216, 329.2955, 240.8756
2018-04-12T10:17:08.2941563Z, 1, -65.56216, 329.2955, 240.8756
2018-04-12T10:17:08.3110737Z, 1, -63.7141, 331.4369, 241.096
2018-04-12T10:17:08.3136551Z, 1, -63.7141, 331.4369, 241.096
2018-04-12T10:17:08.3306016Z, 1, -60.32168, 330.6316, 239.6638
2018-04-12T10:17:08.3321035Z, 1, -60.32168, 330.6316, 239.6638
2018-04-12T10:17:08.3396251Z, 1, -59.43339, 329.8824, 238.9173
2018-04-12T10:17:08.3436313Z, 1, -59.43339, 329.8824, 238.9173
2018-04-12T10:17:08.3606475Z, 1, -58.22904, 327.852, 237.8384
2018-04-12T10:17:08.3771734Z, 1, -57.99845, 325.7043, 237.2323
2018-04-12T10:17:08.3936983Z, 1, -58.52603, 324.6791, 237.7243
2018-04-12T10:17:08.3957017Z, 1, -58.52603, 324.6791, 237.7243
2018-04-12T10:17:08.4027139Z, 1, -58.52603, 324.6791, 237.7243
2018-04-12T10:17:08.4212653Z, 1, -59.76036, 324.9514, 239.1535
2018-04-12T10:17:08.4232735Z, 1, -60.74689, 325.3196, 240.0348
2018-04-12T10:17:08.4403148Z, 1, -63.35242, 326.5128, 242.2165
2018-04-12T10:17:08.4418170Z, 1, -63.35242, 326.5128, 242.2165
2018-04-12T10:17:08.4498293Z, 1, -64.85077, 326.8293, 242.8546
2018-04-12T10:17:08.4548370Z, 1, -64.85077, 326.8293, 242.8546
2018-04-12T10:17:08.4718347Z, 1, -66.9411, 328.0996, 243.9738
2018-04-12T10:17:08.4738378Z, 1, -68.04642, 328.6533, 244.4738
2018-04-12T10:17:08.4798567Z, 1, -68.04642, 328.6533, 244.4738
2018-04-12T10:17:08.4848886Z, 1, -68.90634, 329.0451, 244.7795
2018-04-12T10:17:08.5018650Z, 1, -70.67638, 328.7647, 244.8759
2018-04-12T10:17:08.5183643Z, 1, -72.09283, 329.0058, 244.7997
2018-04-12T10:17:08.5203674Z, 1, -72.09283, 329.0058, 244.7997
2018-04-12T10:17:08.5268784Z, 1, -72.83506, 329.2978, 244.5927
2018-04-12T10:17:08.5442179Z, 1, -73.89758, 329.8296, 244.5095
2018-04-12T10:17:08.5467905Z, 1, -73.89758, 329.8296, 244.5095
2018-04-12T10:17:08.5628189Z, 1, -74.60938, 330.055, 244.6638
2018-04-12T10:17:08.5794452Z, 1, -74.8494, 329.9487, 244.7094
2018-04-12T10:17:08.5959155Z, 1, -75.07065, 329.1392, 244.6514
2018-04-12T10:17:08.6121567Z, 1, -74.96026, 328.0838, 244.1621
2018-04-12T10:17:08.6141607Z, 1, -74.96026, 328.0838, 244.1621
2018-04-12T10:17:08.6221844Z, 1, -74.96886, 327.505, 243.98
2018-04-12T10:17:08.6261783Z, 1, -74.96886, 327.505, 243.98
2018-04-12T10:17:08.6430465Z, 1, -74.82265, 326.3615, 243.7489
2018-04-12T10:17:08.6598789Z, 1, -74.6049, 325.759, 243.5885
2018-04-12T10:17:08.6633722Z, 1, -74.4473, 325.537, 243.6
2018-04-12T10:17:08.6718865Z, 1, -74.24407, 325.3028, 243.6194
2018-04-12T10:17:08.6888097Z, 1, -73.70069, 325.419, 243.6602
2018-04-12T10:17:08.7049035Z, 1, -73.22772, 325.9011, 243.6077
2018-04-12T10:17:08.7214996Z, 1, -71.87033, 327.5927, 243.4079
2018-04-12T10:17:08.7290113Z, 1, -71.87033, 327.5927, 243.4079
2018-04-12T10:17:08.7325169Z, 1, -71.19283, 328.1761, 243.3695
2018-04-12T10:17:08.7494016Z, 1, -69.30353, 330.2162, 242.9963
2018-04-12T10:17:08.7519064Z, 1, -69.30353, 330.2162, 242.9963
2018-04-12T10:17:08.7691575Z, 1, -67.02416, 332.2095, 242.4984
2018-04-12T10:17:08.7711628Z, 1, -65.92276, 332.5288, 242.2457
2018-04-12T10:17:08.7766694Z, 1, -65.92276, 332.5288, 242.2457
2018-04-12T10:17:08.7934975Z, 1, -64.3252, 332.4197, 241.8277
2018-04-12T10:17:08.7955026Z, 1, -64.3252, 332.4197, 241.8277
2018-04-12T10:17:08.8120350Z, 1, -63.9878, 331.4226, 241.4165
2018-04-12T10:17:08.8140395Z, 1, -63.9878, 331.4226, 241.4165
2018-04-12T10:17:08.8310884Z, 1, -63.73314, 330.1144, 241.0733
2018-04-12T10:17:08.8355961Z, 1, -63.73314, 330.1144, 241.0733
2018-04-12T10:17:08.8401026Z, 1, -63.77809, 329.5241, 241.0566
2018-04-12T10:17:08.8421057Z, 1, -63.77809, 329.5241, 241.0566
2018-04-12T10:17:08.8603022Z, 1, -64.04179, 329.0011, 241.1817
2018-04-12T10:17:08.8755194Z, 1, -65.01368, 329.1839, 241.7921
2018-04-12T10:17:08.8916977Z, 1, -66.49174, 330.2571, 242.9509
2018-04-12T10:17:08.9087714Z, 1, -68.50349, 331.5603, 244.3059
2018-04-12T10:17:08.9248974Z, 1, -70.32997, 333.114, 245.2755
2018-04-12T10:17:08.9263995Z, 1, -70.32997, 333.114, 245.2755
2018-04-12T10:17:08.9348359Z, 1, -70.32997, 333.114, 245.2755
2018-04-12T10:17:08.9512638Z, 1, -72.10887, 333.4301, 245.2771
2018-04-12T10:17:08.9537681Z, 1, -72.8867, 333.4944, 245.3081
2018-04-12T10:17:08.9706039Z, 1, -74.31856, 333.3116, 245.0729
2018-04-12T10:17:08.9867646Z, 1, -74.42171, 332.942, 244.7304
2018-04-12T10:17:08.9892694Z, 1, -74.42171, 332.942, 244.7304
2018-04-12T10:17:08.9932750Z, 1, -74.36862, 332.5195, 244.3196
2018-04-12T10:17:08.9977812Z, 1, -74.29581, 331.7262, 243.7614
2018-04-12T10:17:09.0166622Z, 1, -74.09536, 330.8512, 243.2371
2018-04-12T10:17:09.0335896Z, 1, -73.6831, 328.565, 241.9936
2018-04-12T10:17:09.0500819Z, 1, -73.18653, 326.7364, 241.085
2018-04-12T10:17:09.0641581Z, 1, -72.9915, 325.5031, 240.566
2018-04-12T10:17:09.0806674Z, 1, -72.95623, 324.326, 240.1316
2018-04-12T10:17:09.0826702Z, 1, -72.95623, 324.326, 240.1316
2018-04-12T10:17:09.0898532Z, 1, -73.08526, 323.5459, 240.1782
2018-04-12T10:17:09.0933707Z, 1, -73.08526, 323.5459, 240.1782
2018-04-12T10:17:09.1103778Z, 1, -73.49521, 322.5612, 240.7256
2018-04-12T10:17:09.1273732Z, 1, -73.87871, 321.83, 241.3423
2018-04-12T10:17:09.1434955Z, 1, -73.6813, 321.5891, 241.8113
2018-04-12T10:17:09.1465112Z, 1, -73.6813, 321.5891, 241.8113
2018-04-12T10:17:09.1500048Z, 1, -73.6813, 321.5891, 241.8113
2018-04-12T10:17:09.1560394Z, 1, -73.41232, 321.7101, 241.9915
2018-04-12T10:17:09.1732138Z, 1, -72.61779, 322.787, 242.1791
2018-04-12T10:17:09.1894152Z, 1, -71.62167, 324.714, 242.1088
2018-04-12T10:17:09.2059191Z, 1, -70.12267, 327.1793, 241.8168
2018-04-12T10:17:09.2074088Z, 1, -70.12267, 327.1793, 241.8168
2018-04-12T10:17:09.2149199Z, 1, -69.24759, 328.3997, 241.7884
2018-04-12T10:17:09.2317090Z, 1, -69.24759, 328.3997, 241.7884
2018-04-12T10:17:09.2506668Z, 1, -66.44985, 331.4803, 241.404
2018-04-12T10:17:09.2647999Z, 1, -65.00911, 331.8103, 241.6856
2018-04-12T10:17:09.2662899Z, 1, -65.00911, 331.8103, 241.6856
2018-04-12T10:17:09.2848140Z, 1, -64.64544, 331.4464, 241.5983
2018-04-12T10:17:09.3002884Z, 1, -64.61338, 330.8535, 241.8962
2018-04-12T10:17:09.3022838Z, 1, -64.61338, 330.8535, 241.8962
2018-04-12T10:17:09.3098442Z, 1, -64.80658, 330.567, 242.1177
2018-04-12T10:17:09.3261165Z, 1, -65.34936, 330.454, 242.6859
2018-04-12T10:17:09.3276189Z, 1, -65.34936, 330.454, 242.6859
2018-04-12T10:17:09.3451053Z, 1, -66.03224, 330.641, 243.3079
2018-04-12T10:17:09.3616437Z, 1, -66.59689, 330.7097, 243.5627
2018-04-12T10:17:09.3781684Z, 1, -67.84383, 330.2683, 243.817
2018-04-12T10:17:09.3801729Z, 1, -67.84383, 330.2683, 243.817
2018-04-12T10:17:09.3846796Z, 1, -67.84383, 330.2683, 243.817
2018-04-12T10:17:09.3926920Z, 1, -68.19144, 330.0232, 243.6631
2018-04-12T10:17:09.4090012Z, 1, -68.63126, 329.7796, 243.1064
2018-04-12T10:17:09.4110049Z, 1, -68.63126, 329.7796, 243.1064
2018-04-12T10:17:09.4155131Z, 1, -68.8703, 329.5182, 242.8424
2018-04-12T10:17:09.4225475Z, 1, -69.07344, 329.248, 242.5673
2018-04-12T10:17:09.4400751Z, 1, -69.48595, 328.8051, 241.8301
2018-04-12T10:17:09.4566010Z, 1, -69.69024, 328.429, 241.4308
2018-04-12T10:17:09.4605977Z, 1, -69.95403, 328.1764, 241.2378
2018-04-12T10:17:09.4666170Z, 1, -69.95403, 328.1764, 241.2378
2018-04-12T10:17:09.4836326Z, 1, -70.3254, 327.3002, 240.7267
2018-04-12T10:17:09.5006591Z, 1, -70.54211, 326.5738, 240.4457
2018-04-12T10:17:09.5176855Z, 1, -70.58822, 325.9519, 240.2038
2018-04-12T10:17:09.5377152Z, 1, -70.5919, 325.1319, 239.7658
2018-04-12T10:17:09.5497459Z, 1, -70.51714, 324.3213, 239.7449
2018-04-12T10:17:09.5513918Z, 1, -70.51714, 324.3213, 239.7449
2018-04-12T10:17:09.5562450Z, 1, -70.51714, 324.3213, 239.7449
2018-04-12T10:17:09.5597587Z, 1, -70.51723, 324.2719, 240.139
2018-04-12T10:17:09.5697764Z, 1, -70.4982, 324.3342, 240.6248
2018-04-12T10:17:09.5834121Z, 1, -70.50544, 324.0329, 241.0123
2018-04-12T10:17:09.5898047Z, 1, -70.50544, 324.0329, 241.0123
2018-04-12T10:17:09.6062639Z, 1, -70.26907, 323.7719, 241.7662
2018-04-12T10:17:09.6087679Z, 1, -70.26907, 323.7719, 241.7662
2018-04-12T10:17:09.6284159Z, 1, -69.90714, 323.9786, 242.0339
2018-04-12T10:17:09.6417387Z, 1, -69.26382, 324.7758, 242.6975
2018-04-12T10:17:09.6584581Z, 1, -68.35003, 325.8889, 243.0254
2018-04-12T10:17:09.6749011Z, 1, -67.15631, 326.6754, 242.7509
2018-04-12T10:17:09.6769130Z, 1, -67.15631, 326.6754, 242.7509
2018-04-12T10:17:09.6839150Z, 1, -67.15631, 326.6754, 242.7509
2018-04-12T10:17:09.6889244Z, 1, -66.38279, 327.3238, 242.5939
2018-04-12T10:17:09.7052835Z, 1, -64.44768, 329.4525, 241.6185
2018-04-12T10:17:09.7072868Z, 1, -64.44768, 329.4525, 241.6185
2018-04-12T10:17:09.7161490Z, 1, -63.35374, 329.9897, 240.7907
2018-04-12T10:17:09.7328291Z, 1, -60.50735, 330.5995, 239.5243
2018-04-12T10:17:09.7348327Z, 1, -60.50735, 330.5995, 239.5243
2018-04-12T10:17:09.7518583Z, 1, -57.46886, 329.3451, 237.8654
2018-04-12T10:17:09.7688891Z, 1, -55.90395, 327.6526, 236.4467
2018-04-12T10:17:09.7703915Z, 1, -55.90395, 327.6526, 236.4467
2018-04-12T10:17:09.7779624Z, 1, -55.5421, 326.7665, 235.8399
2018-04-12T10:17:09.7819421Z, 1, -55.5421, 326.7665, 235.8399
2018-04-12T10:17:09.8000979Z, 1, -54.96074, 325.1272, 235.1049
2018-04-12T10:17:09.8170720Z, 1, -55.09099, 324.1714, 234.8606
2018-04-12T10:17:09.8195623Z, 1, -55.09099, 324.1714, 234.8606
2018-04-12T10:17:09.8235688Z, 1, -55.44294, 324.1152, 234.9877
2018-04-12T10:17:09.8280767Z, 1, -55.44294, 324.1152, 234.9877
2018-04-12T10:17:09.8455998Z, 1, -57.16724, 324.4465, 235.509
2018-04-12T10:17:09.8610717Z, 1, -57.85353, 324.9398, 235.9686
2018-04-12T10:17:09.8776542Z, 1, -59.09811, 325.8622, 236.7401
2018-04-12T10:17:09.8825634Z, 1, -59.09811, 325.8622, 236.7401
2018-04-12T10:17:09.8866695Z, 1, -59.77116, 326.1265, 237.0232
2018-04-12T10:17:09.8911749Z, 1, -60.30624, 326.6139, 237.4062
2018-04-12T10:17:09.9075390Z, 1, -60.80815, 327.0909, 237.8352
2018-04-12T10:17:09.9245225Z, 1, -61.93277, 327.6658, 238.0919
2018-04-12T10:17:09.9265225Z, 1, -61.93277, 327.6658, 238.0919
2018-04-12T10:17:09.9331704Z, 1, -62.4826, 327.796, 237.9513
2018-04-12T10:17:09.9376763Z, 1, -62.4826, 327.796, 237.9513
2018-04-12T10:17:09.9547606Z, 1, -64.75605, 327.1987, 237.645
2018-04-12T10:17:09.9718741Z, 1, -65.5726, 326.7686, 237.592
2018-04-12T10:17:09.9766180Z, 1, -66.256, 326.3491, 237.6561
2018-04-12T10:17:09.9778742Z, 1, -66.256, 326.3491, 237.6561
2018-04-12T10:17:09.9853857Z, 1, -66.70274, 326.0294, 237.6976
2018-04-12T10:17:10.0030132Z, 1, -67.26524, 325.6073, 237.9866
2018-04-12T10:17:10.0045137Z, 1, -67.26524, 325.6073, 237.9866
2018-04-12T10:17:10.0120154Z, 1, -67.32782, 325.4099, 237.9386
2018-04-12T10:17:10.0160218Z, 1, -67.32782, 325.4099, 237.9386
2018-04-12T10:17:10.0325115Z, 1, -67.65791, 324.7168, 237.8975
2018-04-12T10:17:10.0556104Z, 1, -68.24586, 323.9886, 238.2835
2018-04-12T10:17:10.0586666Z, 1, -68.24586, 323.9886, 238.2835
2018-04-12T10:17:10.0631221Z, 1, -68.24586, 323.9886, 238.2835
2018-04-12T10:17:10.0797202Z, 1, -68.67872, 323.2911, 239.0159
2018-04-12T10:17:10.0965537Z, 1, -69.10525, 322.3864, 239.5858
2018-04-12T10:17:10.1000596Z, 1, -69.10525, 322.3864, 239.5858
2018-04-12T10:17:10.1040643Z, 1, -69.17959, 322.0518, 239.7168
2018-04-12T10:17:10.1100733Z, 1, -69.17959, 322.0518, 239.7168
2018-04-12T10:17:10.1266036Z, 1, -69.10303, 321.2444, 239.4578
2018-04-12T10:17:10.1435783Z, 1, -68.83257, 321.1849, 239.4542
2018-04-12T10:17:10.1455899Z, 1, -68.48456, 321.9537, 239.6314
2018-04-12T10:17:10.1510911Z, 1, -68.48456, 321.9537, 239.6314
2018-04-12T10:17:10.1570998Z, 1, -67.91407, 322.8433, 239.7066
2018-04-12T10:17:10.1747496Z, 1, -66.24106, 324.7134, 240.2531
2018-04-12T10:17:10.1902056Z, 1, -64.46085, 327.0959, 240.6048
2018-04-12T10:17:10.1922086Z, 1, -64.46085, 327.0959, 240.6048
2018-04-12T10:17:10.1992197Z, 1, -63.20193, 328.2048, 240.4816
2018-04-12T10:17:10.2172995Z, 1, -61.77362, 328.847, 240.2708
2018-04-12T10:17:10.2197847Z, 1, -60.20448, 329.1454, 239.8055
2018-04-12T10:17:10.2366877Z, 1, -56.90038, 328.6868, 238.1587
2018-04-12T10:17:10.2529787Z, 1, -55.49923, 327.2043, 236.7887
2018-04-12T10:17:10.2559830Z, 1, -55.49923, 327.2043, 236.7887
2018-04-12T10:17:10.2617580Z, 1, -55.49923, 327.2043, 236.7887
2018-04-12T10:17:10.2652710Z, 1, -55.40361, 326.4482, 236.2578
2018-04-12T10:17:10.2841428Z, 1, -55.22872, 324.8231, 235.8784
2018-04-12T10:17:10.2991702Z, 1, -55.381, 324.2371, 235.8974
2018-04-12T10:17:10.3200585Z, 1, -56.6822, 323.6879, 236.9897
2018-04-12T10:17:10.3220622Z, 1, -56.6822, 323.6879, 236.9897
2018-04-12T10:17:10.3260746Z, 1, -56.6822, 323.6879, 236.9897
2018-04-12T10:17:10.3428802Z, 1, -58.18384, 324.1903, 237.8854
2018-04-12T10:17:10.3599061Z, 1, -59.86585, 324.7208, 238.65
2018-04-12T10:17:10.3762336Z, 1, -62.2714, 325.7751, 240.0753
2018-04-12T10:17:10.3931496Z, 1, -62.2714, 325.7751, 240.0753
2018-04-12T10:17:10.4093985Z, 1, -65.32823, 327.4363, 242.1749
2018-04-12T10:17:10.4109007Z, 1, -65.32823, 327.4363, 242.1749
2018-04-12T10:17:10.4184289Z, 1, -65.32823, 327.4363, 242.1749
2018-04-12T10:17:10.4229195Z, 1, -66.29237, 327.7043, 242.4386
2018-04-12T10:17:10.4397894Z, 1, -67.63561, 327.9782, 242.305
2018-04-12T10:17:10.4557232Z, 1, -68.95857, 327.6352, 241.7401
2018-04-12T10:17:10.4589174Z, 1, -68.95857, 327.6352, 241.7401
2018-04-12T10:17:10.4632372Z, 1, -68.95857, 327.6352, 241.7401
2018-04-12T10:17:10.4799224Z, 1, -70.51296, 326.0507, 241.5134
2018-04-12T10:17:10.4964227Z, 1, -70.49605, 324.2693, 241.4226
2018-04-12T10:17:10.5014406Z, 1, -70.49605, 324.2693, 241.4226
2018-04-12T10:17:10.5186341Z, 1, -70.36771, 323.1898, 241.8762
2018-04-12T10:17:10.5201366Z, 1, -70.36771, 323.1898, 241.8762
2018-04-12T10:17:10.5261458Z, 1, -70.36771, 323.1898, 241.8762
2018-04-12T10:17:10.5336080Z, 1, -70.53663, 322.5659, 241.9244
2018-04-12T10:17:10.5520760Z, 1, -70.81982, 320.7355, 241.8864
2018-04-12T10:17:10.5550803Z, 1, -70.87572, 319.7021, 241.702
2018-04-12T10:17:10.5590879Z, 1, -70.87572, 319.7021, 241.702
2018-04-12T10:17:10.5630935Z, 1, -70.89082, 318.4343, 241.467
2018-04-12T10:17:10.5801188Z, 1, -71.1296, 316.3302, 241.5153
2018-04-12T10:17:10.5971464Z, 1, -70.90782, 315.2488, 240.9938
2018-04-12T10:17:10.6011518Z, 1, -70.90782, 315.2488, 240.9938
2018-04-12T10:17:10.6061589Z, 1, -70.90782, 315.2488, 240.9938
2018-04-12T10:17:10.6226847Z, 1, -70.16681, 315.4709, 239.1996
2018-04-12T10:17:10.6246875Z, 1, -69.82397, 315.6103, 236.7917
2018-04-12T10:17:10.6417237Z, 1, -69.33792, 314.4512, 229.8609
2018-04-12T10:17:10.6587441Z, 1, -69.37069, 313.239, 226.9319
2018-04-12T10:17:10.6747645Z, 1, -68.80014, 311.4248, 223.1395
2018-04-12T10:17:10.6767679Z, 1, -68.80014, 311.4248, 223.1395
2018-04-12T10:17:10.6836463Z, 1, -68.80014, 311.4248, 223.1395
2018-04-12T10:17:10.6886549Z, 1, -67.5594, 309.2438, 221.557
2018-04-12T10:17:10.7048748Z, 1, -66.55866, 307.5192, 222.1526
2018-04-12T10:17:10.7221557Z, 1, -59.12486, 311.4803, 233.8596
2018-04-12T10:17:10.7251480Z, 1, -58.04666, 310.3204, 223.29
2018-04-12T10:17:10.7307312Z, 1, -58.04666, 310.3204, 223.29
2018-04-12T10:17:10.7342456Z, 1, -58.04666, 310.3204, 223.29
2018-04-12T10:17:10.7512843Z, 1, -52.67857, 305.6612, 214.5622
2018-04-12T10:17:10.7678981Z, 1, -50.12582, 302.7859, 212.0932
2018-04-12T10:17:10.7847854Z, 1, -49.29388, 301.6736, 211.3114
2018-04-12T10:17:10.7872854Z, 1, -48.59087, 301.0045, 211.0604
2018-04-12T10:17:10.7917927Z, 1, -48.59087, 301.0045, 211.0604
2018-04-12T10:17:10.8079392Z, 1, -47.32559, 300.7375, 212.1368
2018-04-12T10:17:10.8124471Z, 1, -47.32559, 300.7375, 212.1368
2018-04-12T10:17:10.8291121Z, 1, -47.06799, 301.5346, 213.2358
2018-04-12T10:17:10.8457233Z, 1, -47.79159, 302.0206, 213.4946
2018-04-12T10:17:10.8622088Z, 1, -48.26983, 304.1633, 213.9025
2018-04-12T10:17:10.8632200Z, 1, -48.26983, 304.1633, 213.9025
2018-04-12T10:17:10.8712545Z, 1, -47.68131, 305.0436, 213.5904
2018-04-12T10:17:10.8762616Z, 1, -47.68131, 305.0436, 213.5904
2018-04-12T10:17:10.8932844Z, 1, -46.80551, 306.222, 213.2511
2018-04-12T10:17:10.8982935Z, 1, -46.68715, 306.706, 213.3541
2018-04-12T10:17:10.9043002Z, 1, -46.68715, 306.706, 213.3541
2018-04-12T10:17:10.9073441Z, 1, -46.76777, 307.479, 213.6936
2018-04-12T10:17:10.9241537Z, 1, -47.70119, 308.64, 214.0816
2018-04-12T10:17:10.9281709Z, 1, -47.70119, 308.64, 214.0816
2018-04-12T10:17:10.9356573Z, 1, -47.70119, 308.64, 214.0816
2018-04-12T10:17:10.9376598Z, 1, -48.58976, 309.6164, 214.2241
2018-04-12T10:17:10.9548650Z, 1, -50.52921, 311.0234, 214.4285
2018-04-12T10:17:10.9711956Z, 1, -52.91111, 312.026, 215.0439
2018-04-12T10:17:10.9731990Z, 1, -52.91111, 312.026, 215.0439
2018-04-12T10:17:10.9777058Z, 1, -52.91111, 312.026, 215.0439
2018-04-12T10:17:10.9822125Z, 1, -54.16858, 312.3282, 215.5499
2018-04-12T10:17:10.9992675Z, 1, -56.85079, 312.5544, 216.0207
2018-04-12T10:17:11.0162834Z, 1, -57.9391, 313.13, 216.6971
2018-04-12T10:17:11.0325016Z, 1, -60.1083, 315.5125, 219.3069
2018-04-12T10:17:11.0498636Z, 1, -60.53569, 316.3565, 220.064
2018-04-12T10:17:11.0664372Z, 1, -61.89306, 316.9276, 221.7216
2018-04-12T10:17:11.0714447Z, 1, -62.66354, 317.2038, 222.4548
2018-04-12T10:17:11.0734483Z, 1, -62.66354, 317.2038, 222.4548
2018-04-12T10:17:11.0901868Z, 1, -64.04559, 315.9507, 222.6927
2018-04-12T10:17:11.0942669Z, 1, -64.04559, 315.9507, 222.6927
2018-04-12T10:17:11.1087697Z, 1, -65.10068, 314.0931, 222.9007
2018-04-12T10:17:11.1112974Z, 1, -65.10068, 314.0931, 222.9007
2018-04-12T10:17:11.1272981Z, 1, -65.8133, 313.2038, 223.7532
2018-04-12T10:17:11.1308039Z, 1, -65.89304, 313.23, 224.4539
2018-04-12T10:17:11.1378147Z, 1, -65.89304, 313.23, 224.4539
2018-04-12T10:17:11.1543289Z, 1, -65.52785, 312.6678, 225.1465
2018-04-12T10:17:11.1568329Z, 1, -64.98739, 312.7024, 225.4595
2018-04-12T10:17:11.1758931Z, 1, -64.36211, 313.5025, 226.136
2018-04-12T10:17:11.1900974Z, 1, -62.58503, 315.1547, 227.1962
2018-04-12T10:17:11.1920999Z, 1, -62.58503, 315.1547, 227.1962
2018-04-12T10:17:11.1986741Z, 1, -61.71319, 316.0029, 227.8391
2018-04-12T10:17:11.2028297Z, 1, -60.84262, 317.7553, 228.6797
2018-04-12T10:17:11.2198570Z, 1, -59.70032, 327.6206, 242.7751
2018-04-12T10:17:11.2367551Z, 1, -56.97613, 333.3289, 247.0714
2018-04-12T10:17:11.2532815Z, 1, -57.4286, 337.8229, 250.231
2018-04-12T10:17:11.2563601Z, 1, -57.4286, 337.8229, 250.231
2018-04-12T10:17:11.2617939Z, 1, -57.48029, 340.6011, 251.2733
2018-04-12T10:17:11.2658157Z, 1, -56.71001, 342.0887, 251.6772
2018-04-12T10:17:11.2831538Z, 1, -55.35441, 342.9008, 251.4166
2018-04-12T10:17:11.2994343Z, 1, -52.01379, 343.9875, 250.3406
2018-04-12T10:17:11.3044432Z, 1, -49.2603, 343.6648, 248.8299
2018-04-12T10:17:11.3099506Z, 1, -49.2603, 343.6648, 248.8299
2018-04-12T10:17:11.3263174Z, 1, -45.52657, 345.1154, 250.3838
2018-04-12T10:17:11.3283114Z, 1, -45.52657, 345.1154, 250.3838
2018-04-12T10:17:11.3447982Z, 1, -46.97116, 343.4336, 255.1653
2018-04-12T10:17:11.3619377Z, 1, -49.72869, 344.2347, 255.5861
2018-04-12T10:17:11.3639416Z, 1, -49.72869, 344.2347, 255.5861
2018-04-12T10:17:11.3715444Z, 1, -51.2081, 346.7428, 254.3602
2018-04-12T10:17:11.3750596Z, 1, -51.69576, 348.6382, 252.9628
2018-04-12T10:17:11.3927936Z, 1, -66.76054, 349.1456, 257.6837
2018-04-12T10:17:11.4098764Z, 1, -74.56105, 365.7761, 260.7343
2018-04-12T10:17:11.4124504Z, 1, -74.56105, 365.7761, 260.7343
2018-04-12T10:17:11.4163877Z, 1, -77.37532, 369.0447, 260.9666
2018-04-12T10:17:11.4239002Z, 1, -77.37532, 369.0447, 260.9666
2018-04-12T10:17:11.4403925Z, 1, -79.25817, 365.3865, 267.5031
2018-04-12T10:17:11.4423956Z, 1, -79.25817, 365.3865, 267.5031
2018-04-12T10:17:11.4494715Z, 1, -79.25817, 365.3865, 267.5031
2018-04-12T10:17:11.4524098Z, 1, -78.43786, 357.4004, 272.5413
2018-04-12T10:17:11.4690290Z, 1, -76.68169, 338.3379, 283.4688
2018-04-12T10:17:11.4850676Z, 1, -74.96494, 305.6141, 276.4231
2018-04-12T10:17:11.5022719Z, 1, -73.07809, 302.4937, 270.9619
2018-04-12T10:17:11.5192404Z, 1, -71.96331, 298.0736, 265.6885
2018-04-12T10:17:11.5207428Z, 1, -71.96331, 298.0736, 265.6885
2018-04-12T10:17:11.5282539Z, 1, -71.96331, 298.0736, 265.6885
2018-04-12T10:17:11.5327912Z, 1, -72.0844, 297.2726, 265.5373
2018-04-12T10:17:11.5492091Z, 1, -72.37708, 296.8223, 265.8011
2018-04-12T10:17:11.5517131Z, 1, -72.37708, 296.8223, 265.8011
2018-04-12T10:17:11.5586049Z, 1, -72.37708, 296.8223, 265.8011
2018-04-12T10:17:11.5631146Z, 1, -72.37708, 296.8223, 265.8011
2018-04-12T10:17:11.5801314Z, 1, -74.22393, 297.472, 269.005
2018-04-12T10:17:11.5965661Z, 1, -74.63539, 297.4196, 269.8416
2018-04-12T10:17:11.5990690Z, 1, -74.63539, 297.4196, 269.8416
2018-04-12T10:17:11.6051036Z, 1, -74.92387, 297.5624, 270.2119
2018-04-12T10:17:11.6231802Z, 1, -75.35261, 297.7922, 270.5803
2018-04-12T10:17:11.6246827Z, 1, -75.35261, 297.7922, 270.5803
2018-04-12T10:17:11.6418201Z, 1, -74.94846, 297.3859, 270.3741
2018-04-12T10:17:11.6587251Z, 1, -74.63261, 296.8738, 269.2931
2018-04-12T10:17:11.6747708Z, 1, -75.38386, 296.4434, 268.1642
2018-04-12T10:17:11.6767767Z, 1, -75.38386, 296.4434, 268.1642
2018-04-12T10:17:11.6833896Z, 1, -75.38386, 296.4434, 268.1642
2018-04-12T10:17:11.6870505Z, 1, -75.38386, 296.4434, 268.1642
2018-04-12T10:17:11.7039851Z, 1, -75.68858, 296.0634, 267.4749
2018-04-12T10:17:11.7210241Z, 1, -76.06569, 296.2219, 267.5519
2018-04-12T10:17:11.7375408Z, 1, -77.38023, 294.4959, 263.1361
2018-04-12T10:17:11.7390393Z, 1, -77.38023, 294.4959, 263.1361
2018-04-12T10:17:11.7440484Z, 1, -77.38023, 294.4959, 263.1361
2018-04-12T10:17:11.7515595Z, 1, -72.74033, 298.8455, 258.729
2018-04-12T10:17:11.7690869Z, 1, -60.10682, 300.9116, 231.8291
2018-04-12T10:17:11.7715943Z, 1, -60.10682, 300.9116, 231.8291
2018-04-12T10:17:11.7750950Z, 1, -54.119, 301.8199, 220.6779
2018-04-12T10:17:11.7831070Z, 1, -54.119, 301.8199, 220.6779
2018-04-12T10:17:11.8111498Z, 0.9639609, 35.23983, 133.0407, 60.7215
2018-04-12T10:17:11.8131529Z, 0.9639609, 35.23983, 133.0407, 60.7215
2018-04-12T10:17:11.8301165Z, 0.9703187, 29.60992, 135.2528, 62.59793
2018-04-12T10:17:11.8463486Z, 0.9752253, 24.4639, 137.1429, 64.16283
2018-04-12T10:17:11.8478508Z, 0.9752253, 24.4639, 137.1429, 64.16283
2018-04-12T10:17:11.8558634Z, 0.9774707, 22.25138, 138.1042, 65.3188
2018-04-12T10:17:11.8725978Z, 0.9813318, 18.02082, 139.4057, 67.56479
2018-04-12T10:17:11.8892930Z, 0.9845753, 14.3069, 140.7978, 69.28107
2018-04-12T10:17:11.8907952Z, 0.9845753, 14.3069, 140.7978, 69.28107
2018-04-12T10:17:11.9074881Z, 0.9872081, 11.12087, 142.1013, 70.34872
2018-04-12T10:17:11.9245772Z, 0.9883751, 9.676833, 142.6818, 70.7604
2018-04-12T10:17:11.9265948Z, 0.9894159, 8.385056, 143.223, 71.20847
2018-04-12T10:17:11.9311408Z, 0.9894159, 8.385056, 143.223, 71.20847
2018-04-12T10:17:11.9371526Z, 1, 7.252076, 143.6809, 71.54961
2018-04-12T10:17:11.9539073Z, 1, 5.435106, 144.3429, 72.38931
2018-04-12T10:17:11.9708020Z, 1, 4.17466, 144.894, 73.01807
2018-04-12T10:17:11.9868397Z, 1, 3.713748, 145.1361, 73.24677
2018-04-12T10:17:11.9908462Z, 1, 3.322498, 145.376, 73.41702
2018-04-12T10:17:11.9954676Z, 1, 3.322498, 145.376, 73.41702
2018-04-12T10:17:12.0130363Z, 1, 2.829973, 145.6082, 73.39573
2018-04-12T10:17:12.0165415Z, 1, 2.829973, 145.6082, 73.39573
2018-04-12T10:17:12.0336562Z, 1, 2.601963, 145.7604, 73.27194
2018-04-12T10:17:12.0503304Z, 1, 2.692553, 145.7554, 73.24548
2018-04-12T10:17:12.0523323Z, 1, 2.705796, 145.721, 73.21019
2018-04-12T10:17:12.0599040Z, 1, 2.705796, 145.721, 73.21019
2018-04-12T10:17:12.0772589Z, 1, 2.912896, 145.6281, 73.00745
2018-04-12T10:17:12.0794080Z, 1, 3.030603, 145.5636, 72.89811
2018-04-12T10:17:12.0966824Z, 1, 3.354509, 145.5057, 72.68069
2018-04-12T10:17:12.0981851Z, 1, 3.354509, 145.5057, 72.68069
2018-04-12T10:17:12.1056965Z, 1, 3.354509, 145.5057, 72.68069
2018-04-12T10:17:12.1102019Z, 1, 3.531724, 145.492, 72.58868
2018-04-12T10:17:12.1267397Z, 1, 3.90483, 145.4873, 72.56086
2018-04-12T10:17:12.1432539Z, 1, 4.285219, 145.4516, 72.56077
2018-04-12T10:17:12.1447566Z, 1, 4.285219, 145.4516, 72.56077
2018-04-12T10:17:12.1522825Z, 1, 4.446073, 145.4106, 72.57471
2018-04-12T10:17:12.1692526Z, 1, 4.599954, 145.3651, 72.58546
2018-04-12T10:17:12.1728905Z, 1, 4.742621, 145.3338, 72.61705
2018-04-12T10:17:12.1895547Z, 1, 4.986351, 145.2803, 72.68671
2018-04-12T10:17:12.1930497Z, 1, 4.986351, 145.2803, 72.68671
2018-04-12T10:17:12.2000610Z, 1, 4.986351, 145.2803, 72.68671
2018-04-12T10:17:12.2025647Z, 1, 5.094144, 145.2603, 72.70758
2018-04-12T10:17:12.2189898Z, 1, 5.288405, 145.1938, 72.75488
2018-04-12T10:17:12.2379491Z, 1, 5.46591, 145.2305, 72.74152
2018-04-12T10:17:12.2524809Z, 1, 5.638257, 145.3675, 72.67951
2018-04-12T10:17:12.2549738Z, 1, 5.638257, 145.3675, 72.67951
2018-04-12T10:17:12.2620094Z, 1, 5.731887, 145.3922, 72.66806
2018-04-12T10:17:12.2660417Z, 1, 5.731887, 145.3922, 72.66806
2018-04-12T10:17:12.2853342Z, 1, 5.910965, 145.4914, 72.68624
2018-04-12T10:17:12.3095035Z, 1, 6.141644, 145.6553, 72.70402
2018-04-12T10:17:12.3125076Z, 1, 6.141644, 145.6553, 72.70402
2018-04-12T10:17:12.3291874Z, 1, 6.2521, 145.7316, 72.72779
2018-04-12T10:17:12.3453711Z, 1, 6.303832, 145.8072, 72.77811
2018-04-12T10:17:12.3621255Z, 1, 6.327635, 145.8929, 72.88762
2018-04-12T10:17:12.3661285Z, 1, 6.327635, 145.8929, 72.88762
2018-04-12T10:17:12.3681316Z, 1, 6.327635, 145.8929, 72.88762
2018-04-12T10:17:12.3761431Z, 1, 6.327635, 145.8929, 72.88762
2018-04-12T10:17:12.3899452Z, 1, 6.273353, 146.1634, 73.05595
2018-04-12T10:17:12.4061600Z, 1, 6.17113, 146.2881, 73.08186
2018-04-12T10:17:12.4081716Z, 1, 6.17113, 146.2881, 73.08186
2018-04-12T10:17:12.4246900Z, 1, 6.065907, 146.4291, 73.11617
2018-04-12T10:17:12.4287047Z, 1, 6.065907, 146.4291, 73.11617
2018-04-12T10:17:12.4322026Z, 1, 6.017688, 146.4663, 73.11819
2018-04-12T10:17:12.4382107Z, 1, 6.017688, 146.4663, 73.11819
2018-04-12T10:17:12.4551489Z, 1, 5.909906, 146.5376, 73.12241
2018-04-12T10:17:12.4717923Z, 1, 5.866787, 146.6129, 73.08913
2018-04-12T10:17:12.4762988Z, 1, 5.866787, 146.6129, 73.08913
2018-04-12T10:17:12.4808059Z, 1, 5.85928, 146.6639, 73.10191
2018-04-12T10:17:12.4972583Z, 1, 5.811244, 146.7081, 73.07032
2018-04-12T10:17:12.5017653Z, 1, 5.811244, 146.7081, 73.07032
2018-04-12T10:17:12.5188359Z, 1, 5.76916, 146.73, 73.06621
2018-04-12T10:17:12.5203384Z, 1, 5.76916, 146.73, 73.06621
2018-04-12T10:17:12.5268602Z, 1, 5.751563, 146.6969, 73.0349
2018-04-12T10:17:12.5323577Z, 1, 5.751563, 146.6969, 73.0349
2018-04-12T10:17:12.5494607Z, 1, 5.736344, 146.6705, 72.98158
2018-04-12T10:17:12.5514638Z, 1, 5.725473, 146.6885, 72.94463
2018-04-12T10:17:12.5594548Z, 1, 5.725473, 146.6885, 72.94463
2018-04-12T10:17:12.5768743Z, 1, 5.785299, 146.5687, 72.42315
2018-04-12T10:17:12.5783767Z, 1, 5.785299, 146.5687, 72.42315
2018-04-12T10:17:12.5954695Z, 1, 6.084287, 146.43, 71.66967
2018-04-12T10:17:12.6119188Z, 1, 6.821508, 146.3586, 70.47263
2018-04-12T10:17:12.6139213Z, 1, 6.821508, 146.3586, 70.47263
2018-04-12T10:17:12.6209310Z, 1, 6.821508, 146.3586, 70.47263
2018-04-12T10:17:12.6377084Z, 1, 8.126784, 146.4356, 68.58465
2018-04-12T10:17:12.6402118Z, 1, 9.054527, 146.7141, 67.2234
2018-04-12T10:17:12.6567766Z, 1, 10.1203, 147.1441, 65.66313
2018-04-12T10:17:12.6732680Z, 1, 12.77518, 148.1246, 61.46144
2018-04-12T10:17:12.6895019Z, 1, 16.22442, 149.8676, 55.90548
2018-04-12T10:17:12.7059304Z, 1, 18.06974, 150.7804, 52.95607
2018-04-12T10:17:12.7074209Z, 1, 18.06974, 150.7804, 52.95607
2018-04-12T10:17:12.7152032Z, 1, 18.06974, 150.7804, 52.95607
2018-04-12T10:17:12.7187099Z, 1, 18.06974, 150.7804, 52.95607
2018-04-12T10:17:12.7357116Z, 1, 26.57014, 154.3652, 40.18941
2018-04-12T10:17:12.7523043Z, 1, 31.6772, 156.5479, 33.32833
2018-04-12T10:17:12.7538065Z, 1, 31.6772, 156.5479, 33.32833
2018-04-12T10:17:12.7613074Z, 1, 34.36483, 157.537, 30.10133
2018-04-12T10:17:12.7780876Z, 1, 39.68544, 159.2654, 23.41538
2018-04-12T10:17:12.7800899Z, 1, 39.68544, 159.2654, 23.41538
2018-04-12T10:17:12.7970953Z, 1, 44.88306, 160.2939, 16.59008
2018-04-12T10:17:12.8142185Z, 1, 49.76886, 161.3828, 9.576568
2018-04-12T10:17:12.8447884Z, 1, 56.35062, 163.9981, -0.8447871
2018-04-12T10:17:12.8468188Z, 1, 56.35062, 163.9981, -0.8447871
2018-04-12T10:17:12.8513270Z, 1, 58.31366, 164.7263, -4.381344
2018-04-12T10:17:12.8553500Z, 1, 58.31366, 164.7263, -4.381344
2018-04-12T10:17:12.8718573Z, 1, 62.1287, 166.5313, -10.89854
2018-04-12T10:17:12.8758649Z, 1, 63.79497, 167.3072, -14.01102
2018-04-12T10:17:12.8928908Z, 1, 66.74344, 168.5572, -19.41126
2018-04-12T10:17:12.9094149Z, 1, 68.08992, 169.6393, -21.43935
2018-04-12T10:17:12.9119206Z, 1, 69.54185, 170.1313, -23.41678
2018-04-12T10:17:12.9164260Z, 1, 69.54185, 170.1313, -23.41678
2018-04-12T10:17:12.9224349Z, 1, 70.7208, 170.7375, -25.31431
2018-04-12T10:17:12.9395041Z, 1, 73.04085, 171.6626, -28.30651
2018-04-12T10:17:12.9558415Z, 1, 75.16643, 172.6271, -30.94592
2018-04-12T10:17:12.9593670Z, 1, 75.16643, 172.6271, -30.94592
2018-04-12T10:17:12.9653753Z, 1, 75.16643, 172.6271, -30.94592
2018-04-12T10:17:12.9693653Z, 1, 76.00493, 172.9213, -32.07107
2018-04-12T10:17:12.9857858Z, 1, 77.36749, 173.1611, -34.02486
2018-04-12T10:17:13.0026814Z, 1, 78.33289, 173.1927, -35.6338
2018-04-12T10:17:13.0053726Z, 1, 78.33289, 173.1927, -35.6338
2018-04-12T10:17:13.0091864Z, 1, 78.33289, 173.1927, -35.6338
2018-04-12T10:17:13.0157148Z, 1, 78.67445, 173.3082, -36.45566
2018-04-12T10:17:13.0337573Z, 1, 79.01743, 173.0471, -37.48541
2018-04-12T10:17:13.0486634Z, 1, 79.257, 172.6911, -38.24978
2018-04-12T10:17:13.0676059Z, 1, 79.42496, 172.6998, -38.79849
2018-04-12T10:17:13.0705948Z, 1, 79.42496, 172.6998, -38.79849
2018-04-12T10:17:13.0735977Z, 1, 79.42496, 172.6998, -38.79849
2018-04-12T10:17:13.0776070Z, 1, 79.46316, 172.7107, -38.92526
2018-04-12T10:17:13.0944411Z, 1, 79.50797, 172.7411, -39.04288
2018-04-12T10:17:13.1117055Z, 1, 79.61021, 172.9839, -39.10889
2018-04-12T10:17:13.1277296Z, 1, 79.53181, 173.0277, -38.93778
2018-04-12T10:17:13.1297321Z, 1, 79.53181, 173.0277, -38.93778
2018-04-12T10:17:13.1362431Z, 1, 79.45229, 173.0056, -38.72837
2018-04-12T10:17:13.1403153Z, 1, 79.45229, 173.0056, -38.72837
2018-04-12T10:17:13.1571650Z, 1, 79.36117, 173.1308, -38.36892
2018-04-12T10:17:13.1736396Z, 1, 79.25591, 173.2062, -37.98675
2018-04-12T10:17:13.1906809Z, 1, 79.13967, 173.3033, -37.627
2018-04-12T10:17:13.1921973Z, 1, 79.13967, 173.3033, -37.627
2018-04-12T10:17:13.1992058Z, 1, 79.13967, 173.3033, -37.627
2018-04-12T10:17:13.2039160Z, 1, 79.11655, 173.3431, -37.48945
2018-04-12T10:17:13.2210751Z, 1, 79.0983, 173.4306, -37.25709
2018-04-12T10:17:13.2373354Z, 1, 79.34356, 173.8712, -37.0426
2018-04-12T10:17:13.2393394Z, 1, 79.34356, 173.8712, -37.0426
2018-04-12T10:17:13.2468494Z, 1, 79.34356, 173.8712, -37.0426
2018-04-12T10:17:13.2636595Z, 1, 79.45232, 173.9218, -36.58776
2018-04-12T10:17:13.2651711Z, 1, 79.45232, 173.9218, -36.58776
2018-04-12T10:17:13.2840242Z, 1, 79.48084, 173.7772, -36.36251
2018-04-12T10:17:13.2989781Z, 1, 79.55492, 173.5458, -36.1214
2018-04-12T10:17:13.3155242Z, 1, 79.62164, 173.4387, -36.02394
2018-04-12T10:17:13.3195317Z, 1, 79.60023, 173.1751, -35.85307
2018-04-12T10:17:13.3245576Z, 1, 79.60023, 173.1751, -35.85307
2018-04-12T10:17:13.3447934Z, 1, 79.82726, 172.9824, -35.66146
2018-04-12T10:17:13.3583023Z, 1, 80.13831, 172.8546, -35.51638
2018-04-12T10:17:13.3603051Z, 1, 80.13831, 172.8546, -35.51638
2018-04-12T10:17:13.3772474Z, 1, 80.47143, 172.8271, -35.42069
2018-04-12T10:17:13.3797514Z, 1, 80.47143, 172.8271, -35.42069
2018-04-12T10:17:13.3842573Z, 1, 80.6955, 172.8741, -35.39816
2018-04-12T10:17:13.3917505Z, 1, 80.96246, 172.9799, -35.40219
2018-04-12T10:17:13.4080594Z, 1, 81.51154, 173.2018, -35.39086
2018-04-12T10:17:13.4250486Z, 1, 82.09924, 173.3925, -35.33509
2018-04-12T10:17:13.4265505Z, 1, 82.09924, 173.3925, -35.33509
2018-04-12T10:17:13.4345771Z, 1, 82.38766, 173.4964, -35.34448
2018-04-12T10:17:13.4514735Z, 1, 82.7041, 173.6472, -35.32237
2018-04-12T10:17:13.4534777Z, 1, 82.7041, 173.6472, -35.32237
2018-04-12T10:17:13.4704105Z, 1, 83.48189, 173.9167, -35.3323
2018-04-12T10:17:13.4862479Z, 1, 83.69266, 173.9425, -35.33832
2018-04-12T10:17:13.4907416Z, 1, 83.92833, 173.981, -35.31426
2018-04-12T10:17:13.4957496Z, 1, 83.92833, 173.981, -35.31426
2018-04-12T10:17:13.5132448Z, 1, 84.32271, 174.0814, -35.26355
2018-04-12T10:17:13.5177504Z, 1, 84.32271, 174.0814, -35.26355
2018-04-12T10:17:13.5322251Z, 1, 84.70258, 174.1508, -35.25639
2018-04-12T10:17:13.5497618Z, 1, 85.04885, 174.2708, -35.25238
2018-04-12T10:17:13.5668427Z, 1, 85.30872, 174.293, -35.21531
2018-04-12T10:17:13.5698405Z, 1, 85.30872, 174.293, -35.21531
2018-04-12T10:17:13.5750064Z, 1, 85.41481, 174.2814, -35.17896
2018-04-12T10:17:13.5795269Z, 1, 85.46576, 174.2217, -35.11963
2018-04-12T10:17:13.5960174Z, 1, 85.5476, 174.2063, -35.08338
2018-04-12T10:17:13.6005259Z, 1, 85.6134, 174.1726, -35.04449
2018-04-12T10:17:13.6067201Z, 1, 85.6134, 174.1726, -35.04449
2018-04-12T10:17:13.6090374Z, 1, 85.6134, 174.1726, -35.04449
2018-04-12T10:17:13.6269835Z, 1, 85.79649, 174.0292, -34.85573
2018-04-12T10:17:13.6424047Z, 1, 85.91299, 174.0864, -34.80805
2018-04-12T10:17:13.6585475Z, 1, 85.97165, 174.0731, -34.78353
2018-04-12T10:17:13.6605511Z, 1, 85.97165, 174.0731, -34.78353
2018-04-12T10:17:13.6665601Z, 1, 86.0161, 174.098, -34.75093
2018-04-12T10:17:13.6740795Z, 1, 86.05982, 174.0954, -34.70555
2018-04-12T10:17:13.6909921Z, 1, 86.17771, 174.1453, -34.57997
2018-04-12T10:17:13.6924846Z, 1, 86.17771, 174.1453, -34.57997
2018-04-12T10:17:13.6969080Z, 1, 86.21831, 174.1781, -34.52934
2018-04-12T10:17:13.7039082Z, 1, 86.21831, 174.1781, -34.52934
2018-04-12T10:17:13.7209216Z, 1, 86.2696, 174.1743, -34.4674
2018-04-12T10:17:13.7378018Z, 1, 86.43592, 174.2551, -34.37233
2018-04-12T10:17:13.7393042Z, 1, 86.43592, 174.2551, -34.37233
2018-04-12T10:17:13.7433115Z, 1, 86.5152, 174.3173, -34.33668
2018-04-12T10:17:13.7478177Z, 1, 86.5152, 174.3173, -34.33668
2018-04-12T10:17:13.7670687Z, 1, 86.71182, 174.4685, -34.26586
2018-04-12T10:17:13.7816214Z, 1, 86.89806, 174.6391, -34.26808
2018-04-12T10:17:13.8001469Z, 1, 87.09605, 174.7776, -34.21388
2018-04-12T10:17:13.8171463Z, 1, 87.23593, 174.9033, -34.15763
2018-04-12T10:17:13.8313645Z, 1, 87.3003, 174.9687, -34.15886
2018-04-12T10:17:13.8368734Z, 1, 87.3643, 175.0231, -34.14863
2018-04-12T10:17:13.8424017Z, 1, 87.3643, 175.0231, -34.14863
2018-04-12T10:17:13.8588916Z, 1, 87.46234, 175.109, -34.09368
2018-04-12T10:17:13.8608944Z, 1, 87.46234, 175.109, -34.09368
2018-04-12T10:17:13.8774334Z, 1, 87.65453, 175.4973, -34.146
2018-04-12T10:17:13.8794282Z, 1, 87.65453, 175.4973, -34.146
2018-04-12T10:17:13.8839347Z, 1, 87.65453, 175.4973, -34.146
2018-04-12T10:17:13.8889430Z, 1, 87.65453, 175.4973, -34.146
2018-04-12T10:17:13.9080969Z, 1, 87.78476, 175.8665, -34.05301
2018-04-12T10:17:13.9226060Z, 1, 87.81873, 176.2479, -33.88647
2018-04-12T10:17:13.9391076Z, 1, 87.7915, 176.3138, -33.83931
2018-04-12T10:17:13.9556329Z, 1, 87.74799, 176.4415, -33.7205
2018-04-12T10:17:13.9721599Z, 1, 87.70101, 176.4261, -33.64275
2018-04-12T10:17:13.9741632Z, 1, 87.66212, 176.4138, -33.61919
2018-04-12T10:17:13.9791712Z, 1, 87.66212, 176.4138, -33.61919
2018-04-12T10:17:13.9831771Z, 1, 87.63847, 176.3885, -33.575
2018-04-12T10:17:14.0002018Z, 1, 87.61562, 176.4011, -33.46766
2018-04-12T10:17:14.0167271Z, 1, 87.60132, 176.4078, -33.37467
2018-04-12T10:17:14.0332527Z, 1, 87.62257, 176.4454, -33.25536
2018-04-12T10:17:14.0502914Z, 1, 87.64997, 176.4806, -33.1482
2018-04-12T10:17:14.0517995Z, 1, 87.64997, 176.4806, -33.1482
2018-04-12T10:17:14.0587915Z, 1, 87.69353, 176.5307, -33.09074
2018-04-12T10:17:14.0622968Z, 1, 87.69353, 176.5307, -33.09074
2018-04-12T10:17:14.0791516Z, 1, 87.77407, 176.5871, -32.94684
2018-04-12T10:17:14.0959692Z, 1, 87.84588, 176.6647, -32.82417
2018-04-12T10:17:14.1125257Z, 1, 87.92506, 176.7631, -32.68322
2018-04-12T10:17:14.1145177Z, 1, 87.92506, 176.7631, -32.68322
2018-04-12T10:17:14.1205267Z, 1, 87.92506, 176.7631, -32.68322
2018-04-12T10:17:14.1372190Z, 1, 87.97572, 176.8572, -32.60953
2018-04-12T10:17:14.1387215Z, 1, 87.97572, 176.8572, -32.60953
2018-04-12T10:17:14.1560886Z, 1, 88.03226, 176.9684, -32.45084
2018-04-12T10:17:14.1726013Z, 1, 88.01533, 177.049, -32.28691
2018-04-12T10:17:14.1892575Z, 1, 87.96899, 177.1022, -32.12588
2018-04-12T10:17:14.2054842Z, 1, 87.92332, 177.1481, -31.95597
2018-04-12T10:17:14.2069867Z, 1, 87.92332, 177.1481, -31.95597
2018-04-12T10:17:14.2144978Z, 1, 87.90203, 177.1464, -31.88787
2018-04-12T10:17:14.2185034Z, 1, 87.90203, 177.1464, -31.88787
2018-04-12T10:17:14.2355213Z, 1, 87.93684, 177.1435, -31.73903
2018-04-12T10:17:14.2524957Z, 1, 87.97035, 177.2003, -31.6754
2018-04-12T10:17:14.2689695Z, 1, 87.98442, 177.1647, -31.6026
2018-04-12T10:17:14.2704733Z, 1, 87.98442, 177.1647, -31.6026
2018-04-12T10:17:14.2775388Z, 1, 87.99273, 177.1314, -31.54571
2018-04-12T10:17:14.2815478Z, 1, 87.99273, 177.1314, -31.54571
2018-04-12T10:17:14.2986534Z, 1, 88.02863, 177.1007, -31.43551
2018-04-12T10:17:14.3151396Z, 1, 88.02573, 177.0581, -31.3492
2018-04-12T10:17:14.3166538Z, 1, 88.02573, 177.0581, -31.3492
2018-04-12T10:17:14.3206616Z, 1, 88.03178, 177.0496, -31.32682
2018-04-12T10:17:14.3261404Z, 1, 88.03178, 177.0496, -31.32682
2018-04-12T10:17:14.3665754Z, 1, 87.9634, 177.0314, -31.18369
2018-04-12T10:17:14.3685782Z, 1, 87.9634, 177.0314, -31.18369
2018-04-12T10:17:14.3725741Z, 1, 87.9634, 177.0314, -31.18369
2018-04-12T10:17:14.3765811Z, 1, 87.94843, 177.0396, -31.15248
2018-04-12T10:17:14.3943000Z, 1, 87.93995, 177.0437, -31.07927
2018-04-12T10:17:14.3958025Z, 1, 87.93995, 177.0437, -31.07927
2018-04-12T10:17:14.4028261Z, 1, 87.89978, 177.0084, -31.05213
2018-04-12T10:17:14.4203531Z, 1, 87.86663, 176.9645, -31.01494
2018-04-12T10:17:14.4228449Z, 1, 87.83357, 176.9411, -30.97045
2018-04-12T10:17:14.4395085Z, 1, 87.79293, 176.9257, -30.89353
2018-04-12T10:17:14.4560306Z, 1, 87.74583, 176.9031, -30.8179
2018-04-12T10:17:14.4580428Z, 1, 87.74583, 176.9031, -30.8179
2018-04-12T10:17:14.4635423Z, 1, 87.74583, 176.9031, -30.8179
2018-04-12T10:17:14.4680480Z, 1, 87.74583, 176.9031, -30.8179
2018-04-12T10:17:14.4850630Z, 1, 87.67728, 176.8544, -30.7718
2018-04-12T10:17:14.5015883Z, 1, 87.62945, 176.7977, -30.70687
2018-04-12T10:17:14.5188171Z, 1, 87.57378, 176.7435, -30.66728
2018-04-12T10:17:14.5348685Z, 1, 87.51823, 176.6936, -30.61417
2018-04-12T10:17:14.5382605Z, 1, 87.49484, 176.6798, -30.58561
2018-04-12T10:17:14.5441687Z, 1, 87.49484, 176.6798, -30.58561
2018-04-12T10:17:14.5611348Z, 1, 87.47553, 176.694, -30.5398
2018-04-12T10:17:14.5631453Z, 1, 87.47553, 176.694, -30.5398
2018-04-12T10:17:14.5796364Z, 1, 87.43472, 176.7207, -30.47054
2018-04-12T10:17:14.5962750Z, 1, 87.42582, 176.8526, -30.3836
2018-04-12T10:17:14.6003178Z, 1, 87.42582, 176.8526, -30.3836
2018-04-12T10:17:14.6053586Z, 1, 87.40668, 176.8937, -30.32668
2018-04-12T10:17:14.6098671Z, 1, 87.40488, 176.9819, -30.27641
2018-04-12T10:17:14.6264111Z, 1, 87.39216, 177.0899, -30.19868
2018-04-12T10:17:14.6433895Z, 1, 87.30328, 177.1707, -30.04326
2018-04-12T10:17:14.6453928Z, 1, 87.30328, 177.1707, -30.04326
2018-04-12T10:17:14.6534049Z, 1, 87.26109, 177.2234, -29.94561
2018-04-12T10:17:14.6668578Z, 1, 87.20306, 177.3251, -29.79692
2018-04-12T10:17:14.6708580Z, 1, 87.20306, 177.3251, -29.79692
2018-04-12T10:17:14.6873736Z, 1, 87.18808, 177.5239, -29.67412
2018-04-12T10:17:14.6893772Z, 1, 87.18808, 177.5239, -29.67412
2018-04-12T10:17:14.7056221Z, 1, 87.19337, 177.6684, -29.6017
2018-04-12T10:17:14.7086222Z, 1, 87.19337, 177.6684, -29.6017
2018-04-12T10:17:14.7136302Z, 1, 87.19357, 177.7403, -29.5523
2018-04-12T10:17:14.7181370Z, 1, 87.19357, 177.7403, -29.5523
2018-04-12T10:17:14.7345373Z, 1, 87.19321, 177.9048, -29.43305
2018-04-12T10:17:14.7513386Z, 1, 87.1965, 178.0443, -29.36908
2018-04-12T10:17:14.7677071Z, 1, 87.18076, 178.1016, -29.29819
2018-04-12T10:17:14.7842435Z, 1, 87.15424, 178.1481, -29.21799
2018-04-12T10:17:14.7872481Z, 1, 87.15424, 178.1481, -29.21799
2018-04-12T10:17:14.7947686Z, 1, 87.13227, 178.1362, -29.16555
2018-04-12T10:17:14.7962622Z, 1, 87.13227, 178.1362, -29.16555
2018-04-12T10:17:14.8132520Z, 1, 87.07603, 178.0861, -29.09645
2018-04-12T10:17:14.8300718Z, 1, 87.04642, 178.0879, -29.03404
2018-04-12T10:17:14.8494921Z, 1, 87.01619, 178.0336, -28.95737
2018-04-12T10:17:14.8529979Z, 1, 87.01619, 178.0336, -28.95737
2018-04-12T10:17:14.8590325Z, 1, 87.00479, 177.9958, -28.90791
2018-04-12T10:17:14.8766325Z, 1, 87.05125, 177.9992, -28.85191
2018-04-12T10:17:14.8924994Z, 1, 87.06289, 178.0039, -28.80348
2018-04-12T10:17:14.9094365Z, 1, 87.12083, 178.0611, -28.73904
2018-04-12T10:17:14.9109387Z, 1, 87.12083, 178.0611, -28.73904
2018-04-12T10:17:14.9189507Z, 1, 87.1461, 178.1225, -28.74201
2018-04-12T10:17:14.9356027Z, 1, 87.21779, 178.1093, -28.68594
2018-04-12T10:17:14.9371025Z, 1, 87.21779, 178.1093, -28.68594
2018-04-12T10:17:14.9542195Z, 1, 87.31845, 178.1374, -28.66721
2018-04-12T10:17:14.9707294Z, 1, 87.43101, 178.2066, -28.68108
2018-04-12T10:17:14.9871129Z, 1, 87.4407, 178.1981, -28.70748
2018-04-12T10:17:14.9896169Z, 1, 87.47525, 178.2243, -28.7127
2018-04-12T10:17:14.9956259Z, 1, 87.47525, 178.2243, -28.7127
2018-04-12T10:17:15.0011342Z, 1, 87.47525, 178.2243, -28.7127
2018-04-12T10:17:15.0181607Z, 1, 87.48165, 178.2227, -28.71568
2018-04-12T10:17:15.0347082Z, 1, 87.5079, 178.3463, -28.77728
2018-04-12T10:17:15.0367121Z, 1, 87.55265, 178.462, -28.7572
2018-04-12T10:17:15.0435740Z, 1, 87.51118, 178.4554, -28.74693
2018-04-12T10:17:15.0487491Z, 1, 87.51118, 178.4554, -28.74693
2018-04-12T10:17:15.0667765Z, 1, 87.419, 178.4656, -28.73816
2018-04-12T10:17:15.0692808Z, 1, 87.419, 178.4656, -28.73816
2018-04-12T10:17:15.0737879Z, 1, 87.32836, 178.4196, -28.7281
2018-04-12T10:17:15.0797979Z, 1, 87.32836, 178.4196, -28.7281
2018-04-12T10:17:15.1023325Z, 1, 87.02791, 178.2942, -28.66121
2018-04-12T10:17:15.1038423Z, 1, 87.02791, 178.2942, -28.66121
2018-04-12T10:17:15.1108443Z, 1, 86.92166, 178.2458, -28.64161
2018-04-12T10:17:15.1273701Z, 1, 86.74919, 178.1599, -28.57441
2018-04-12T10:17:15.1318766Z, 1, 86.74919, 178.1599, -28.57441
2018-04-12T10:17:15.1379032Z, 1, 86.63635, 178.0645, -28.56188
2018-04-12T10:17:15.1549134Z, 1, 86.5752, 178.0322, -28.58243
2018-04-12T10:17:15.1574174Z, 1, 86.50289, 178.008, -28.57721
2018-04-12T10:17:15.1744422Z, 1, 86.3465, 177.9718, -28.62629
2018-04-12T10:17:15.1909006Z, 1, 86.22852, 177.9299, -28.64762
2018-04-12T10:17:15.1924104Z, 1, 86.22852, 177.9299, -28.64762
2018-04-12T10:17:15.1964100Z, 1, 86.22852, 177.9299, -28.64762
2018-04-12T10:17:15.2009163Z, 1, 86.1823, 177.9099, -28.66789
2018-04-12T10:17:15.2179370Z, 1, 86.10797, 177.9064, -28.68046
2018-04-12T10:17:15.2351229Z, 1, 86.09821, 177.9453, -28.75746
2018-04-12T10:17:15.2506694Z, 1, 86.11339, 178.0195, -28.76411
2018-04-12T10:17:15.2669502Z, 1, 86.16151, 178.0936, -28.82696
2018-04-12T10:17:15.2837532Z, 1, 86.25414, 178.1403, -28.88759
2018-04-12T10:17:15.2857443Z, 1, 86.25414, 178.1403, -28.88759
2018-04-12T10:17:15.2902608Z, 1, 86.33161, 178.1888, -28.92494
2018-04-12T10:17:15.2947582Z, 1, 86.33161, 178.1888, -28.92494
2018-04-12T10:17:15.3119509Z, 1, 86.48585, 178.2977, -28.95583
2018-04-12T10:17:15.3167135Z, 1, 86.48585, 178.2977, -28.95583
2018-04-12T10:17:15.3313382Z, 1, 86.66468, 178.4396, -28.9726
2018-04-12T10:17:15.3368462Z, 1, 86.66468, 178.4396, -28.9726
2018-04-12T10:17:15.3413641Z, 1, 86.66468, 178.4396, -28.9726
2018-04-12T10:17:15.3585286Z, 1, 86.92759, 178.6769, -28.97099
2018-04-12T10:17:15.3605314Z, 1, 86.99522, 178.7198, -28.94627
2018-04-12T10:17:15.3777827Z, 1, 87.11243, 178.7585, -28.92416
2018-04-12T10:17:15.3792849Z, 1, 87.11243, 178.7585, -28.92416
2018-04-12T10:17:15.3837914Z, 1, 87.11243, 178.7585, -28.92416
2018-04-12T10:17:15.3878135Z, 1, 87.16161, 178.8021, -28.89753
2018-04-12T10:17:15.3927813Z, 1, 87.16161, 178.8021, -28.89753
2018-04-12T10:17:15.4091230Z, 1, 87.2583, 178.8671, -28.83007
2018-04-12T10:17:15.4111250Z, 1, 87.2583, 178.8671, -28.83007
2018-04-12T10:17:15.4161344Z, 1, 87.32317, 178.9414, -28.8025
2018-04-12T10:17:15.4196502Z, 1, 87.32317, 178.9414, -28.8025
2018-04-12T10:17:15.4367731Z, 1, 87.42502, 179.0508, -28.72768
2018-04-12T10:17:15.4537483Z, 1, 87.51183, 179.1537, -28.65785
2018-04-12T10:17:15.4702534Z, 1, 87.54081, 179.1536, -28.6358
2018-04-12T10:17:15.4862436Z, 1, 87.6143, 179.2106, -28.52166
2018-04-12T10:17:15.5033108Z, 1, 87.65059, 179.2568, -28.49058
2018-04-12T10:17:15.5048132Z, 1, 87.69706, 179.3393, -28.4335
2018-04-12T10:17:15.5093194Z, 1, 87.69706, 179.3393, -28.4335
2018-04-12T10:17:15.5153847Z, 1, 87.72215, 179.4204, -28.38354
2018-04-12T10:17:15.5342421Z, 1, 87.79506, 179.6049, -28.26898
2018-04-12T10:17:15.5493862Z, 1, 87.77293, 179.6518, -28.23014
2018-04-12T10:17:15.5661420Z, 1, 87.80996, 179.7264, -28.16665
2018-04-12T10:17:15.5691472Z, 1, 87.80996, 179.7264, -28.16665
2018-04-12T10:17:15.5731525Z, 1, 87.80239, 179.7766, -28.12778
2018-04-12T10:17:15.5776715Z, 1, 87.78386, 179.8001, -28.10299
2018-04-12T10:17:15.5954960Z, 1, 87.71673, 179.8061, -28.00929
2018-04-12T10:17:15.6112392Z, 1, 87.65041, 179.7673, -27.93938
2018-04-12T10:17:15.6275302Z, 1, 87.38457, 179.6056, -27.72041
2018-04-12T10:17:15.6310460Z, 1, 87.38457, 179.6056, -27.72041
2018-04-12T10:17:15.6380462Z, 1, 87.17195, 179.5182, -27.53647
2018-04-12T10:17:15.6400496Z, 1, 87.17195, 179.5182, -27.53647
2018-04-12T10:17:15.6574782Z, 1, 86.51052, 179.4455, -27.05708
2018-04-12T10:17:15.6734599Z, 1, 85.33987, 179.1486, -26.21243
2018-04-12T10:17:15.6909582Z, 1, 83.43694, 178.5486, -24.87923
2018-04-12T10:17:15.6924607Z, 1, 83.43694, 178.5486, -24.87923
2018-04-12T10:17:15.6964705Z, 1, 82.18453, 178.0955, -23.93818
2018-04-12T10:17:15.7004781Z, 1, 82.18453, 178.0955, -23.93818
2018-04-12T10:17:15.7044877Z, 1, 80.77149, 177.6872, -22.90732
2018-04-12T10:17:15.7219926Z, 1, 77.39558, 176.2275, -20.3241
2018-04-12T10:17:15.7260024Z, 1, 77.39558, 176.2275, -20.3241
2018-04-12T10:17:15.7320066Z, 1, 77.39558, 176.2275, -20.3241
2018-04-12T10:17:15.7345108Z, 1, 75.4915, 175.1469, -18.78465
2018-04-12T10:17:15.7513384Z, 1, 71.56628, 174.2845, -14.9356
2018-04-12T10:17:15.7683062Z, 1, 69.40794, 173.1704, -12.75869
2018-04-12T10:17:15.7845081Z, 1, 65.10184, 171.0139, -8.055788
2018-04-12T10:17:15.7860132Z, 1, 65.10184, 171.0139, -8.055788
2018-04-12T10:17:15.7935132Z, 1, 65.10184, 171.0139, -8.055788
2018-04-12T10:17:15.8100384Z, 1, 57.61953, 167.8277, 0.6240733
2018-04-12T10:17:15.8120441Z, 1, 57.61953, 167.8277, 0.6240733
2018-04-12T10:17:15.8285079Z, 1, 52.36232, 165.0111, 6.772311
2018-04-12T10:17:15.8450491Z, 1, 47.30045, 163.0106, 13.35845
2018-04-12T10:17:15.8750711Z, 1, 39.54383, 158.094, 22.33518
2018-04-12T10:17:15.8785783Z, 1, 39.54383, 158.094, 22.33518
2018-04-12T10:17:15.8830846Z, 1, 37.03347, 156.5504, 25.03042
2018-04-12T10:17:15.8885937Z, 1, 37.03347, 156.5504, 25.03042
2018-04-12T10:17:15.9050644Z, 1, 32.41895, 153.4338, 29.59233
2018-04-12T10:17:15.9070663Z, 1, 30.17601, 152.0964, 31.98775
2018-04-12T10:17:15.9245780Z, 1, 28.06237, 150.9113, 34.36945
2018-04-12T10:17:15.9406089Z, 1, 23.90988, 149.5885, 38.33919
2018-04-12T10:17:15.9431061Z, 1, 23.90988, 149.5885, 38.33919
2018-04-12T10:17:15.9518971Z, 1, 21.93947, 148.5007, 40.29468
2018-04-12T10:17:15.9677049Z, 1, 18.24937, 146.66, 44.01254
2018-04-12T10:17:15.9696960Z, 1, 18.24937, 146.66, 44.01254
2018-04-12T10:17:15.9860462Z, 1, 15.02272, 145.2313, 47.39748
2018-04-12T10:17:16.0030069Z, 1, 12.17045, 144.0862, 50.11282
2018-04-12T10:17:16.0045094Z, 1, 12.17045, 144.0862, 50.11282
2018-04-12T10:17:16.0095248Z, 1, 12.17045, 144.0862, 50.11282
2018-04-12T10:17:16.0135235Z, 1, 12.17045, 144.0862, 50.11282
2018-04-12T10:17:16.0304797Z, 1, 8.644067, 142.5641, 53.46758
2018-04-12T10:17:16.0319822Z, 1, 8.644067, 142.5641, 53.46758
2018-04-12T10:17:16.0507473Z, 1, 6.991137, 141.9339, 55.21354
2018-04-12T10:17:16.0652057Z, 1, 6.386805, 141.852, 55.92241
2018-04-12T10:17:16.0677103Z, 1, 5.826272, 141.7775, 56.42626
2018-04-12T10:17:16.0777866Z, 1, 5.826272, 141.7775, 56.42626
2018-04-12T10:17:16.0941807Z, 1, 5.080365, 141.9879, 57.10412
2018-04-12T10:17:16.1107444Z, 1, 4.705704, 142.3941, 57.31404
2018-04-12T10:17:16.1272719Z, 1, 4.562492, 142.6827, 57.37267
2018-04-12T10:17:16.1317670Z, 1, 4.562492, 142.6827, 57.37267
2018-04-12T10:17:16.1362732Z, 1, 4.562941, 142.866, 57.33137
2018-04-12T10:17:16.1402888Z, 1, 4.562941, 142.866, 57.33137
2018-04-12T10:17:16.1583353Z, 1, 4.724526, 143.3513, 56.94366
2018-04-12T10:17:16.1737045Z, 1, 4.844083, 143.6498, 56.70993
2018-04-12T10:17:16.1904133Z, 1, 5.354671, 144.4344, 55.85752
2018-04-12T10:17:16.1924212Z, 1, 5.354671, 144.4344, 55.85752
2018-04-12T10:17:16.1994266Z, 1, 5.446081, 144.6748, 55.67669
2018-04-12T10:17:16.2034339Z, 1, 5.446081, 144.6748, 55.67669
2018-04-12T10:17:16.2204601Z, 1, 5.841666, 145.0721, 55.18294
2018-04-12T10:17:16.2369845Z, 1, 5.992513, 145.295, 54.98329
2018-04-12T10:17:16.2394882Z, 1, 6.043999, 145.5274, 54.7084
2018-04-12T10:17:16.2439947Z, 1, 6.043999, 145.5274, 54.7084
2018-04-12T10:17:16.2480015Z, 1, 6.048949, 145.8079, 54.51137
2018-04-12T10:17:16.2650268Z, 1, 6.090091, 146.0838, 54.35849
2018-04-12T10:17:16.2665298Z, 1, 6.090091, 146.0838, 54.35849
2018-04-12T10:17:16.2845572Z, 1, 6.118065, 146.5029, 54.15089
2018-04-12T10:17:16.2870609Z, 1, 6.118065, 146.5029, 54.15089
2018-04-12T10:17:16.2940717Z, 1, 6.127238, 146.9097, 54.19505
2018-04-12T10:17:16.3105611Z, 1, 6.129718, 147.0802, 54.19576
2018-04-12T10:17:16.3125648Z, 1, 6.132942, 147.236, 54.21702
2018-04-12T10:17:16.3296174Z, 1, 6.106791, 147.3463, 54.24046
2018-04-12T10:17:16.3465150Z, 1, 6.072013, 147.5929, 54.32864
2018-04-12T10:17:16.3585229Z, 1, 6.048117, 147.7045, 54.37663
2018-04-12T10:17:16.3615275Z, 1, 6.044024, 147.8273, 54.45178
2018-04-12T10:17:16.3775522Z, 1, 6.039618, 148.0094, 54.53943
2018-04-12T10:17:16.3815589Z, 1, 6.028574, 148.1601, 54.60619
2018-04-12T10:17:16.3850636Z, 1, 6.028574, 148.1601, 54.60619
2018-04-12T10:17:16.3900713Z, 1, 6.028574, 148.1601, 54.60619
2018-04-12T10:17:16.4063831Z, 1, 6.012617, 148.4082, 54.73928
2018-04-12T10:17:16.4083850Z, 1, 6.012617, 148.4082, 54.73928
2018-04-12T10:17:16.4252877Z, 1, 6.023513, 148.7126, 54.86215
2018-04-12T10:17:16.4272899Z, 1, 6.023513, 148.7126, 54.86215
2018-04-12T10:17:16.4318132Z, 1, 6.023513, 148.7126, 54.86215
2018-04-12T10:17:16.4378225Z, 1, 6.023513, 148.7126, 54.86215
2018-04-12T10:17:16.4558727Z, 1, 6.036154, 148.8915, 54.95938
2018-04-12T10:17:16.4714368Z, 1, 6.044019, 148.9001, 54.96573
2018-04-12T10:17:16.4754418Z, 1, 6.055234, 148.9563, 54.99493
2018-04-12T10:17:16.4824520Z, 1, 6.055234, 148.9563, 54.99493
2018-04-12T10:17:16.5019947Z, 1, 6.095082, 149.0255, 55.013
2018-04-12T10:17:16.5175088Z, 1, 6.152974, 149.3073, 55.10278
2018-04-12T10:17:16.5348782Z, 1, 6.236965, 149.4808, 55.06887
2018-04-12T10:17:16.5494667Z, 1, 6.396471, 149.5506, 54.96437
2018-04-12T10:17:16.5509689Z, 1, 6.396471, 149.5506, 54.96437
2018-04-12T10:17:16.5549873Z, 1, 6.396471, 149.5506, 54.96437
2018-04-12T10:17:16.5614843Z, 1, 6.492996, 149.5767, 54.90004
2018-04-12T10:17:16.5786992Z, 1, 6.751597, 149.6451, 54.79277
2018-04-12T10:17:16.5952270Z, 1, 7.022868, 149.729, 54.69819
2018-04-12T10:17:16.6118687Z, 1, 7.139909, 149.7387, 54.66816
2018-04-12T10:17:16.6138715Z, 1, 7.139909, 149.7387, 54.66816
2018-04-12T10:17:16.6178777Z, 1, 7.242894, 149.7349, 54.63167
2018-04-12T10:17:16.6219778Z, 1, 7.242894, 149.7349, 54.63167
2018-04-12T10:17:16.6391286Z, 1, 7.411244, 149.7105, 54.59914
2018-04-12T10:17:16.6406308Z, 1, 7.411244, 149.7105, 54.59914
2018-04-12T10:17:16.6578146Z, 1, 7.529564, 149.6814, 54.56496
2018-04-12T10:17:16.6743359Z, 1, 7.564962, 149.6144, 54.58229
2018-04-12T10:17:16.6774996Z, 1, 7.564962, 149.6144, 54.58229
2018-04-12T10:17:16.6833694Z, 1, 7.590211, 149.6038, 54.59679
2018-04-12T10:17:16.6998554Z, 1, 7.53261, 149.5298, 54.713
2018-04-12T10:17:16.7023699Z, 1, 7.53261, 149.5298, 54.713
2018-04-12T10:17:16.7197166Z, 1, 7.492251, 149.5075, 54.75085
2018-04-12T10:17:16.7355462Z, 1, 7.438835, 149.5819, 54.80747
2018-04-12T10:17:16.7526356Z, 1, 7.479591, 149.7156, 54.602
2018-04-12T10:17:16.7691503Z, 1, 7.994324, 149.9352, 53.93665
2018-04-12T10:17:16.7716538Z, 1, 7.994324, 149.9352, 53.93665
2018-04-12T10:17:16.7775862Z, 1, 8.484647, 150.1305, 53.33504
2018-04-12T10:17:16.7815923Z, 1, 8.484647, 150.1305, 53.33504
2018-04-12T10:17:16.8055476Z, 1, 11.01065, 151.3875, 50.0986
2018-04-12T10:17:16.8149636Z, 1, 12.26758, 151.9567, 48.23726
2018-04-12T10:17:16.8169556Z, 1, 12.26758, 151.9567, 48.23726
2018-04-12T10:17:16.8235130Z, 1, 13.6663, 152.5359, 46.41445
2018-04-12T10:17:16.8276649Z, 1, 13.6663, 152.5359, 46.41445
2018-04-12T10:17:16.8443307Z, 1, 17.27214, 154.0559, 41.48452
2018-04-12T10:17:16.8615368Z, 1, 21.58678, 155.69, 36.09558
2018-04-12T10:17:16.8779844Z, 1, 23.89489, 156.3513, 33.16927
2018-04-12T10:17:16.8794868Z, 1, 26.49773, 157.0923, 30.53854
2018-04-12T10:17:16.8856406Z, 1, 26.49773, 157.0923, 30.53854
2018-04-12T10:17:16.8905214Z, 1, 26.49773, 157.0923, 30.53854
2018-04-12T10:17:16.9079634Z, 1, 32.05491, 158.7867, 25.15903
2018-04-12T10:17:16.9236049Z, 1, 37.65492, 160.7679, 19.15394
2018-04-12T10:17:16.9402850Z, 1, 43.37251, 162.1174, 13.14412
2018-04-12T10:17:16.9447918Z, 1, 43.37251, 162.1174, 13.14412
2018-04-12T10:17:16.9487986Z, 1, 43.37251, 162.1174, 13.14412
2018-04-12T10:17:16.9538048Z, 1, 46.01565, 162.6099, 9.897997
2018-04-12T10:17:16.9872248Z, 1, 55.62406, 164.2187, -3.182673
2018-04-12T10:17:16.9892236Z, 1, 55.62406, 164.2187, -3.182673
2018-04-12T10:17:16.9937250Z, 1, 57.68977, 164.8258, -6.240179
2018-04-12T10:17:17.0006917Z, 1, 57.68977, 164.8258, -6.240179
2018-04-12T10:17:17.0177127Z, 1, 61.58222, 166.2051, -12.01301
2018-04-12T10:17:17.0337305Z, 1, 65.10278, 167.2099, -17.32318
2018-04-12T10:17:17.0352426Z, 1, 65.10278, 167.2099, -17.32318
2018-04-12T10:17:17.0423007Z, 1, 66.67356, 167.5725, -19.79622
2018-04-12T10:17:17.0468089Z, 1, 66.67356, 167.5725, -19.79622
2018-04-12T10:17:17.0643545Z, 1, 69.80725, 168.2229, -24.21589
2018-04-12T10:17:17.0803373Z, 1, 72.80815, 169.0788, -28.11931
2018-04-12T10:17:17.0823401Z, 1, 72.80815, 169.0788, -28.11931
2018-04-12T10:17:17.0863471Z, 1, 74.28992, 169.47, -29.84705
2018-04-12T10:17:17.0908533Z, 1, 74.28992, 169.47, -29.84705
2018-04-12T10:17:17.0953686Z, 1, 74.28992, 169.47, -29.84705
2018-04-12T10:17:17.1130728Z, 1, 77.10967, 170.3671, -33.07441
2018-04-12T10:17:17.1150650Z, 1, 78.45872, 170.9551, -34.67616
2018-04-12T10:17:17.1191432Z, 1, 78.45872, 170.9551, -34.67616
2018-04-12T10:17:17.1261423Z, 1, 78.45872, 170.9551, -34.67616
2018-04-12T10:17:17.1431753Z, 1, 82.11282, 171.6798, -38.44607
2018-04-12T10:17:17.1451790Z, 1, 82.11282, 171.6798, -38.44607
2018-04-12T10:17:17.1521954Z, 1, 83.22318, 171.7084, -39.60932
2018-04-12T10:17:17.1692134Z, 1, 84.32635, 171.8794, -40.53394
2018-04-12T10:17:17.1732184Z, 1, 85.43217, 172.0633, -41.36034
2018-04-12T10:17:17.1902454Z, 1, 87.30289, 171.8333, -42.86816
2018-04-12T10:17:17.1917467Z, 1, 87.30289, 171.8333, -42.86816
2018-04-12T10:17:17.1958013Z, 1, 87.30289, 171.8333, -42.86816
2018-04-12T10:17:17.2022645Z, 1, 88.07528, 172.2603, -43.44773
2018-04-12T10:17:17.2192326Z, 1, 88.95272, 172.5549, -44.06943
2018-04-12T10:17:17.2355045Z, 1, 90.93923, 173.3759, -45.14554
2018-04-12T10:17:17.2525968Z, 1, 92.67034, 173.8622, -45.86705
2018-04-12T10:17:17.2683689Z, 1, 94.27782, 174.4929, -46.48247
2018-04-12T10:17:17.2728641Z, 1, 94.27782, 174.4929, -46.48247
2018-04-12T10:17:17.2743574Z, 1, 94.27782, 174.4929, -46.48247
2018-04-12T10:17:17.2832657Z, 1, 95.01705, 174.7386, -46.60079
2018-04-12T10:17:17.3001794Z, 1, 95.97637, 174.2399, -46.5195
2018-04-12T10:17:17.3031855Z, 1, 95.97637, 174.2399, -46.5195
2018-04-12T10:17:17.3081918Z, 1, 96.4054, 174.2414, -46.36997
2018-04-12T10:17:17.3147033Z, 1, 96.81091, 174.1361, -46.2656
2018-04-12T10:17:17.3312283Z, 1, 97.44941, 173.8046, -45.7972
2018-04-12T10:17:17.3382468Z, 1, 97.44941, 173.8046, -45.7972
2018-04-12T10:17:17.3432462Z, 1, 97.44941, 173.8046, -45.7972
2018-04-12T10:17:17.3602718Z, 1, 98.23436, 172.9575, -45.1791
2018-04-12T10:17:17.3768150Z, 1, 98.23436, 172.9575, -45.1791
2018-04-12T10:17:17.3928329Z, 1, 99.1882, 171.9719, -44.57594
2018-04-12T10:17:17.3973291Z, 1, 99.1882, 171.9719, -44.57594
2018-04-12T10:17:17.4018362Z, 1, 99.30763, 171.7391, -44.32665
2018-04-12T10:17:17.4058594Z, 1, 99.30763, 171.7391, -44.32665
2018-04-12T10:17:17.4228699Z, 1, 99.85638, 171.0013, -43.81063
2018-04-12T10:17:17.4392865Z, 1, 100.4916, 170.4544, -43.31107
2018-04-12T10:17:17.4560104Z, 1, 100.9509, 169.7052, -42.84706
2018-04-12T10:17:17.4590031Z, 1, 100.9509, 169.7052, -42.84706
2018-04-12T10:17:17.4630098Z, 1, 100.9509, 169.7052, -42.84706
2018-04-12T10:17:17.4675166Z, 1, 101.1798, 169.3581, -42.56174
2018-04-12T10:17:17.4875437Z, 1, 101.6503, 168.73, -42.16699
2018-04-12T10:17:17.5013558Z, 1, 101.9178, 168.5282, -42.0275
2018-04-12T10:17:17.5184733Z, 1, 102.3354, 167.8996, -41.67929
2018-04-12T10:17:17.5355838Z, 1, 102.8029, 167.5176, -41.41916
2018-04-12T10:17:17.5370845Z, 1, 102.8029, 167.5176, -41.41916
2018-04-12T10:17:17.5420925Z, 1, 103.0156, 167.2802, -41.21875
2018-04-12T10:17:17.5472502Z, 1, 103.0156, 167.2802, -41.21875
2018-04-12T10:17:17.5642371Z, 1, 103.4799, 166.9874, -40.98535
2018-04-12T10:17:17.5810623Z, 1, 103.8397, 166.7192, -40.7142
2018-04-12T10:17:17.5850611Z, 1, 103.8397, 166.7192, -40.7142
2018-04-12T10:17:17.5930321Z, 1, 104.0346, 166.6529, -40.57148
2018-04-12T10:17:17.6100686Z, 1, 104.4026, 166.5735, -40.28694
2018-04-12T10:17:17.6265073Z, 1, 104.6789, 166.4387, -39.98725
2018-04-12T10:17:17.6431863Z, 1, 104.8699, 166.3249, -39.68551
2018-04-12T10:17:17.6595072Z, 1, 104.9592, 166.2542, -39.56901
2018-04-12T10:17:17.6619992Z, 1, 105.0599, 166.2756, -39.45504
2018-04-12T10:17:17.6695186Z, 1, 105.0599, 166.2756, -39.45504
2018-04-12T10:17:17.6858535Z, 1, 105.1782, 166.1928, -39.24409
2018-04-12T10:17:17.6900865Z, 1, 105.1782, 166.1928, -39.24409
2018-04-12T10:17:17.7048526Z, 1, 105.2995, 166.1575, -39.04629
2018-04-12T10:17:17.7211820Z, 1, 105.3587, 166.1798, -38.85297
2018-04-12T10:17:17.7231751Z, 1, 105.3587, 166.1798, -38.85297
2018-04-12T10:17:17.7271819Z, 1, 105.3587, 166.1798, -38.85297
2018-04-12T10:17:17.7316892Z, 1, 105.3918, 166.1765, -38.75523
2018-04-12T10:17:17.7480710Z, 1, 105.4626, 166.2965, -38.59392
2018-04-12T10:17:17.7505750Z, 1, 105.4626, 166.2965, -38.59392
2018-04-12T10:17:17.7674100Z, 1, 105.4984, 166.4059, -38.54379
2018-04-12T10:17:17.7843744Z, 1, 105.5015, 166.7672, -38.37105
2018-04-12T10:17:17.7871416Z, 1, 105.5015, 166.7672, -38.37105
2018-04-12T10:17:17.7903830Z, 1, 105.5015, 166.7672, -38.37105
2018-04-12T10:17:17.7973944Z, 1, 105.5015, 166.7672, -38.37105
2018-04-12T10:17:17.8123139Z, 1, 105.4644, 167.015, -38.25927
2018-04-12T10:17:17.8138161Z, 1, 105.4495, 167.1497, -38.18459
2018-04-12T10:17:17.8307170Z, 1, 105.4165, 167.2815, -38.11632
2018-04-12T10:17:17.8372303Z, 1, 105.3756, 167.3876, -38.04588
2018-04-12T10:17:17.8427378Z, 1, 105.3756, 167.3876, -38.04588
2018-04-12T10:17:17.8599279Z, 1, 105.2727, 167.5402, -37.95296
2018-04-12T10:17:17.8756790Z, 1, 105.1722, 167.6318, -37.84817
2018-04-12T10:17:17.8927163Z, 1, 105.0619, 167.7139, -37.75312
2018-04-12T10:17:17.9092419Z, 1, 105.0587, 167.8628, -37.68451
2018-04-12T10:17:17.9107443Z, 1, 105.0587, 167.8628, -37.68451
2018-04-12T10:17:17.9177565Z, 1, 105.0397, 167.9196, -37.59773
2018-04-12T10:17:17.9217760Z, 1, 105.0397, 167.9196, -37.59773
2018-04-12T10:17:17.9387903Z, 1, 104.9733, 168.0481, -37.4981
2018-04-12T10:17:17.9553275Z, 1, 104.9525, 168.1361, -37.47356
2018-04-12T10:17:17.9573183Z, 1, 104.9335, 168.2426, -37.44496
2018-04-12T10:17:17.9646698Z, 1, 104.9139, 168.3263, -37.39981
2018-04-12T10:17:17.9691820Z, 1, 104.9139, 168.3263, -37.39981
2018-04-12T10:17:17.9856816Z, 1, 104.8575, 168.4884, -37.35263
2018-04-12T10:17:18.0026537Z, 1, 104.8239, 168.568, -37.32576
2018-04-12T10:17:18.0190501Z, 1, 104.7907, 168.7865, -37.22647
2018-04-12T10:17:18.0222793Z, 1, 104.8085, 168.9203, -37.18213
2018-04-12T10:17:18.0265740Z, 1, 104.8085, 168.9203, -37.18213
2018-04-12T10:17:18.0435205Z, 1, 104.7861, 169.1336, -37.11514
2018-04-12T10:17:18.0450232Z, 1, 104.7861, 169.1336, -37.11514
2018-04-12T10:17:18.0619936Z, 1, 104.7612, 169.3534, -37.03893
2018-04-12T10:17:18.0634952Z, 1, 104.7612, 169.3534, -37.03893
2018-04-12T10:17:18.0803228Z, 1, 104.6476, 169.5304, -36.92526
2018-04-12T10:17:18.0868323Z, 1, 104.6476, 169.5304, -36.92526
2018-04-12T10:17:18.0921992Z, 1, 104.6106, 169.6723, -36.85428
2018-04-12T10:17:18.1084681Z, 1, 104.5048, 169.835, -36.73557
2018-04-12T10:17:18.1104706Z, 1, 104.5048, 169.835, -36.73557
2018-04-12T10:17:18.1275027Z, 1, 104.4178, 169.9623, -36.63503
2018-04-12T10:17:18.1295013Z, 1, 104.4178, 169.9623, -36.63503
2018-04-12T10:17:18.1340245Z, 1, 104.3769, 170.0135, -36.56985
2018-04-12T10:17:18.1410299Z, 1, 104.3769, 170.0135, -36.56985
2018-04-12T10:17:18.1583316Z, 1, 104.2725, 170.1196, -36.50999
2018-04-12T10:17:18.1744277Z, 1, 104.1661, 170.1517, -36.3799
2018-04-12T10:17:18.1764313Z, 1, 104.1661, 170.1517, -36.3799
2018-04-12T10:17:18.1804361Z, 1, 104.1661, 170.1517, -36.3799
2018-04-12T10:17:18.1870991Z, 1, 104.1145, 170.1651, -36.31886
2018-04-12T10:17:18.2039271Z, 1, 104.0364, 170.2645, -36.23924
2018-04-12T10:17:18.2204521Z, 1, 103.9827, 170.3209, -36.17706
2018-04-12T10:17:18.2370158Z, 1, 103.9185, 170.3324, -36.22735
2018-04-12T10:17:18.2414102Z, 1, 103.8998, 170.3573, -36.22062
2018-04-12T10:17:18.2464489Z, 1, 103.8998, 170.3573, -36.22062
2018-04-12T10:17:18.2504437Z, 1, 103.898, 170.3832, -36.20857
2018-04-12T10:17:18.2669670Z, 1, 103.8725, 170.3911, -36.17736
2018-04-12T10:17:18.2837435Z, 1, 103.853, 170.4303, -36.15216
2018-04-12T10:17:18.2862478Z, 1, 103.8291, 170.4341, -36.13754
2018-04-12T10:17:18.2907543Z, 1, 103.8291, 170.4341, -36.13754
2018-04-12T10:17:18.2957623Z, 1, 103.8291, 170.4341, -36.13754
2018-04-12T10:17:18.3129587Z, 1, 103.8286, 170.5206, -36.14376
2018-04-12T10:17:18.3144449Z, 1, 103.8286, 170.5206, -36.14376
2018-04-12T10:17:18.3312904Z, 1, 103.8471, 170.6321, -36.17836
2018-04-12T10:17:18.3327928Z, 1, 103.8471, 170.6321, -36.17836
2018-04-12T10:17:18.3398030Z, 1, 103.8471, 170.6321, -36.17836
2018-04-12T10:17:18.3590634Z, 1, 103.83, 170.8432, -36.14281
2018-04-12T10:17:18.3610665Z, 1, 103.83, 170.8432, -36.14281
2018-04-12T10:17:18.3780650Z, 1, 103.783, 170.9643, -36.06493
2018-04-12T10:17:18.3800687Z, 1, 103.7471, 171.0188, -36.00565
2018-04-12T10:17:18.3840749Z, 1, 103.7471, 171.0188, -36.00565
2018-04-12T10:17:18.3915561Z, 1, 103.7107, 171.0642, -35.98265
2018-04-12T10:17:18.4080888Z, 1, 103.6499, 171.1434, -35.87835
2018-04-12T10:17:18.4246385Z, 1, 103.6164, 171.195, -35.87457
2018-04-12T10:17:18.4266410Z, 1, 103.6166, 171.2523, -35.86557
2018-04-12T10:17:18.4341527Z, 1, 103.6166, 171.2523, -35.86557
2018-04-12T10:17:18.4505812Z, 1, 103.5728, 171.2951, -35.88773
2018-04-12T10:17:18.4525849Z, 1, 103.5728, 171.2951, -35.88773
2018-04-12T10:17:18.5036625Z, 1, 103.2923, 171.1969, -35.6887
2018-04-12T10:17:18.5061674Z, 1, 103.2923, 171.1969, -35.6887
2018-04-12T10:17:18.5111751Z, 1, 103.2706, 171.224, -35.68201
2018-04-12T10:17:18.5176835Z, 1, 103.2706, 171.224, -35.68201
2018-04-12T10:17:18.5357124Z, 1, 103.2134, 171.2592, -35.64788
2018-04-12T10:17:18.5402195Z, 1, 103.1746, 171.2376, -35.67532
2018-04-12T10:17:18.5487310Z, 1, 103.1746, 171.2376, -35.67532
2018-04-12T10:17:18.5657575Z, 1, 103.1486, 171.3098, -35.6786
2018-04-12T10:17:18.5802964Z, 1, 103.1486, 171.3098, -35.6786
2018-04-12T10:17:18.5966444Z, 1, 103.0494, 171.2552, -35.7621
2018-04-12T10:17:18.6071607Z, 1, 103.0689, 171.2971, -35.75801
2018-04-12T10:17:18.6244208Z, 1, 103.0929, 171.3763, -35.79424
2018-04-12T10:17:18.6409134Z, 1, 103.0929, 171.3763, -35.79424
2018-04-12T10:17:18.6571409Z, 1, 103.2025, 171.5666, -35.77789
2018-04-12T10:17:18.6738515Z, 1, 103.1896, 171.6128, -35.75721
2018-04-12T10:17:18.6907655Z, 1, 103.1876, 171.6545, -35.70393
2018-04-12T10:17:18.6957729Z, 1, 103.1876, 171.6545, -35.70393
2018-04-12T10:17:18.7017819Z, 1, 103.1963, 171.6864, -35.67641
2018-04-12T10:17:18.7184224Z, 1, 103.2464, 171.7738, -35.62901
2018-04-12T10:17:18.7361991Z, 1, 103.2497, 171.7854, -35.62678
2018-04-12T10:17:18.7516802Z, 1, 103.2848, 171.7936, -35.58821
2018-04-12T10:17:18.7692195Z, 1, 103.3291, 171.7366, -35.58469
2018-04-12T10:17:18.7732262Z, 1, 103.3291, 171.7366, -35.58469
2018-04-12T10:17:18.7797341Z, 1, 103.2935, 171.6501, -35.54552
2018-04-12T10:17:18.7966965Z, 1, 103.2941, 171.6408, -35.51636
2018-04-12T10:17:18.8134048Z, 1, 103.2807, 171.6263, -35.51149
2018-04-12T10:17:18.8299304Z, 1, 103.2961, 171.6412, -35.50891
2018-04-12T10:17:18.8464312Z, 1, 103.1807, 171.4226, -35.53881
2018-04-12T10:17:18.8539323Z, 1, 103.1769, 171.3569, -35.53494
2018-04-12T10:17:18.8599401Z, 1, 103.1769, 171.3569, -35.53494
2018-04-12T10:17:18.8768126Z, 1, 103.2451, 171.2791, -35.58942
2018-04-12T10:17:18.8938570Z, 1, 103.3352, 171.2515, -35.67444
2018-04-12T10:17:18.8988644Z, 1, 103.3933, 171.2407, -35.71507
2018-04-12T10:17:18.9028717Z, 1, 103.3933, 171.2407, -35.71507
2018-04-12T10:17:18.9197676Z, 1, 103.5232, 171.214, -35.68892
2018-04-12T10:17:18.9237732Z, 1, 103.5232, 171.214, -35.68892
2018-04-12T10:17:18.9408284Z, 1, 103.6919, 171.2346, -35.75647
2018-04-12T10:17:18.9458355Z, 1, 103.7579, 171.2145, -35.79999
2018-04-12T10:17:18.9533478Z, 1, 103.7579, 171.2145, -35.79999
2018-04-12T10:17:18.9688715Z, 1, 103.8933, 171.2914, -35.7912
2018-04-12T10:17:18.9853916Z, 1, 103.9679, 171.28, -35.81462
2018-04-12T10:17:19.0019180Z, 1, 104.0139, 171.2894, -35.81152
2018-04-12T10:17:19.0189431Z, 1, 104.0659, 171.2954, -35.79475
2018-04-12T10:17:19.0224492Z, 1, 104.0827, 171.2912, -35.76871
2018-04-12T10:17:19.0299600Z, 1, 104.0827, 171.2912, -35.76871
2018-04-12T10:17:19.0449427Z, 1, 104.1044, 171.2771, -35.70536
2018-04-12T10:17:19.0614082Z, 1, 104.1115, 171.262, -35.66008
2018-04-12T10:17:19.0780516Z, 1, 104.1867, 171.3827, -35.60218
2018-04-12T10:17:19.0950712Z, 1, 104.1803, 171.3649, -35.57897
2018-04-12T10:17:19.1114530Z, 1, 104.2057, 171.3335, -35.55724
2018-04-12T10:17:19.1274948Z, 1, 104.1544, 171.1774, -35.50934
2018-04-12T10:17:19.1344890Z, 1, 104.1544, 171.1774, -35.50934
2018-04-12T10:17:19.1384941Z, 1, 104.1596, 171.1359, -35.49797
2018-04-12T10:17:19.1425014Z, 1, 104.1646, 171.1103, -35.47632
2018-04-12T10:17:19.1600108Z, 1, 104.1588, 171.0583, -35.53213
2018-04-12T10:17:19.1660192Z, 1, 104.1766, 171.0127, -35.57241
2018-04-12T10:17:19.1705265Z, 1, 104.1766, 171.0127, -35.57241
2018-04-12T10:17:19.1867214Z, 1, 104.1756, 170.9388, -35.59198
2018-04-12T10:17:19.2036092Z, 1, 104.1984, 170.8527, -35.54247
2018-04-12T10:17:19.2201741Z, 1, 104.1958, 170.7386, -35.58244
2018-04-12T10:17:19.2367221Z, 1, 104.1965, 170.7265, -35.60764
2018-04-12T10:17:19.2530604Z, 1, 104.1964, 170.6648, -35.6086
2018-04-12T10:17:19.2590651Z, 1, 104.2052, 170.6578, -35.57871
2018-04-12T10:17:19.2650666Z, 1, 104.2052, 170.6578, -35.57871
2018-04-12T10:17:19.2802631Z, 1, 104.1887, 170.5843, -35.54061
2018-04-12T10:17:19.2964246Z, 1, 104.1751, 170.5175, -35.5762
2018-04-12T10:17:19.3129029Z, 1, 104.0788, 170.3648, -35.53922
2018-04-12T10:17:19.3294370Z, 1, 103.9491, 170.1613, -35.48495
2018-04-12T10:17:19.3455644Z, 1, 103.8458, 170.0831, -35.43224
2018-04-12T10:17:19.3549832Z, 1, 103.8166, 170.1013, -35.39192
2018-04-12T10:17:19.3594900Z, 1, 103.8166, 170.1013, -35.39192
2018-04-12T10:17:19.3763429Z, 1, 103.8678, 170.2182, -35.36704
2018-04-12T10:17:19.3927523Z, 1, 103.9081, 170.4262, -35.37344
2018-04-12T10:17:19.4091407Z, 1, 103.9407, 170.615, -35.35312
2018-04-12T10:17:19.4136349Z, 1, 103.9407, 170.615, -35.35312
2018-04-12T10:17:19.4306617Z, 1, 104.0006, 170.8228, -35.31989
2018-04-12T10:17:19.4371801Z, 1, 104.009, 170.8917, -35.31529
2018-04-12T10:17:19.4540301Z, 1, 103.9768, 171.0031, -35.29601
2018-04-12T10:17:19.4710836Z, 1, 103.9531, 171.0316, -35.29264
2018-04-12T10:17:19.4871156Z, 1, 103.8946, 171.0948, -35.28274
2018-04-12T10:17:19.4916233Z, 1, 103.8505, 171.0965, -35.26597
2018-04-12T10:17:19.4956294Z, 1, 103.8505, 171.0965, -35.26597
2018-04-12T10:17:19.5011375Z, 1, 103.8505, 171.0965, -35.26597
2018-04-12T10:17:19.5179118Z, 1, 103.7941, 171.0935, -35.22691
2018-04-12T10:17:19.5241470Z, 1, 103.7574, 171.0688, -35.2251
2018-04-12T10:17:19.5314507Z, 1, 103.7574, 171.0688, -35.2251
2018-04-12T10:17:19.5449053Z, 1, 103.6868, 171.0642, -35.19759
2018-04-12T10:17:19.5615888Z, 1, 103.5844, 171.0014, -35.13372
2018-04-12T10:17:19.5783102Z, 1, 103.5096, 170.9594, -35.10123
2018-04-12T10:17:19.5948368Z, 1, 103.4959, 170.9261, -35.05294
2018-04-12T10:17:19.6113607Z, 1, 103.5177, 170.9289, -35.03942
2018-04-12T10:17:19.6278865Z, 1, 103.4916, 170.8127, -35.11557
2018-04-12T10:17:19.6338958Z, 1, 103.5125, 170.79, -35.12974
2018-04-12T10:17:19.6409065Z, 1, 103.5125, 170.79, -35.12974
2018-04-12T10:17:19.6584345Z, 1, 103.5672, 170.7393, -35.17635
2018-04-12T10:17:19.6744577Z, 1, 103.6158, 170.6757, -35.21455
2018-04-12T10:17:19.6799660Z, 1, 103.6158, 170.6757, -35.21455
2018-04-12T10:17:19.6864776Z, 1, 103.6513, 170.6429, -35.26012
2018-04-12T10:17:19.7030126Z, 1, 103.7026, 170.5632, -35.26083
2018-04-12T10:17:19.7205396Z, 1, 103.7422, 170.5451, -35.30507
2018-04-12T10:17:19.7363215Z, 1, 103.829, 170.5022, -35.33607
2018-04-12T10:17:19.7533525Z, 1, 103.8481, 170.4893, -35.29597
2018-04-12T10:17:19.7593615Z, 1, 103.8739, 170.4782, -35.25917
2018-04-12T10:17:19.7633716Z, 1, 103.8739, 170.4782, -35.25917
2018-04-12T10:17:19.7673741Z, 1, 103.8739, 170.4782, -35.25917
2018-04-12T10:17:19.7842534Z, 1, 103.9008, 170.4911, -35.25396
2018-04-12T10:17:19.7917651Z, 1, 103.9008, 170.4911, -35.25396
2018-04-12T10:17:19.7962722Z, 1, 103.9668, 170.4943, -35.2018
2018-04-12T10:17:19.8131421Z, 1, 104.0157, 170.4899, -35.15174
2018-04-12T10:17:19.8296364Z, 1, 104.0348, 170.4878, -35.13506
2018-04-12T10:17:19.8458335Z, 1, 104.0961, 170.5048, -35.08329
2018-04-12T10:17:19.8553511Z, 1, 104.1211, 170.5064, -35.05694
2018-04-12T10:17:19.8603616Z, 1, 104.1336, 170.4864, -35.03685
2018-04-12T10:17:19.8777410Z, 1, 104.1715, 170.5054, -34.99197
2018-04-12T10:17:19.8933615Z, 1, 104.2417, 170.5409, -34.96394
2018-04-12T10:17:19.9023902Z, 1, 104.2752, 170.5519, -34.94841
2018-04-12T10:17:19.9063989Z, 1, 104.2752, 170.5519, -34.94841
2018-04-12T10:17:19.9239143Z, 1, 104.3388, 170.5607, -34.90115
2018-04-12T10:17:19.9398675Z, 1, 104.4089, 170.6095, -34.84945
2018-04-12T10:17:19.9463928Z, 1, 104.4427, 170.6335, -34.83456
2018-04-12T10:17:19.9538768Z, 1, 104.4427, 170.6335, -34.83456
2018-04-12T10:17:19.9699422Z, 1, 104.4741, 170.6109, -34.78312
2018-04-12T10:17:19.9864683Z, 1, 104.5073, 170.6237, -34.75035
2018-04-12T10:17:19.9909757Z, 1, 104.5073, 170.6237, -34.75035
2018-04-12T10:17:19.9954810Z, 1, 104.5432, 170.6493, -34.74234
2018-04-12T10:17:20.0004887Z, 1, 104.5432, 170.6493, -34.74234
2018-04-12T10:17:20.0175289Z, 1, 104.6129, 170.6979, -34.67451
2018-04-12T10:17:20.0359488Z, 1, 104.6898, 170.7897, -34.59835
2018-04-12T10:17:20.0465092Z, 1, 104.7381, 170.8166, -34.56786
2018-04-12T10:17:20.0659639Z, 1, 104.7901, 170.8686, -34.52803
2018-04-12T10:17:20.0799784Z, 1, 104.8804, 170.936, -34.45145
2018-04-12T10:17:20.0966721Z, 1, 104.9335, 171.0104, -34.37732
2018-04-12T10:17:20.1026825Z, 1, 104.9335, 171.0104, -34.37732
2018-04-12T10:17:20.1097041Z, 1, 104.9528, 171.0642, -34.34684
2018-04-12T10:17:20.1262177Z, 1, 105.0254, 171.2082, -34.28274
2018-04-12T10:17:20.1437348Z, 1, 105.0827, 171.3103, -34.22459
2018-04-12T10:17:20.1487420Z, 1, 105.0827, 171.3103, -34.22459
2018-04-12T10:17:20.1557533Z, 1, 105.1098, 171.3339, -34.18711
2018-04-12T10:17:20.1725282Z, 1, 105.174, 171.3888, -34.11262
2018-04-12T10:17:20.1900553Z, 1, 105.2505, 171.4207, -34.0648
2018-04-12T10:17:20.2055187Z, 1, 105.2711, 171.4114, -34.03688
2018-04-12T10:17:20.2105457Z, 1, 105.326, 171.4626, -34.02719
2018-04-12T10:17:20.2150335Z, 1, 105.326, 171.4626, -34.02719
2018-04-12T10:17:20.2320241Z, 1, 105.3864, 171.4856, -33.95721
2018-04-12T10:17:20.2488576Z, 1, 105.4555, 171.49, -33.90132
2018-04-12T10:17:20.2660010Z, 1, 105.5018, 171.5331, -33.86462
2018-04-12T10:17:20.2828154Z, 1, 105.5605, 171.6204, -33.8241
2018-04-12T10:17:20.2998558Z, 1, 105.6029, 171.6633, -33.76221
2018-04-12T10:17:20.3170363Z, 1, 105.6363, 171.7911, -33.72391
2018-04-12T10:17:20.3331901Z, 1, 105.6855, 171.8665, -33.66166
2018-04-12T10:17:20.3377015Z, 1, 105.6855, 171.8665, -33.66166
2018-04-12T10:17:20.3427152Z, 1, 105.6991, 171.8981, -33.6303
2018-04-12T10:17:20.3690472Z, 1, 105.7428, 172.0369, -33.57129
2018-04-12T10:17:20.3760574Z, 1, 105.7428, 172.0369, -33.57129
2018-04-12T10:17:20.3924008Z, 1, 105.7389, 172.0947, -33.54552
2018-04-12T10:17:20.4091341Z, 1, 105.8532, 172.3492, -33.55502
2018-04-12T10:17:20.4156651Z, 1, 105.8532, 172.3492, -33.55502
2018-04-12T10:17:20.4201491Z, 1, 105.8676, 172.3424, -33.52703
2018-04-12T10:17:20.4372308Z, 1, 105.8994, 172.3903, -33.49421
2018-04-12T10:17:20.4537495Z, 1, 105.897, 172.4035, -33.4626
2018-04-12T10:17:20.4701768Z, 1, 105.882, 172.4309, -33.43859
2018-04-12T10:17:20.4863344Z, 1, 105.8949, 172.4385, -33.40093
2018-04-12T10:17:20.4918430Z, 1, 105.8949, 172.4385, -33.40093
2018-04-12T10:17:20.4963501Z, 1, 105.9021, 172.4231, -33.36526
2018-04-12T10:17:20.5133820Z, 1, 105.8798, 172.3497, -33.33559
2018-04-12T10:17:20.5300851Z, 1, 105.8639, 172.2746, -33.28425
2018-04-12T10:17:20.5464789Z, 1, 105.8635, 172.2475, -33.26636
2018-04-12T10:17:20.5631268Z, 1, 105.9189, 172.2165, -33.2538
2018-04-12T10:17:20.5794876Z, 1, 106.008, 172.1863, -33.22484
2018-04-12T10:17:20.5960134Z, 1, 106.1125, 172.2265, -33.18371
2018-04-12T10:17:20.6005094Z, 1, 106.1125, 172.2265, -33.18371
2018-04-12T10:17:20.6060171Z, 1, 106.1711, 172.2228, -33.14914
2018-04-12T10:17:20.6100347Z, 1, 106.1711, 172.2228, -33.14914
2018-04-12T10:17:20.6260633Z, 1, 106.282, 172.2083, -33.09469
2018-04-12T10:17:20.6431518Z, 1, 106.3763, 172.219, -33.08445
2018-04-12T10:17:20.6488002Z, 1, 106.3763, 172.219, -33.08445
2018-04-12T10:17:20.6546796Z, 1, 106.4208, 172.2285, -33.05584
2018-04-12T10:17:20.6713071Z, 1, 106.4751, 172.2261, -33.06341
2018-04-12T10:17:20.6873309Z, 1, 106.4919, 172.2048, -33.04346
2018-04-12T10:17:20.7043579Z, 1, 106.5634, 172.2368, -32.9669
2018-04-12T10:17:20.7208826Z, 1, 106.6583, 172.2584, -32.93702
2018-04-12T10:17:20.7374082Z, 1, 106.697, 172.2511, -32.91935
2018-04-12T10:17:20.7419164Z, 1, 106.7665, 172.2813, -32.89193
2018-04-12T10:17:20.7474233Z, 1, 106.8119, 172.2856, -32.86283
2018-04-12T10:17:20.7669537Z, 1, 106.9306, 172.3384, -32.82091
2018-04-12T10:17:20.7809747Z, 1, 106.9911, 172.3787, -32.80858
2018-04-12T10:17:20.7995031Z, 1, 107.1224, 172.4555, -32.80087
2018-04-12T10:17:20.8140250Z, 1, 107.2535, 172.4886, -32.79669
2018-04-12T10:17:20.8300499Z, 1, 107.3082, 172.489, -32.78303
2018-04-12T10:17:33.1360513Z, False, 0, 0, 0
