2019-05-13T12:40:26.1802154Z, False, 0, 0, 0
2019-05-13T12:40:26.1842050Z, False, 0, 0, 0
2019-05-13T12:40:26.2042410Z, False, 0, 0, 0
2019-05-13T12:40:26.2202154Z, False, 0, 0, 0
2019-05-13T12:40:26.2362205Z, False, 0, 0, 0
2019-05-13T12:40:26.2503081Z, False, 0, 0, 0
2019-05-13T12:40:26.2702784Z, False, 0, 0, 0
2019-05-13T12:40:26.2862980Z, False, 0, 0, 0
2019-05-13T12:40:26.3023470Z, False, 0, 0, 0
2019-05-13T12:40:26.3195863Z, False, 0, 0, 0
2019-05-13T12:40:26.3356346Z, False, 0, 0, 0
2019-05-13T12:40:26.3534073Z, False, 0, 0, 0
2019-05-13T12:40:26.3694007Z, False, 0, 0, 0
2019-05-13T12:40:26.3860282Z, False, 0, 0, 0
2019-05-13T12:40:26.4020276Z, False, 0, 0, 0
2019-05-13T12:40:26.4153522Z, False, 0, 0, 0
2019-05-13T12:40:26.4353745Z, False, 0, 0, 0
2019-05-13T12:40:26.4505095Z, False, 0, 0, 0
2019-05-13T12:40:26.4687057Z, False, 0, 0, 0
2019-05-13T12:40:26.4823590Z, False, 0, 0, 0
2019-05-13T12:40:26.4983590Z, False, 0, 0, 0
2019-05-13T12:40:26.5183574Z, False, 0, 0, 0
2019-05-13T12:40:26.5343580Z, False, 0, 0, 0
2019-05-13T12:40:26.5488123Z, False, 0, 0, 0
2019-05-13T12:40:26.5654059Z, False, 0, 0, 0
2019-05-13T12:40:26.5834969Z, False, 0, 0, 0
2019-05-13T12:40:26.5998223Z, False, 0, 0, 0
2019-05-13T12:40:26.6168932Z, False, 0, 0, 0
2019-05-13T12:40:26.6329262Z, False, 0, 0, 0
2019-05-13T12:40:26.6489253Z, False, 0, 0, 0
2019-05-13T12:40:26.6653597Z, False, 0, 0, 0
2019-05-13T12:40:26.6813605Z, False, 0, 0, 0
2019-05-13T12:40:26.6973605Z, False, 0, 0, 0
2019-05-13T12:40:26.7174301Z, False, 0, 0, 0
2019-05-13T12:40:26.7334301Z, False, 0, 0, 0
2019-05-13T12:40:26.7494716Z, False, 0, 0, 0
2019-05-13T12:40:26.7657185Z, False, 0, 0, 0
2019-05-13T12:40:26.7816801Z, False, 0, 0, 0
2019-05-13T12:40:26.7976690Z, False, 0, 0, 0
2019-05-13T12:40:26.8136849Z, False, 0, 0, 0
2019-05-13T12:40:26.8336865Z, False, 0, 0, 0
2019-05-13T12:40:26.8497067Z, False, 0, 0, 0
2019-05-13T12:40:26.8667821Z, False, 0, 0, 0
2019-05-13T12:40:26.8827520Z, False, 0, 0, 0
2019-05-13T12:40:26.8987824Z, False, 0, 0, 0
2019-05-13T12:40:26.9127714Z, False, 0, 0, 0
2019-05-13T12:40:26.9327721Z, False, 0, 0, 0
2019-05-13T12:40:26.9487411Z, False, 0, 0, 0
2019-05-13T12:40:26.9654138Z, False, 0, 0, 0
2019-05-13T12:40:26.9814695Z, False, 0, 0, 0
2019-05-13T12:40:26.9974658Z, False, 0, 0, 0
2019-05-13T12:40:27.0134226Z, False, 0, 0, 0
2019-05-13T12:40:27.0294658Z, False, 0, 0, 0
2019-05-13T12:40:27.0456803Z, False, 0, 0, 0
2019-05-13T12:40:27.0653869Z, False, 0, 0, 0
2019-05-13T12:40:27.0819950Z, False, 0, 0, 0
2019-05-13T12:40:27.0979947Z, False, 0, 0, 0
2019-05-13T12:40:27.1139592Z, False, 0, 0, 0
2019-05-13T12:40:27.1300226Z, False, 0, 0, 0
2019-05-13T12:40:27.1460516Z, False, 0, 0, 0
2019-05-13T12:40:27.1624325Z, False, 0, 0, 0
2019-05-13T12:40:27.1795404Z, False, 0, 0, 0
2019-05-13T12:40:27.1955401Z, False, 0, 0, 0
2019-05-13T12:40:27.2136137Z, False, 0, 0, 0
2019-05-13T12:40:27.2296433Z, False, 0, 0, 0
2019-05-13T12:40:27.2456430Z, False, 0, 0, 0
2019-05-13T12:40:27.2636770Z, False, 0, 0, 0
2019-05-13T12:40:27.2799589Z, False, 0, 0, 0
2019-05-13T12:40:27.2959791Z, False, 0, 0, 0
2019-05-13T12:40:27.3120112Z, False, 0, 0, 0
2019-05-13T12:40:27.3280115Z, False, 0, 0, 0
2019-05-13T12:40:27.3439916Z, False, 0, 0, 0
2019-05-13T12:40:27.3600115Z, False, 0, 0, 0
2019-05-13T12:40:27.3774630Z, False, 0, 0, 0
2019-05-13T12:40:27.3934226Z, False, 0, 0, 0
2019-05-13T12:40:27.4134131Z, False, 0, 0, 0
2019-05-13T12:40:27.4294637Z, False, 0, 0, 0
2019-05-13T12:40:27.4435907Z, False, 0, 0, 0
2019-05-13T12:40:27.4606607Z, False, 0, 0, 0
2019-05-13T12:40:27.4778702Z, False, 0, 0, 0
2019-05-13T12:40:27.4938608Z, False, 0, 0, 0
2019-05-13T12:40:27.5102596Z, False, 0, 0, 0
2019-05-13T12:40:27.5262283Z, False, 0, 0, 0
2019-05-13T12:40:27.5422587Z, False, 0, 0, 0
2019-05-13T12:40:27.5622586Z, False, 0, 0, 0
2019-05-13T12:40:27.5761275Z, False, 0, 0, 0
2019-05-13T12:40:27.5957340Z, False, 0, 0, 0
2019-05-13T12:40:27.6085365Z, False, 0, 0, 0
2019-05-13T12:40:27.6285887Z, False, 0, 0, 0
2019-05-13T12:40:27.6453328Z, False, 0, 0, 0
2019-05-13T12:40:27.6613325Z, False, 0, 0, 0
2019-05-13T12:40:27.6805661Z, False, 0, 0, 0
2019-05-13T12:40:27.6925207Z, False, 0, 0, 0
2019-05-13T12:40:27.7095680Z, False, 0, 0, 0
2019-05-13T12:40:27.7255680Z, False, 0, 0, 0
2019-05-13T12:40:27.7415669Z, False, 0, 0, 0
2019-05-13T12:40:27.7578240Z, False, 0, 0, 0
2019-05-13T12:40:27.7737776Z, False, 0, 0, 0
2019-05-13T12:40:27.7914923Z, False, 0, 0, 0
2019-05-13T12:40:27.8079525Z, False, 0, 0, 0
2019-05-13T12:40:27.8239781Z, False, 0, 0, 0
2019-05-13T12:40:27.8399582Z, False, 0, 0, 0
2019-05-13T12:40:27.8599606Z, False, 0, 0, 0
2019-05-13T12:40:27.8759484Z, False, 0, 0, 0
2019-05-13T12:40:27.8930284Z, False, 0, 0, 0
2019-05-13T12:40:27.9090281Z, False, 0, 0, 0
2019-05-13T12:40:27.9267296Z, False, 0, 0, 0
2019-05-13T12:40:27.9427299Z, False, 0, 0, 0
2019-05-13T12:40:27.9559916Z, False, 0, 0, 0
2019-05-13T12:40:27.9726324Z, False, 0, 0, 0
2019-05-13T12:40:27.9946447Z, False, 0, 0, 0
2019-05-13T12:40:28.0074467Z, False, 0, 0, 0
2019-05-13T12:40:28.0237684Z, False, 0, 0, 0
2019-05-13T12:40:28.0397997Z, False, 0, 0, 0
2019-05-13T12:40:28.0558273Z, False, 0, 0, 0
2019-05-13T12:40:28.0758257Z, False, 0, 0, 0
2019-05-13T12:40:28.0888470Z, False, 0, 0, 0
2019-05-13T12:40:28.1079992Z, False, 0, 0, 0
2019-05-13T12:40:28.1239790Z, False, 0, 0, 0
2019-05-13T12:40:28.1439615Z, False, 0, 0, 0
2019-05-13T12:40:28.1559966Z, False, 0, 0, 0
2019-05-13T12:40:28.1720430Z, False, 0, 0, 0
2019-05-13T12:40:28.1890826Z, False, 0, 0, 0
2019-05-13T12:40:28.2049225Z, False, 0, 0, 0
2019-05-13T12:40:28.2209762Z, False, 0, 0, 0
2019-05-13T12:40:28.2380039Z, False, 0, 0, 0
2019-05-13T12:40:28.2580041Z, False, 0, 0, 0
2019-05-13T12:40:28.2739833Z, False, 0, 0, 0
2019-05-13T12:40:28.2900035Z, False, 0, 0, 0
2019-05-13T12:40:28.3076356Z, False, 0, 0, 0
2019-05-13T12:40:28.3236450Z, False, 0, 0, 0
2019-05-13T12:40:28.3396353Z, False, 0, 0, 0
2019-05-13T12:40:28.3559184Z, False, 0, 0, 0
2019-05-13T12:40:28.3719192Z, False, 0, 0, 0
2019-05-13T12:40:28.3867311Z, False, 0, 0, 0
2019-05-13T12:40:28.4042898Z, False, 0, 0, 0
2019-05-13T12:40:28.4202972Z, False, 0, 0, 0
2019-05-13T12:40:28.4403102Z, False, 0, 0, 0
2019-05-13T12:40:28.4586235Z, False, 0, 0, 0
2019-05-13T12:40:28.4705881Z, False, 0, 0, 0
2019-05-13T12:40:28.4887604Z, False, 0, 0, 0
2019-05-13T12:40:28.5046455Z, False, 0, 0, 0
2019-05-13T12:40:28.5227518Z, False, 0, 0, 0
2019-05-13T12:40:28.5387831Z, False, 0, 0, 0
2019-05-13T12:40:28.5564454Z, False, 0, 0, 0
2019-05-13T12:40:28.5724431Z, False, 0, 0, 0
2019-05-13T12:40:28.5857909Z, False, 0, 0, 0
2019-05-13T12:40:28.6074645Z, False, 0, 0, 0
2019-05-13T12:40:28.6234633Z, False, 0, 0, 0
2019-05-13T12:40:28.6358065Z, False, 0, 0, 0
2019-05-13T12:40:28.6518065Z, False, 0, 0, 0
2019-05-13T12:40:28.6718058Z, False, 0, 0, 0
2019-05-13T12:40:28.6888022Z, False, 0, 0, 0
2019-05-13T12:40:28.7043755Z, False, 0, 0, 0
2019-05-13T12:40:28.7193546Z, False, 0, 0, 0
2019-05-13T12:40:28.7354038Z, False, 0, 0, 0
2019-05-13T12:40:28.7514072Z, False, 0, 0, 0
2019-05-13T12:40:28.7714031Z, False, 0, 0, 0
2019-05-13T12:40:28.7895600Z, False, 0, 0, 0
2019-05-13T12:40:28.8055606Z, False, 0, 0, 0
2019-05-13T12:40:28.8186158Z, False, 0, 0, 0
2019-05-13T12:40:28.8360624Z, False, 0, 0, 0
2019-05-13T12:40:28.8521122Z, False, 0, 0, 0
2019-05-13T12:40:28.8681125Z, False, 0, 0, 0
2019-05-13T12:40:28.8840920Z, False, 0, 0, 0
2019-05-13T12:40:28.9040742Z, False, 0, 0, 0
2019-05-13T12:40:28.9186560Z, False, 0, 0, 0
2019-05-13T12:40:28.9346571Z, False, 0, 0, 0
2019-05-13T12:40:28.9513096Z, False, 0, 0, 0
2019-05-13T12:40:28.9672752Z, False, 0, 0, 0
2019-05-13T12:40:28.9853579Z, False, 0, 0, 0
2019-05-13T12:40:29.0034602Z, False, 0, 0, 0
2019-05-13T12:40:29.0194739Z, False, 0, 0, 0
2019-05-13T12:40:29.0355106Z, False, 0, 0, 0
2019-05-13T12:40:29.0518328Z, False, 0, 0, 0
2019-05-13T12:40:29.0679019Z, False, 0, 0, 0
2019-05-13T12:40:29.0838661Z, False, 0, 0, 0
2019-05-13T12:40:29.0998837Z, False, 0, 0, 0
2019-05-13T12:40:29.1170070Z, False, 0, 0, 0
2019-05-13T12:40:29.1349421Z, False, 0, 0, 0
2019-05-13T12:40:29.1516586Z, False, 0, 0, 0
2019-05-13T12:40:29.1679880Z, False, 0, 0, 0
2019-05-13T12:40:29.1839905Z, False, 0, 0, 0
2019-05-13T12:40:29.2000411Z, False, 0, 0, 0
2019-05-13T12:40:29.2159939Z, False, 0, 0, 0
2019-05-13T12:40:29.2326498Z, False, 0, 0, 0
2019-05-13T12:40:29.2486151Z, False, 0, 0, 0
2019-05-13T12:40:29.2661975Z, False, 0, 0, 0
2019-05-13T12:40:29.2821972Z, False, 0, 0, 0
2019-05-13T12:40:29.2981969Z, False, 0, 0, 0
2019-05-13T12:40:29.3181965Z, False, 0, 0, 0
2019-05-13T12:40:29.3322981Z, False, 0, 0, 0
2019-05-13T12:40:29.3498014Z, False, 0, 0, 0
2019-05-13T12:40:29.3660062Z, False, 0, 0, 0
2019-05-13T12:40:29.3841207Z, False, 0, 0, 0
2019-05-13T12:40:29.4001404Z, False, 0, 0, 0
2019-05-13T12:40:29.4161406Z, False, 0, 0, 0
2019-05-13T12:40:29.4335671Z, False, 0, 0, 0
2019-05-13T12:40:29.4496015Z, False, 0, 0, 0
2019-05-13T12:40:29.4656018Z, False, 0, 0, 0
2019-05-13T12:40:29.4816015Z, False, 0, 0, 0
2019-05-13T12:40:29.4975552Z, False, 0, 0, 0
2019-05-13T12:40:29.5136015Z, False, 0, 0, 0
2019-05-13T12:40:29.5316558Z, False, 0, 0, 0
2019-05-13T12:40:29.5497706Z, False, 0, 0, 0
2019-05-13T12:40:29.5659950Z, False, 0, 0, 0
2019-05-13T12:40:29.5820411Z, False, 0, 0, 0
2019-05-13T12:40:29.5980414Z, False, 0, 0, 0
2019-05-13T12:40:29.6140226Z, False, 0, 0, 0
2019-05-13T12:40:29.6300414Z, False, 0, 0, 0
2019-05-13T12:40:29.6481773Z, False, 0, 0, 0
2019-05-13T12:40:29.6641585Z, False, 0, 0, 0
2019-05-13T12:40:29.6801775Z, False, 0, 0, 0
2019-05-13T12:40:29.6983962Z, False, 0, 0, 0
2019-05-13T12:40:29.7143476Z, False, 0, 0, 0
2019-05-13T12:40:29.7324001Z, False, 0, 0, 0
2019-05-13T12:40:29.7475840Z, False, 0, 0, 0
2019-05-13T12:40:29.7636253Z, False, 0, 0, 0
2019-05-13T12:40:29.7822333Z, False, 0, 0, 0
2019-05-13T12:40:29.7962812Z, False, 0, 0, 0
2019-05-13T12:40:29.8122488Z, False, 0, 0, 0
2019-05-13T12:40:29.8322807Z, False, 0, 0, 0
2019-05-13T12:40:29.8478618Z, False, 0, 0, 0
2019-05-13T12:40:29.8638743Z, False, 0, 0, 0
2019-05-13T12:40:29.8798945Z, False, 0, 0, 0
2019-05-13T12:40:29.8958953Z, False, 0, 0, 0
2019-05-13T12:40:29.9118944Z, False, 0, 0, 0
2019-05-13T12:40:29.9278927Z, False, 0, 0, 0
2019-05-13T12:40:29.9458870Z, False, 0, 0, 0
2019-05-13T12:40:29.9618872Z, False, 0, 0, 0
2019-05-13T12:40:29.9778872Z, False, 0, 0, 0
2019-05-13T12:40:29.9938944Z, False, 0, 0, 0
2019-05-13T12:40:30.0139625Z, False, 0, 0, 0
2019-05-13T12:40:30.0299943Z, False, 0, 0, 0
2019-05-13T12:40:30.0441062Z, False, 0, 0, 0
2019-05-13T12:40:30.0617144Z, False, 0, 0, 0
2019-05-13T12:40:30.0777457Z, False, 0, 0, 0
2019-05-13T12:40:30.0940850Z, False, 0, 0, 0
2019-05-13T12:40:30.1101052Z, False, 0, 0, 0
2019-05-13T12:40:30.1301051Z, False, 0, 0, 0
2019-05-13T12:40:30.1461489Z, False, 0, 0, 0
2019-05-13T12:40:30.1621571Z, False, 0, 0, 0
2019-05-13T12:40:30.1781196Z, False, 0, 0, 0
2019-05-13T12:40:30.1941583Z, False, 0, 0, 0
2019-05-13T12:40:30.2101574Z, False, 0, 0, 0
2019-05-13T12:40:30.2261372Z, False, 0, 0, 0
2019-05-13T12:40:30.2461572Z, False, 0, 0, 0
2019-05-13T12:40:30.2592582Z, False, 0, 0, 0
2019-05-13T12:40:30.2755392Z, False, 0, 0, 0
2019-05-13T12:40:30.2920717Z, False, 0, 0, 0
2019-05-13T12:40:30.3120599Z, False, 0, 0, 0
2019-05-13T12:40:30.3281077Z, False, 0, 0, 0
2019-05-13T12:40:30.3440875Z, False, 0, 0, 0
2019-05-13T12:40:30.3604240Z, False, 0, 0, 0
2019-05-13T12:40:30.3780228Z, False, 0, 0, 0
2019-05-13T12:40:30.3940040Z, False, 0, 0, 0
2019-05-13T12:40:30.4100231Z, False, 0, 0, 0
2019-05-13T12:40:30.4259872Z, False, 0, 0, 0
2019-05-13T12:40:30.4419872Z, False, 0, 0, 0
2019-05-13T12:40:30.4620229Z, False, 0, 0, 0
2019-05-13T12:40:30.4757713Z, False, 0, 0, 0
2019-05-13T12:40:30.4918057Z, False, 0, 0, 0
2019-05-13T12:40:30.5078242Z, False, 0, 0, 0
2019-05-13T12:40:30.5278234Z, False, 0, 0, 0
2019-05-13T12:40:30.5437879Z, False, 0, 0, 0
2019-05-13T12:40:30.5597919Z, False, 0, 0, 0
2019-05-13T12:40:30.5758231Z, False, 0, 0, 0
2019-05-13T12:40:30.5918240Z, False, 0, 0, 0
2019-05-13T12:40:30.6078231Z, False, 0, 0, 0
2019-05-13T12:40:30.6237936Z, False, 0, 0, 0
2019-05-13T12:40:30.6398217Z, False, 0, 0, 0
2019-05-13T12:40:30.6598224Z, False, 0, 0, 0
2019-05-13T12:40:30.6774400Z, False, 0, 0, 0
2019-05-13T12:40:30.6934409Z, False, 0, 0, 0
2019-05-13T12:40:30.7094409Z, False, 0, 0, 0
2019-05-13T12:40:30.7258001Z, False, 0, 0, 0
2019-05-13T12:40:30.7417683Z, False, 0, 0, 0
2019-05-13T12:40:30.7577998Z, False, 0, 0, 0
2019-05-13T12:40:30.7758214Z, False, 0, 0, 0
2019-05-13T12:40:30.7918680Z, False, 0, 0, 0
2019-05-13T12:40:30.8078686Z, False, 0, 0, 0
2019-05-13T12:40:30.8252760Z, False, 0, 0, 0
2019-05-13T12:40:30.8394854Z, False, 0, 0, 0
2019-05-13T12:40:30.8554857Z, False, 0, 0, 0
2019-05-13T12:40:30.8766791Z, False, 0, 0, 0
2019-05-13T12:40:30.8926791Z, False, 0, 0, 0
2019-05-13T12:40:30.9062838Z, False, 0, 0, 0
2019-05-13T12:40:30.9222508Z, False, 0, 0, 0
2019-05-13T12:40:30.9382838Z, False, 0, 0, 0
2019-05-13T12:40:30.9582486Z, False, 0, 0, 0
2019-05-13T12:40:30.9710552Z, False, 0, 0, 0
2019-05-13T12:40:30.9888847Z, False, 0, 0, 0
2019-05-13T12:40:31.0059400Z, False, 0, 0, 0
2019-05-13T12:40:31.0219411Z, False, 0, 0, 0
2019-05-13T12:40:31.0379389Z, False, 0, 0, 0
2019-05-13T12:40:31.0539519Z, False, 0, 0, 0
2019-05-13T12:40:31.0706303Z, False, 0, 0, 0
2019-05-13T12:40:31.0873323Z, False, 0, 0, 0
2019-05-13T12:40:31.1079912Z, False, 0, 0, 0
2019-05-13T12:40:31.1239725Z, False, 0, 0, 0
2019-05-13T12:40:31.1399910Z, False, 0, 0, 0
2019-05-13T12:40:31.1559915Z, False, 0, 0, 0
2019-05-13T12:40:31.1719676Z, False, 0, 0, 0
2019-05-13T12:40:31.1919410Z, False, 0, 0, 0
2019-05-13T12:40:31.2039608Z, False, 0, 0, 0
2019-05-13T12:40:31.2199619Z, False, 0, 0, 0
2019-05-13T12:40:31.2399916Z, False, 0, 0, 0
2019-05-13T12:40:31.2559919Z, False, 0, 0, 0
2019-05-13T12:40:31.2730953Z, False, 0, 0, 0
2019-05-13T12:40:31.2870228Z, False, 0, 0, 0
2019-05-13T12:40:31.3060783Z, False, 0, 0, 0
2019-05-13T12:40:31.3201381Z, False, 0, 0, 0
2019-05-13T12:40:31.3361426Z, False, 0, 0, 0
2019-05-13T12:40:31.3561763Z, False, 0, 0, 0
2019-05-13T12:40:31.3721268Z, False, 0, 0, 0
2019-05-13T12:40:31.3881749Z, False, 0, 0, 0
2019-05-13T12:40:31.4054558Z, False, 0, 0, 0
2019-05-13T12:40:31.4214492Z, False, 0, 0, 0
2019-05-13T12:40:31.4374566Z, False, 0, 0, 0
2019-05-13T12:40:31.4534526Z, False, 0, 0, 0
2019-05-13T12:40:31.4695109Z, False, 0, 0, 0
2019-05-13T12:40:31.4858867Z, False, 0, 0, 0
2019-05-13T12:40:31.5018878Z, False, 0, 0, 0
2019-05-13T12:40:31.5178875Z, False, 0, 0, 0
2019-05-13T12:40:31.5386101Z, False, 0, 0, 0
2019-05-13T12:40:31.5527046Z, False, 0, 0, 0
2019-05-13T12:40:31.5708380Z, False, 0, 0, 0
2019-05-13T12:40:31.5882949Z, False, 0, 0, 0
2019-05-13T12:40:31.6011415Z, False, 0, 0, 0
2019-05-13T12:40:31.6201962Z, False, 0, 0, 0
2019-05-13T12:40:31.6376807Z, False, 0, 0, 0
2019-05-13T12:40:31.6536650Z, False, 0, 0, 0
2019-05-13T12:40:31.6712474Z, False, 0, 0, 0
2019-05-13T12:40:31.6853979Z, False, 0, 0, 0
2019-05-13T12:40:31.7013979Z, False, 0, 0, 0
2019-05-13T12:40:31.7193657Z, False, 0, 0, 0
2019-05-13T12:40:31.7371654Z, False, 0, 0, 0
2019-05-13T12:40:31.7531776Z, False, 0, 0, 0
2019-05-13T12:40:31.7692140Z, False, 0, 0, 0
2019-05-13T12:40:31.7842443Z, False, 0, 0, 0
2019-05-13T12:40:31.8002156Z, False, 0, 0, 0
2019-05-13T12:40:31.8181163Z, False, 0, 0, 0
2019-05-13T12:40:31.8341293Z, False, 0, 0, 0
2019-05-13T12:40:31.8501595Z, False, 0, 0, 0
2019-05-13T12:40:31.8661276Z, False, 0, 0, 0
2019-05-13T12:40:31.8861665Z, False, 0, 0, 0
2019-05-13T12:40:31.9021280Z, False, 0, 0, 0
2019-05-13T12:40:31.9182720Z, False, 0, 0, 0
2019-05-13T12:40:31.9342412Z, False, 0, 0, 0
2019-05-13T12:40:31.9502722Z, False, 0, 0, 0
2019-05-13T12:40:31.9662731Z, False, 0, 0, 0
2019-05-13T12:40:31.9822398Z, False, 0, 0, 0
2019-05-13T12:40:31.9982705Z, False, 0, 0, 0
2019-05-13T12:40:32.0155818Z, False, 0, 0, 0
2019-05-13T12:40:32.0316026Z, False, 0, 0, 0
2019-05-13T12:40:32.0516323Z, False, 0, 0, 0
2019-05-13T12:40:32.0675956Z, False, 0, 0, 0
2019-05-13T12:40:32.0836027Z, False, 0, 0, 0
2019-05-13T12:40:32.0995953Z, False, 0, 0, 0
2019-05-13T12:40:32.1178649Z, False, 0, 0, 0
2019-05-13T12:40:32.1314869Z, False, 0, 0, 0
2019-05-13T12:40:32.1514885Z, False, 0, 0, 0
2019-05-13T12:40:32.1642563Z, False, 0, 0, 0
2019-05-13T12:40:32.1842889Z, False, 0, 0, 0
2019-05-13T12:40:32.1978267Z, False, 0, 0, 0
2019-05-13T12:40:32.2137912Z, False, 0, 0, 0
2019-05-13T12:40:32.2304187Z, False, 0, 0, 0
2019-05-13T12:40:32.2482775Z, False, 0, 0, 0
2019-05-13T12:40:32.2658809Z, False, 0, 0, 0
2019-05-13T12:40:32.2818803Z, False, 0, 0, 0
2019-05-13T12:40:32.2978340Z, False, 0, 0, 0
2019-05-13T12:40:32.3138485Z, False, 0, 0, 0
2019-05-13T12:40:32.3328895Z, False, 0, 0, 0
2019-05-13T12:40:32.3489358Z, False, 0, 0, 0
2019-05-13T12:40:32.3656811Z, False, 0, 0, 0
2019-05-13T12:40:32.3816637Z, False, 0, 0, 0
2019-05-13T12:40:32.4004626Z, False, 0, 0, 0
2019-05-13T12:40:32.4124613Z, False, 0, 0, 0
2019-05-13T12:40:32.4320971Z, False, 0, 0, 0
2019-05-13T12:40:32.4480980Z, False, 0, 0, 0
2019-05-13T12:40:32.4721011Z, False, 0, 0, 0
2019-05-13T12:40:32.4801506Z, False, 0, 0, 0
2019-05-13T12:40:32.4961508Z, False, 0, 0, 0
2019-05-13T12:40:32.5121494Z, False, 0, 0, 0
2019-05-13T12:40:32.5323723Z, False, 0, 0, 0
2019-05-13T12:40:32.5483728Z, False, 0, 0, 0
2019-05-13T12:40:32.5659871Z, False, 0, 0, 0
2019-05-13T12:40:32.5819879Z, False, 0, 0, 0
2019-05-13T12:40:32.5979871Z, False, 0, 0, 0
2019-05-13T12:40:32.6139563Z, False, 0, 0, 0
2019-05-13T12:40:32.6300266Z, False, 0, 0, 0
2019-05-13T12:40:32.6460690Z, False, 0, 0, 0
2019-05-13T12:40:32.6620692Z, False, 0, 0, 0
2019-05-13T12:40:32.6780681Z, False, 0, 0, 0
2019-05-13T12:40:32.6940496Z, False, 0, 0, 0
2019-05-13T12:40:32.7140503Z, False, 0, 0, 0
2019-05-13T12:40:32.7278177Z, False, 0, 0, 0
2019-05-13T12:40:32.7490720Z, False, 0, 0, 0
2019-05-13T12:40:32.7625191Z, False, 0, 0, 0
2019-05-13T12:40:32.7785185Z, False, 0, 0, 0
2019-05-13T12:40:32.7979850Z, False, 0, 0, 0
2019-05-13T12:40:32.8099982Z, False, 0, 0, 0
2019-05-13T12:40:32.8279728Z, False, 0, 0, 0
2019-05-13T12:40:32.8439717Z, False, 0, 0, 0
2019-05-13T12:40:32.8600021Z, False, 0, 0, 0
2019-05-13T12:40:32.8800529Z, False, 0, 0, 0
2019-05-13T12:40:32.8960719Z, False, 0, 0, 0
2019-05-13T12:40:32.9121035Z, False, 0, 0, 0
2019-05-13T12:40:32.9281200Z, False, 0, 0, 0
2019-05-13T12:40:32.9463492Z, False, 0, 0, 0
2019-05-13T12:40:32.9604380Z, False, 0, 0, 0
2019-05-13T12:40:32.9776315Z, False, 0, 0, 0
2019-05-13T12:40:32.9936014Z, False, 0, 0, 0
2019-05-13T12:40:33.0096310Z, False, 0, 0, 0
2019-05-13T12:40:33.0276479Z, False, 0, 0, 0
2019-05-13T12:40:33.0436502Z, False, 0, 0, 0
2019-05-13T12:40:33.0596482Z, False, 0, 0, 0
2019-05-13T12:40:33.0789594Z, False, 0, 0, 0
2019-05-13T12:40:33.0933503Z, False, 0, 0, 0
2019-05-13T12:40:33.1105310Z, False, 0, 0, 0
2019-05-13T12:40:33.1281165Z, False, 0, 0, 0
2019-05-13T12:40:33.1447096Z, False, 0, 0, 0
2019-05-13T12:40:33.1581425Z, False, 0, 0, 0
2019-05-13T12:40:33.1781449Z, False, 0, 0, 0
2019-05-13T12:40:33.1941804Z, False, 0, 0, 0
2019-05-13T12:40:33.2101548Z, False, 0, 0, 0
2019-05-13T12:40:33.2261557Z, False, 0, 0, 0
2019-05-13T12:40:33.2421560Z, False, 0, 0, 0
2019-05-13T12:40:33.2600407Z, False, 0, 0, 0
2019-05-13T12:40:33.2760407Z, False, 0, 0, 0
2019-05-13T12:40:33.2920410Z, False, 0, 0, 0
2019-05-13T12:40:33.3080088Z, False, 0, 0, 0
2019-05-13T12:40:33.3239937Z, False, 0, 0, 0
2019-05-13T12:40:33.3409608Z, False, 0, 0, 0
2019-05-13T12:40:33.3609638Z, False, 0, 0, 0
2019-05-13T12:40:33.3769934Z, False, 0, 0, 0
2019-05-13T12:40:33.3929937Z, False, 0, 0, 0
2019-05-13T12:40:33.4069827Z, False, 0, 0, 0
2019-05-13T12:40:33.4239111Z, False, 0, 0, 0
2019-05-13T12:40:33.4406851Z, False, 0, 0, 0
2019-05-13T12:40:33.4563747Z, False, 0, 0, 0
2019-05-13T12:40:33.4775371Z, False, 0, 0, 0
2019-05-13T12:40:33.4895364Z, False, 0, 0, 0
2019-05-13T12:40:33.5098440Z, False, 0, 0, 0
2019-05-13T12:40:33.5258440Z, False, 0, 0, 0
2019-05-13T12:40:33.5418724Z, False, 0, 0, 0
2019-05-13T12:40:33.5589434Z, False, 0, 0, 0
2019-05-13T12:40:33.5753726Z, False, 0, 0, 0
2019-05-13T12:40:33.5916744Z, False, 0, 0, 0
2019-05-13T12:40:33.6076422Z, False, 0, 0, 0
2019-05-13T12:40:33.6236784Z, False, 0, 0, 0
2019-05-13T12:40:33.6396991Z, False, 0, 0, 0
2019-05-13T12:40:33.6559659Z, False, 0, 0, 0
2019-05-13T12:40:33.6735670Z, False, 0, 0, 0
2019-05-13T12:40:33.6895673Z, False, 0, 0, 0
2019-05-13T12:40:33.7055676Z, False, 0, 0, 0
2019-05-13T12:40:33.7215656Z, False, 0, 0, 0
2019-05-13T12:40:33.7415677Z, False, 0, 0, 0
2019-05-13T12:40:33.7552020Z, False, 0, 0, 0
2019-05-13T12:40:33.7719970Z, False, 0, 0, 0
2019-05-13T12:40:33.7879965Z, False, 0, 0, 0
2019-05-13T12:40:33.8039728Z, False, 0, 0, 0
2019-05-13T12:40:33.8239772Z, False, 0, 0, 0
2019-05-13T12:40:33.8399966Z, False, 0, 0, 0
2019-05-13T12:40:33.8585008Z, False, 0, 0, 0
2019-05-13T12:40:33.8716754Z, False, 0, 0, 0
2019-05-13T12:40:33.8877232Z, False, 0, 0, 0
2019-05-13T12:40:33.9077757Z, False, 0, 0, 0
2019-05-13T12:40:33.9237754Z, False, 0, 0, 0
2019-05-13T12:40:33.9397359Z, False, 0, 0, 0
2019-05-13T12:40:33.9562780Z, False, 0, 0, 0
2019-05-13T12:40:33.9776247Z, False, 0, 0, 0
2019-05-13T12:40:33.9896280Z, False, 0, 0, 0
2019-05-13T12:40:34.0056288Z, False, 0, 0, 0
2019-05-13T12:40:34.0216610Z, False, 0, 0, 0
2019-05-13T12:40:34.0376439Z, False, 0, 0, 0
2019-05-13T12:40:34.0545897Z, False, 0, 0, 0
2019-05-13T12:40:34.0732552Z, False, 0, 0, 0
2019-05-13T12:40:34.0892947Z, False, 0, 0, 0
2019-05-13T12:40:34.1052941Z, False, 0, 0, 0
2019-05-13T12:40:34.1215120Z, False, 0, 0, 0
2019-05-13T12:40:34.1375166Z, False, 0, 0, 0
2019-05-13T12:40:34.1534978Z, False, 0, 0, 0
2019-05-13T12:40:34.1725416Z, False, 0, 0, 0
2019-05-13T12:40:34.1857438Z, False, 0, 0, 0
2019-05-13T12:40:34.2017433Z, False, 0, 0, 0
2019-05-13T12:40:34.2217704Z, False, 0, 0, 0
2019-05-13T12:40:34.2377693Z, False, 0, 0, 0
2019-05-13T12:40:34.2537320Z, False, 0, 0, 0
2019-05-13T12:40:34.2688838Z, False, 0, 0, 0
2019-05-13T12:40:34.2848952Z, False, 0, 0, 0
2019-05-13T12:40:34.3025509Z, False, 0, 0, 0
2019-05-13T12:40:34.3195197Z, False, 0, 0, 0
2019-05-13T12:40:34.3354904Z, False, 0, 0, 0
2019-05-13T12:40:34.3515203Z, False, 0, 0, 0
2019-05-13T12:40:34.3696530Z, False, 0, 0, 0
2019-05-13T12:40:34.3878489Z, False, 0, 0, 0
2019-05-13T12:40:34.4038387Z, False, 0, 0, 0
2019-05-13T12:40:34.4198319Z, False, 0, 0, 0
2019-05-13T12:40:34.4358694Z, False, 0, 0, 0
2019-05-13T12:40:34.4518686Z, False, 0, 0, 0
2019-05-13T12:40:34.4678375Z, False, 0, 0, 0
2019-05-13T12:40:34.4856779Z, False, 0, 0, 0
2019-05-13T12:40:34.5019023Z, False, 0, 0, 0
2019-05-13T12:40:34.5179518Z, False, 0, 0, 0
2019-05-13T12:40:34.5339589Z, False, 0, 0, 0
2019-05-13T12:40:34.5500044Z, False, 0, 0, 0
2019-05-13T12:40:34.5699670Z, False, 0, 0, 0
2019-05-13T12:40:34.5831026Z, False, 0, 0, 0
2019-05-13T12:40:34.6030675Z, False, 0, 0, 0
2019-05-13T12:40:34.6191025Z, False, 0, 0, 0
2019-05-13T12:40:34.6328901Z, False, 0, 0, 0
2019-05-13T12:40:34.6489430Z, False, 0, 0, 0
2019-05-13T12:40:34.6689426Z, False, 0, 0, 0
2019-05-13T12:40:34.6880982Z, False, 0, 0, 0
2019-05-13T12:40:34.7001020Z, False, 0, 0, 0
2019-05-13T12:40:34.7161478Z, False, 0, 0, 0
2019-05-13T12:40:34.7321467Z, False, 0, 0, 0
2019-05-13T12:40:34.7521474Z, False, 0, 0, 0
2019-05-13T12:40:34.7662456Z, False, 0, 0, 0
2019-05-13T12:40:34.7822091Z, False, 0, 0, 0
2019-05-13T12:40:34.7997036Z, False, 0, 0, 0
2019-05-13T12:40:34.8156735Z, False, 0, 0, 0
2019-05-13T12:40:34.8357052Z, False, 0, 0, 0
2019-05-13T12:40:34.8477033Z, False, 0, 0, 0
2019-05-13T12:40:34.8679856Z, False, 0, 0, 0
2019-05-13T12:40:34.8839853Z, False, 0, 0, 0
2019-05-13T12:40:34.9005929Z, False, 0, 0, 0
2019-05-13T12:40:34.9172847Z, False, 0, 0, 0
2019-05-13T12:40:34.9332440Z, False, 0, 0, 0
2019-05-13T12:40:34.9492500Z, False, 0, 0, 0
2019-05-13T12:40:34.9652616Z, False, 0, 0, 0
2019-05-13T12:40:34.9812343Z, False, 0, 0, 0
2019-05-13T12:40:34.9987396Z, False, 0, 0, 0
2019-05-13T12:40:35.0154086Z, False, 0, 0, 0
2019-05-13T12:40:35.0317656Z, False, 0, 0, 0
2019-05-13T12:40:35.0477835Z, False, 0, 0, 0
2019-05-13T12:40:35.0680334Z, False, 0, 0, 0
2019-05-13T12:40:35.0841013Z, False, 0, 0, 0
2019-05-13T12:40:35.1000538Z, False, 0, 0, 0
2019-05-13T12:40:35.1160729Z, False, 0, 0, 0
2019-05-13T12:40:35.1321076Z, False, 0, 0, 0
2019-05-13T12:40:35.1481451Z, False, 0, 0, 0
2019-05-13T12:40:35.1641022Z, False, 0, 0, 0
2019-05-13T12:40:35.1801258Z, False, 0, 0, 0
2019-05-13T12:40:35.2041087Z, False, 0, 0, 0
2019-05-13T12:40:35.2161091Z, False, 0, 0, 0
2019-05-13T12:40:35.2321066Z, False, 0, 0, 0
2019-05-13T12:40:35.2481071Z, False, 0, 0, 0
2019-05-13T12:40:35.2640949Z, False, 0, 0, 0
2019-05-13T12:40:35.2818078Z, False, 0, 0, 0
2019-05-13T12:40:35.2978089Z, False, 0, 0, 0
2019-05-13T12:40:35.3125067Z, False, 0, 0, 0
2019-05-13T12:40:35.3285178Z, False, 0, 0, 0
2019-05-13T12:40:35.3459292Z, False, 0, 0, 0
2019-05-13T12:40:35.3619782Z, False, 0, 0, 0
2019-05-13T12:40:35.3779284Z, False, 0, 0, 0
2019-05-13T12:40:35.3980173Z, False, 0, 0, 0
2019-05-13T12:40:35.4137587Z, False, 0, 0, 0
2019-05-13T12:40:35.4297908Z, False, 0, 0, 0
2019-05-13T12:40:35.4457780Z, False, 0, 0, 0
2019-05-13T12:40:35.4618085Z, False, 0, 0, 0
2019-05-13T12:40:35.4817713Z, False, 0, 0, 0
2019-05-13T12:40:35.4977716Z, False, 0, 0, 0
2019-05-13T12:40:35.5146887Z, False, 0, 0, 0
2019-05-13T12:40:35.5288910Z, False, 0, 0, 0
2019-05-13T12:40:35.5464295Z, False, 0, 0, 0
2019-05-13T12:40:35.5624853Z, False, 0, 0, 0
2019-05-13T12:40:35.5793477Z, False, 0, 0, 0
2019-05-13T12:40:35.5953474Z, False, 0, 0, 0
2019-05-13T12:40:35.6113002Z, False, 0, 0, 0
2019-05-13T12:40:35.6282701Z, False, 0, 0, 0
2019-05-13T12:40:35.6472929Z, False, 0, 0, 0
2019-05-13T12:40:35.6632932Z, False, 0, 0, 0
2019-05-13T12:40:35.6774432Z, False, 0, 0, 0
2019-05-13T12:40:35.6934426Z, False, 0, 0, 0
2019-05-13T12:40:35.7094429Z, False, 0, 0, 0
2019-05-13T12:40:35.7294410Z, False, 0, 0, 0
2019-05-13T12:40:35.7454112Z, False, 0, 0, 0
2019-05-13T12:40:35.7595002Z, False, 0, 0, 0
2019-05-13T12:40:35.7755304Z, False, 0, 0, 0
2019-05-13T12:40:35.7959364Z, False, 0, 0, 0
2019-05-13T12:40:35.8119037Z, False, 0, 0, 0
2019-05-13T12:40:35.8294696Z, False, 0, 0, 0
2019-05-13T12:40:35.8458223Z, False, 0, 0, 0
2019-05-13T12:40:35.8617924Z, False, 0, 0, 0
2019-05-13T12:40:35.8778243Z, False, 0, 0, 0
2019-05-13T12:40:35.8938288Z, False, 0, 0, 0
2019-05-13T12:40:35.9097924Z, False, 0, 0, 0
2019-05-13T12:40:35.9279272Z, False, 0, 0, 0
2019-05-13T12:40:35.9439081Z, False, 0, 0, 0
2019-05-13T12:40:35.9599277Z, False, 0, 0, 0
2019-05-13T12:40:35.9759277Z, False, 0, 0, 0
2019-05-13T12:40:35.9919280Z, False, 0, 0, 0
2019-05-13T12:40:36.0119278Z, False, 0, 0, 0
2019-05-13T12:40:36.0257353Z, False, 0, 0, 0
2019-05-13T12:40:36.0448088Z, False, 0, 0, 0
2019-05-13T12:40:36.0589141Z, False, 0, 0, 0
2019-05-13T12:40:36.0763807Z, False, 0, 0, 0
2019-05-13T12:40:36.0944784Z, False, 0, 0, 0
2019-05-13T12:40:36.1075199Z, False, 0, 0, 0
2019-05-13T12:40:36.1235486Z, False, 0, 0, 0
2019-05-13T12:40:36.1417420Z, False, 0, 0, 0
2019-05-13T12:40:36.1577573Z, False, 0, 0, 0
2019-05-13T12:40:36.1737539Z, False, 0, 0, 0
2019-05-13T12:40:36.1937589Z, False, 0, 0, 0
2019-05-13T12:40:36.2097890Z, False, 0, 0, 0
2019-05-13T12:40:36.2257890Z, False, 0, 0, 0
2019-05-13T12:40:36.2424259Z, False, 0, 0, 0
2019-05-13T12:40:36.2584413Z, False, 0, 0, 0
2019-05-13T12:40:36.2758555Z, False, 0, 0, 0
2019-05-13T12:40:36.2918578Z, False, 0, 0, 0
2019-05-13T12:40:36.3078578Z, False, 0, 0, 0
2019-05-13T12:40:36.3238475Z, False, 0, 0, 0
2019-05-13T12:40:36.3400742Z, False, 0, 0, 0
2019-05-13T12:40:36.3578765Z, False, 0, 0, 0
2019-05-13T12:40:36.3738654Z, False, 0, 0, 0
2019-05-13T12:40:36.3899146Z, False, 0, 0, 0
2019-05-13T12:40:36.4075854Z, False, 0, 0, 0
2019-05-13T12:40:36.4235359Z, False, 0, 0, 0
2019-05-13T12:40:36.4395854Z, False, 0, 0, 0
2019-05-13T12:40:36.4580418Z, False, 0, 0, 0
2019-05-13T12:40:36.4780556Z, False, 0, 0, 0
2019-05-13T12:40:36.4900930Z, False, 0, 0, 0
2019-05-13T12:40:36.5060612Z, False, 0, 0, 0
2019-05-13T12:40:36.5220939Z, False, 0, 0, 0
2019-05-13T12:40:36.5380760Z, False, 0, 0, 0
2019-05-13T12:40:36.5574503Z, False, 0, 0, 0
2019-05-13T12:40:36.5734506Z, False, 0, 0, 0
2019-05-13T12:40:36.5894512Z, False, 0, 0, 0
2019-05-13T12:40:36.6054506Z, False, 0, 0, 0
2019-05-13T12:40:36.6214164Z, False, 0, 0, 0
2019-05-13T12:40:36.6374017Z, False, 0, 0, 0
2019-05-13T12:40:36.6556863Z, False, 0, 0, 0
2019-05-13T12:40:36.6716854Z, False, 0, 0, 0
2019-05-13T12:40:36.6876664Z, False, 0, 0, 0
2019-05-13T12:40:36.7076847Z, False, 0, 0, 0
2019-05-13T12:40:36.7196362Z, False, 0, 0, 0
2019-05-13T12:40:36.7377019Z, False, 0, 0, 0
2019-05-13T12:40:36.7536828Z, False, 0, 0, 0
2019-05-13T12:40:36.7715109Z, False, 0, 0, 0
2019-05-13T12:40:36.7874802Z, False, 0, 0, 0
2019-05-13T12:40:36.8034810Z, False, 0, 0, 0
2019-05-13T12:40:36.8196517Z, False, 0, 0, 0
2019-05-13T12:40:36.8405803Z, False, 0, 0, 0
2019-05-13T12:40:36.8525801Z, False, 0, 0, 0
2019-05-13T12:40:36.8701921Z, False, 0, 0, 0
2019-05-13T12:40:36.8862296Z, False, 0, 0, 0
2019-05-13T12:40:36.9062468Z, False, 0, 0, 0
2019-05-13T12:40:36.9222991Z, False, 0, 0, 0
2019-05-13T12:40:36.9386820Z, False, 0, 0, 0
2019-05-13T12:40:36.9560778Z, False, 0, 0, 0
2019-05-13T12:40:36.9724595Z, False, 0, 0, 0
2019-05-13T12:40:36.9865480Z, False, 0, 0, 0
2019-05-13T12:40:37.0025369Z, False, 0, 0, 0
2019-05-13T12:40:37.0185679Z, False, 0, 0, 0
2019-05-13T12:40:37.0365883Z, False, 0, 0, 0
2019-05-13T12:40:37.0526369Z, False, 0, 0, 0
2019-05-13T12:40:37.0693014Z, False, 0, 0, 0
2019-05-13T12:40:37.0853017Z, False, 0, 0, 0
2019-05-13T12:40:37.1017195Z, False, 0, 0, 0
2019-05-13T12:40:37.1177204Z, False, 0, 0, 0
2019-05-13T12:40:37.1376912Z, False, 0, 0, 0
2019-05-13T12:40:37.1536724Z, False, 0, 0, 0
2019-05-13T12:40:37.1703582Z, False, 0, 0, 0
2019-05-13T12:40:37.1879466Z, False, 0, 0, 0
2019-05-13T12:40:37.2039170Z, False, 0, 0, 0
2019-05-13T12:40:37.2199306Z, False, 0, 0, 0
2019-05-13T12:40:37.2359673Z, False, 0, 0, 0
2019-05-13T12:40:37.2527319Z, False, 0, 0, 0
2019-05-13T12:40:37.2668901Z, False, 0, 0, 0
2019-05-13T12:40:37.2891792Z, False, 0, 0, 0
2019-05-13T12:40:37.3012075Z, False, 0, 0, 0
2019-05-13T12:40:37.3172072Z, False, 0, 0, 0
2019-05-13T12:40:37.3375700Z, False, 0, 0, 0
2019-05-13T12:40:37.3496000Z, False, 0, 0, 0
2019-05-13T12:40:37.3690583Z, False, 0, 0, 0
2019-05-13T12:40:37.3846748Z, False, 0, 0, 0
2019-05-13T12:40:37.4020797Z, False, 0, 0, 0
2019-05-13T12:40:37.4180817Z, False, 0, 0, 0
2019-05-13T12:40:37.4340615Z, False, 0, 0, 0
2019-05-13T12:40:37.4500805Z, False, 0, 0, 0
2019-05-13T12:40:37.4670397Z, False, 0, 0, 0
2019-05-13T12:40:37.4830627Z, False, 0, 0, 0
2019-05-13T12:40:37.5000631Z, False, 0, 0, 0
2019-05-13T12:40:37.5171713Z, False, 0, 0, 0
2019-05-13T12:40:37.5331243Z, False, 0, 0, 0
2019-05-13T12:40:37.5501412Z, False, 0, 0, 0
2019-05-13T12:40:37.5673578Z, False, 0, 0, 0
2019-05-13T12:40:37.5833800Z, False, 0, 0, 0
2019-05-13T12:40:37.6014092Z, False, 0, 0, 0
2019-05-13T12:40:37.6174561Z, False, 0, 0, 0
2019-05-13T12:40:37.6334573Z, False, 0, 0, 0
2019-05-13T12:40:37.6494274Z, False, 0, 0, 0
2019-05-13T12:40:37.6654581Z, False, 0, 0, 0
2019-05-13T12:40:37.6814567Z, False, 0, 0, 0
2019-05-13T12:40:37.6979732Z, False, 0, 0, 0
2019-05-13T12:40:37.7139368Z, False, 0, 0, 0
2019-05-13T12:40:37.7340041Z, False, 0, 0, 0
2019-05-13T12:40:37.7500388Z, False, 0, 0, 0
2019-05-13T12:40:37.7660382Z, False, 0, 0, 0
2019-05-13T12:40:37.7831802Z, False, 0, 0, 0
2019-05-13T12:40:37.7970190Z, False, 0, 0, 0
2019-05-13T12:40:37.8187130Z, False, 0, 0, 0
2019-05-13T12:40:37.8307635Z, False, 0, 0, 0
2019-05-13T12:40:37.8486770Z, False, 0, 0, 0
2019-05-13T12:40:37.8646795Z, False, 0, 0, 0
2019-05-13T12:40:37.8827002Z, False, 0, 0, 0
2019-05-13T12:40:37.8987002Z, False, 0, 0, 0
2019-05-13T12:40:37.9158974Z, False, 0, 0, 0
2019-05-13T12:40:37.9318616Z, False, 0, 0, 0
2019-05-13T12:40:37.9478977Z, False, 0, 0, 0
2019-05-13T12:40:37.9638676Z, False, 0, 0, 0
2019-05-13T12:40:37.9838469Z, False, 0, 0, 0
2019-05-13T12:40:37.9969467Z, False, 0, 0, 0
2019-05-13T12:40:38.0129470Z, False, 0, 0, 0
2019-05-13T12:40:38.0289006Z, False, 0, 0, 0
2019-05-13T12:40:38.0456783Z, False, 0, 0, 0
2019-05-13T12:40:38.0616783Z, False, 0, 0, 0
2019-05-13T12:40:38.0816306Z, False, 0, 0, 0
2019-05-13T12:40:38.0979330Z, False, 0, 0, 0
2019-05-13T12:40:38.1138972Z, False, 0, 0, 0
2019-05-13T12:40:38.1299330Z, False, 0, 0, 0
2019-05-13T12:40:38.1459333Z, False, 0, 0, 0
2019-05-13T12:40:38.1640080Z, False, 0, 0, 0
2019-05-13T12:40:38.1800399Z, False, 0, 0, 0
2019-05-13T12:40:38.1985680Z, False, 0, 0, 0
2019-05-13T12:40:38.2122845Z, False, 0, 0, 0
2019-05-13T12:40:38.2301453Z, False, 0, 0, 0
2019-05-13T12:40:38.2461459Z, False, 0, 0, 0
2019-05-13T12:40:38.2621462Z, False, 0, 0, 0
2019-05-13T12:40:38.2781126Z, False, 0, 0, 0
2019-05-13T12:40:38.2941146Z, False, 0, 0, 0
2019-05-13T12:40:38.3108809Z, False, 0, 0, 0
2019-05-13T12:40:38.3273417Z, False, 0, 0, 0
2019-05-13T12:40:38.3432947Z, False, 0, 0, 0
2019-05-13T12:40:38.3633472Z, False, 0, 0, 0
2019-05-13T12:40:38.3793429Z, False, 0, 0, 0
2019-05-13T12:40:38.3935495Z, False, 0, 0, 0
2019-05-13T12:40:38.4103525Z, False, 0, 0, 0
2019-05-13T12:40:38.4281851Z, False, 0, 0, 0
2019-05-13T12:40:38.4447492Z, False, 0, 0, 0
2019-05-13T12:40:38.4623480Z, False, 0, 0, 0
2019-05-13T12:40:38.4783478Z, False, 0, 0, 0
2019-05-13T12:40:38.4942988Z, False, 0, 0, 0
2019-05-13T12:40:38.5121306Z, False, 0, 0, 0
2019-05-13T12:40:38.5280817Z, False, 0, 0, 0
2019-05-13T12:40:38.5441011Z, False, 0, 0, 0
2019-05-13T12:40:38.5601318Z, False, 0, 0, 0
2019-05-13T12:40:38.5780267Z, False, 0, 0, 0
2019-05-13T12:40:38.5940077Z, False, 0, 0, 0
2019-05-13T12:40:38.6123211Z, False, 0, 0, 0
2019-05-13T12:40:38.6256976Z, False, 0, 0, 0
2019-05-13T12:40:38.6427435Z, False, 0, 0, 0
2019-05-13T12:40:38.6587432Z, False, 0, 0, 0
2019-05-13T12:40:38.6762815Z, False, 0, 0, 0
2019-05-13T12:40:38.6962930Z, False, 0, 0, 0
2019-05-13T12:40:38.7133972Z, False, 0, 0, 0
2019-05-13T12:40:38.7254139Z, False, 0, 0, 0
2019-05-13T12:40:38.7414480Z, False, 0, 0, 0
2019-05-13T12:40:38.7614464Z, False, 0, 0, 0
2019-05-13T12:40:38.7774478Z, False, 0, 0, 0
2019-05-13T12:40:38.7933975Z, False, 0, 0, 0
2019-05-13T12:40:38.8094151Z, False, 0, 0, 0
2019-05-13T12:40:38.8254788Z, False, 0, 0, 0
2019-05-13T12:40:38.8414794Z, False, 0, 0, 0
2019-05-13T12:40:38.8574788Z, False, 0, 0, 0
2019-05-13T12:40:38.8775560Z, False, 0, 0, 0
2019-05-13T12:40:38.8935552Z, False, 0, 0, 0
2019-05-13T12:40:38.9095538Z, False, 0, 0, 0
2019-05-13T12:40:38.9258752Z, False, 0, 0, 0
2019-05-13T12:40:38.9424219Z, False, 0, 0, 0
2019-05-13T12:40:38.9584216Z, False, 0, 0, 0
2019-05-13T12:40:38.9753235Z, False, 0, 0, 0
2019-05-13T12:40:38.9912743Z, False, 0, 0, 0
2019-05-13T12:40:39.0073241Z, False, 0, 0, 0
2019-05-13T12:40:39.0241959Z, False, 0, 0, 0
2019-05-13T12:40:39.0402158Z, False, 0, 0, 0
2019-05-13T12:40:39.0562138Z, False, 0, 0, 0
2019-05-13T12:40:39.0722155Z, False, 0, 0, 0
2019-05-13T12:40:39.0922145Z, False, 0, 0, 0
2019-05-13T12:40:39.1082160Z, False, 0, 0, 0
2019-05-13T12:40:39.1260739Z, False, 0, 0, 0
2019-05-13T12:40:39.1421266Z, False, 0, 0, 0
2019-05-13T12:40:39.1581263Z, False, 0, 0, 0
2019-05-13T12:40:39.1741064Z, False, 0, 0, 0
2019-05-13T12:40:39.1901260Z, False, 0, 0, 0
2019-05-13T12:40:39.2100883Z, False, 0, 0, 0
2019-05-13T12:40:39.2221268Z, False, 0, 0, 0
2019-05-13T12:40:39.2412560Z, False, 0, 0, 0
2019-05-13T12:40:39.2553781Z, False, 0, 0, 0
2019-05-13T12:40:39.2713798Z, False, 0, 0, 0
2019-05-13T12:40:39.2914055Z, False, 0, 0, 0
2019-05-13T12:40:39.3082890Z, False, 0, 0, 0
2019-05-13T12:40:39.3242699Z, False, 0, 0, 0
2019-05-13T12:40:39.3415004Z, False, 0, 0, 0
2019-05-13T12:40:39.3575002Z, False, 0, 0, 0
2019-05-13T12:40:39.3735004Z, False, 0, 0, 0
2019-05-13T12:40:39.3895010Z, False, 0, 0, 0
2019-05-13T12:40:39.4054700Z, False, 0, 0, 0
2019-05-13T12:40:39.4218895Z, False, 0, 0, 0
2019-05-13T12:40:39.4378580Z, False, 0, 0, 0
2019-05-13T12:40:39.4555404Z, False, 0, 0, 0
2019-05-13T12:40:39.4724524Z, False, 0, 0, 0
2019-05-13T12:40:39.4884151Z, False, 0, 0, 0
2019-05-13T12:40:39.5061075Z, False, 0, 0, 0
2019-05-13T12:40:39.5220615Z, False, 0, 0, 0
2019-05-13T12:40:39.5376328Z, False, 0, 0, 0
2019-05-13T12:40:39.5551489Z, False, 0, 0, 0
2019-05-13T12:40:39.5727651Z, False, 0, 0, 0
2019-05-13T12:40:39.5887181Z, False, 0, 0, 0
2019-05-13T12:40:39.6064407Z, False, 0, 0, 0
2019-05-13T12:40:39.6223921Z, False, 0, 0, 0
2019-05-13T12:40:39.6356455Z, False, 0, 0, 0
2019-05-13T12:40:39.6536807Z, False, 0, 0, 0
2019-05-13T12:40:39.6697307Z, False, 0, 0, 0
2019-05-13T12:40:39.6859267Z, False, 0, 0, 0
2019-05-13T12:40:39.7019267Z, False, 0, 0, 0
2019-05-13T12:40:39.7219257Z, False, 0, 0, 0
2019-05-13T12:40:39.7378956Z, False, 0, 0, 0
2019-05-13T12:40:39.7546405Z, False, 0, 0, 0
2019-05-13T12:40:39.7714119Z, False, 0, 0, 0
2019-05-13T12:40:39.7874048Z, False, 0, 0, 0
2019-05-13T12:40:39.8033912Z, False, 0, 0, 0
2019-05-13T12:40:39.8194432Z, False, 0, 0, 0
2019-05-13T12:40:39.8359890Z, False, 0, 0, 0
2019-05-13T12:40:39.8533413Z, False, 0, 0, 0
2019-05-13T12:40:39.8693871Z, False, 0, 0, 0
2019-05-13T12:40:39.8858098Z, False, 0, 0, 0
2019-05-13T12:40:39.9018100Z, False, 0, 0, 0
2019-05-13T12:40:39.9178103Z, False, 0, 0, 0
2019-05-13T12:40:39.9377795Z, False, 0, 0, 0
2019-05-13T12:40:39.9545713Z, False, 0, 0, 0
2019-05-13T12:40:39.9684181Z, False, 0, 0, 0
2019-05-13T12:40:39.9844178Z, False, 0, 0, 0
2019-05-13T12:40:40.0029488Z, False, 0, 0, 0
2019-05-13T12:40:40.0189499Z, False, 0, 0, 0
2019-05-13T12:40:40.0359395Z, False, 0, 0, 0
2019-05-13T12:40:40.0516360Z, False, 0, 0, 0
2019-05-13T12:40:40.0704523Z, False, 0, 0, 0
2019-05-13T12:40:40.0881342Z, False, 0, 0, 0
2019-05-13T12:40:40.1001645Z, False, 0, 0, 0
2019-05-13T12:40:40.1241275Z, False, 0, 0, 0
2019-05-13T12:40:40.1361660Z, False, 0, 0, 0
2019-05-13T12:40:40.1521629Z, False, 0, 0, 0
2019-05-13T12:40:40.1657875Z, False, 0, 0, 0
2019-05-13T12:40:40.1858331Z, False, 0, 0, 0
2019-05-13T12:40:40.2017871Z, False, 0, 0, 0
2019-05-13T12:40:40.2178346Z, False, 0, 0, 0
2019-05-13T12:40:40.2338149Z, False, 0, 0, 0
2019-05-13T12:40:40.2498337Z, False, 0, 0, 0
2019-05-13T12:40:40.2674453Z, False, 0, 0, 0
2019-05-13T12:40:40.2833939Z, False, 0, 0, 0
2019-05-13T12:40:40.2994456Z, False, 0, 0, 0
2019-05-13T12:40:40.3154456Z, False, 0, 0, 0
2019-05-13T12:40:40.3335297Z, False, 0, 0, 0
2019-05-13T12:40:40.3500187Z, False, 0, 0, 0
2019-05-13T12:40:40.3682334Z, False, 0, 0, 0
2019-05-13T12:40:40.3898375Z, False, 0, 0, 0
2019-05-13T12:40:40.3978591Z, False, 0, 0, 0
2019-05-13T12:40:40.4178846Z, False, 0, 0, 0
2019-05-13T12:40:40.4338900Z, False, 0, 0, 0
2019-05-13T12:40:40.4499210Z, False, 0, 0, 0
2019-05-13T12:40:40.4682204Z, False, 0, 0, 0
2019-05-13T12:40:40.4817355Z, False, 0, 0, 0
2019-05-13T12:40:40.4977850Z, False, 0, 0, 0
2019-05-13T12:40:40.5137861Z, False, 0, 0, 0
2019-05-13T12:40:40.5337860Z, False, 0, 0, 0
2019-05-13T12:40:40.5474362Z, False, 0, 0, 0
2019-05-13T12:40:40.5634612Z, False, 0, 0, 0
2019-05-13T12:40:40.5815200Z, False, 0, 0, 0
2019-05-13T12:40:40.5978610Z, False, 0, 0, 0
2019-05-13T12:40:40.6138169Z, False, 0, 0, 0
2019-05-13T12:40:40.6298630Z, False, 0, 0, 0
2019-05-13T12:40:40.6479636Z, False, 0, 0, 0
2019-05-13T12:40:40.6639281Z, False, 0, 0, 0
2019-05-13T12:40:40.6820426Z, False, 0, 0, 0
2019-05-13T12:40:40.6980079Z, False, 0, 0, 0
2019-05-13T12:40:40.7140074Z, False, 0, 0, 0
2019-05-13T12:40:40.7299968Z, False, 0, 0, 0
2019-05-13T12:40:40.7460420Z, False, 0, 0, 0
2019-05-13T12:40:40.7630646Z, False, 0, 0, 0
2019-05-13T12:40:40.7797479Z, False, 0, 0, 0
2019-05-13T12:40:40.7957478Z, False, 0, 0, 0
2019-05-13T12:40:40.8120371Z, False, 0, 0, 0
2019-05-13T12:40:40.8320370Z, False, 0, 0, 0
2019-05-13T12:40:40.8480791Z, False, 0, 0, 0
2019-05-13T12:40:40.8640609Z, False, 0, 0, 0
2019-05-13T12:40:40.8809938Z, False, 0, 0, 0
2019-05-13T12:40:40.8976754Z, False, 0, 0, 0
2019-05-13T12:40:40.9140426Z, False, 0, 0, 0
2019-05-13T12:40:40.9300733Z, False, 0, 0, 0
2019-05-13T12:40:40.9460713Z, False, 0, 0, 0
2019-05-13T12:40:40.9641910Z, False, 0, 0, 0
2019-05-13T12:40:40.9784581Z, False, 0, 0, 0
2019-05-13T12:40:40.9975432Z, False, 0, 0, 0
2019-05-13T12:40:41.0135438Z, False, 0, 0, 0
2019-05-13T12:40:41.0295418Z, False, 0, 0, 0
2019-05-13T12:40:41.0455116Z, False, 0, 0, 0
2019-05-13T12:40:41.0625200Z, False, 0, 0, 0
2019-05-13T12:40:41.0785197Z, False, 0, 0, 0
2019-05-13T12:40:41.0944901Z, False, 0, 0, 0
2019-05-13T12:40:41.1115596Z, False, 0, 0, 0
2019-05-13T12:40:41.1275587Z, False, 0, 0, 0
2019-05-13T12:40:41.1435286Z, False, 0, 0, 0
2019-05-13T12:40:41.1614207Z, False, 0, 0, 0
2019-05-13T12:40:41.1777945Z, False, 0, 0, 0
2019-05-13T12:40:41.1978003Z, False, 0, 0, 0
2019-05-13T12:40:41.2098013Z, False, 0, 0, 0
2019-05-13T12:40:41.2299439Z, False, 0, 0, 0
2019-05-13T12:40:41.2459442Z, False, 0, 0, 0
2019-05-13T12:40:41.2619442Z, False, 0, 0, 0
2019-05-13T12:40:41.2760100Z, False, 0, 0, 0
2019-05-13T12:40:41.2979659Z, False, 0, 0, 0
2019-05-13T12:40:41.3099655Z, False, 0, 0, 0
2019-05-13T12:40:41.3259334Z, False, 0, 0, 0
2019-05-13T12:40:41.3459662Z, False, 0, 0, 0
2019-05-13T12:40:41.3619159Z, False, 0, 0, 0
2019-05-13T12:40:41.3779659Z, False, 0, 0, 0
2019-05-13T12:40:41.3958760Z, False, 0, 0, 0
2019-05-13T12:40:41.4109327Z, False, 0, 0, 0
2019-05-13T12:40:41.4279732Z, False, 0, 0, 0
2019-05-13T12:40:41.4439852Z, False, 0, 0, 0
2019-05-13T12:40:41.4600054Z, False, 0, 0, 0
2019-05-13T12:40:41.4763424Z, False, 0, 0, 0
2019-05-13T12:40:41.4923438Z, False, 0, 0, 0
2019-05-13T12:40:41.5083285Z, False, 0, 0, 0
2019-05-13T12:40:41.5283263Z, False, 0, 0, 0
2019-05-13T12:40:41.5442979Z, False, 0, 0, 0
2019-05-13T12:40:41.5603269Z, False, 0, 0, 0
2019-05-13T12:40:41.5781869Z, False, 0, 0, 0
2019-05-13T12:40:41.5941516Z, False, 0, 0, 0
2019-05-13T12:40:41.6079554Z, False, 0, 0, 0
2019-05-13T12:40:41.6280096Z, False, 0, 0, 0
2019-05-13T12:40:41.6440423Z, False, 0, 0, 0
2019-05-13T12:40:41.6600602Z, False, 0, 0, 0
2019-05-13T12:40:41.6760602Z, False, 0, 0, 0
2019-05-13T12:40:41.6920286Z, False, 0, 0, 0
2019-05-13T12:40:41.7083731Z, False, 0, 0, 0
2019-05-13T12:40:41.7258280Z, False, 0, 0, 0
2019-05-13T12:40:41.7429530Z, False, 0, 0, 0
2019-05-13T12:40:41.7594052Z, False, 0, 0, 0
2019-05-13T12:40:41.7754263Z, False, 0, 0, 0
2019-05-13T12:40:41.7914550Z, False, 0, 0, 0
2019-05-13T12:40:41.8083945Z, False, 0, 0, 0
2019-05-13T12:40:41.8243758Z, False, 0, 0, 0
2019-05-13T12:40:41.8414609Z, False, 0, 0, 0
2019-05-13T12:40:41.8595157Z, False, 0, 0, 0
2019-05-13T12:40:41.8755166Z, False, 0, 0, 0
2019-05-13T12:40:41.8896930Z, False, 0, 0, 0
2019-05-13T12:40:41.9065435Z, False, 0, 0, 0
2019-05-13T12:40:41.9225514Z, False, 0, 0, 0
2019-05-13T12:40:41.9399776Z, False, 0, 0, 0
2019-05-13T12:40:41.9559779Z, False, 0, 0, 0
2019-05-13T12:40:41.9719409Z, False, 0, 0, 0
2019-05-13T12:40:41.9919772Z, False, 0, 0, 0
2019-05-13T12:40:42.0079305Z, False, 0, 0, 0
2019-05-13T12:40:42.0221306Z, False, 0, 0, 0
2019-05-13T12:40:42.0380950Z, False, 0, 0, 0
2019-05-13T12:40:42.0581301Z, False, 0, 0, 0
2019-05-13T12:40:42.0741307Z, False, 0, 0, 0
2019-05-13T12:40:42.0901301Z, False, 0, 0, 0
2019-05-13T12:40:42.1061304Z, False, 0, 0, 0
2019-05-13T12:40:42.1232801Z, False, 0, 0, 0
2019-05-13T12:40:42.1392804Z, False, 0, 0, 0
2019-05-13T12:40:42.1583450Z, False, 0, 0, 0
2019-05-13T12:40:42.1702968Z, False, 0, 0, 0
2019-05-13T12:40:42.1902986Z, False, 0, 0, 0
2019-05-13T12:40:42.2075687Z, False, 0, 0, 0
2019-05-13T12:40:42.2207606Z, False, 0, 0, 0
2019-05-13T12:40:42.2383558Z, False, 0, 0, 0
2019-05-13T12:40:42.2583426Z, False, 0, 0, 0
2019-05-13T12:40:42.2721321Z, False, 0, 0, 0
2019-05-13T12:40:42.2881014Z, False, 0, 0, 0
2019-05-13T12:40:42.3040826Z, False, 0, 0, 0
2019-05-13T12:40:42.3201318Z, False, 0, 0, 0
2019-05-13T12:40:42.3373925Z, False, 0, 0, 0
2019-05-13T12:40:42.3534440Z, False, 0, 0, 0
2019-05-13T12:40:42.3694443Z, False, 0, 0, 0
2019-05-13T12:40:42.3859059Z, False, 0, 0, 0
2019-05-13T12:40:42.4059060Z, False, 0, 0, 0
2019-05-13T12:40:42.4218750Z, False, 0, 0, 0
2019-05-13T12:40:42.4360606Z, False, 0, 0, 0
2019-05-13T12:40:42.4561019Z, False, 0, 0, 0
2019-05-13T12:40:42.4720655Z, False, 0, 0, 0
2019-05-13T12:40:42.4880715Z, False, 0, 0, 0
2019-05-13T12:40:42.5040533Z, False, 0, 0, 0
2019-05-13T12:40:42.5201025Z, False, 0, 0, 0
2019-05-13T12:40:42.5367431Z, False, 0, 0, 0
2019-05-13T12:40:42.5527430Z, False, 0, 0, 0
2019-05-13T12:40:42.5700538Z, False, 0, 0, 0
2019-05-13T12:40:42.5860651Z, False, 0, 0, 0
2019-05-13T12:40:42.6020643Z, False, 0, 0, 0
2019-05-13T12:40:42.6180643Z, False, 0, 0, 0
2019-05-13T12:40:42.6353852Z, False, 0, 0, 0
2019-05-13T12:40:42.6517598Z, False, 0, 0, 0
2019-05-13T12:40:42.6677601Z, False, 0, 0, 0
2019-05-13T12:40:42.6837106Z, False, 0, 0, 0
2019-05-13T12:40:42.7037102Z, False, 0, 0, 0
2019-05-13T12:40:42.7197102Z, False, 0, 0, 0
2019-05-13T12:40:42.7382130Z, False, 0, 0, 0
2019-05-13T12:40:42.7508327Z, False, 0, 0, 0
2019-05-13T12:40:42.7717609Z, False, 0, 0, 0
2019-05-13T12:40:42.7837756Z, False, 0, 0, 0
2019-05-13T12:40:42.7998126Z, False, 0, 0, 0
2019-05-13T12:40:42.8198110Z, False, 0, 0, 0
2019-05-13T12:40:42.8365571Z, False, 0, 0, 0
2019-05-13T12:40:42.8525719Z, False, 0, 0, 0
2019-05-13T12:40:42.8700641Z, False, 0, 0, 0
2019-05-13T12:40:42.8860632Z, False, 0, 0, 0
2019-05-13T12:40:42.9021121Z, False, 0, 0, 0
2019-05-13T12:40:42.9181130Z, False, 0, 0, 0
2019-05-13T12:40:42.9340822Z, False, 0, 0, 0
2019-05-13T12:40:42.9522469Z, False, 0, 0, 0
2019-05-13T12:40:42.9681971Z, False, 0, 0, 0
2019-05-13T12:40:42.9821104Z, False, 0, 0, 0
2019-05-13T12:40:43.0022491Z, False, 0, 0, 0
2019-05-13T12:40:43.0182863Z, False, 0, 0, 0
2019-05-13T12:40:43.0342857Z, False, 0, 0, 0
2019-05-13T12:40:43.0523411Z, False, 0, 0, 0
2019-05-13T12:40:43.0661330Z, False, 0, 0, 0
2019-05-13T12:40:43.0821028Z, False, 0, 0, 0
2019-05-13T12:40:43.0981594Z, False, 0, 0, 0
2019-05-13T12:40:43.1181593Z, False, 0, 0, 0
2019-05-13T12:40:43.1341391Z, False, 0, 0, 0
2019-05-13T12:40:43.1495682Z, False, 0, 0, 0
2019-05-13T12:40:43.1655685Z, False, 0, 0, 0
2019-05-13T12:40:43.1815210Z, False, 0, 0, 0
2019-05-13T12:40:43.2015675Z, False, 0, 0, 0
2019-05-13T12:40:43.2175211Z, False, 0, 0, 0
2019-05-13T12:40:43.2375170Z, False, 0, 0, 0
2019-05-13T12:40:43.2495393Z, False, 0, 0, 0
2019-05-13T12:40:43.2686938Z, False, 0, 0, 0
2019-05-13T12:40:43.2806919Z, False, 0, 0, 0
2019-05-13T12:40:43.2988551Z, False, 0, 0, 0
2019-05-13T12:40:43.3149066Z, False, 0, 0, 0
2019-05-13T12:40:43.3326263Z, False, 0, 0, 0
2019-05-13T12:40:43.3486454Z, False, 0, 0, 0
2019-05-13T12:40:43.3662434Z, False, 0, 0, 0
2019-05-13T12:40:43.3822431Z, False, 0, 0, 0
2019-05-13T12:40:43.3978062Z, False, 0, 0, 0
2019-05-13T12:40:43.4161338Z, False, 0, 0, 0
2019-05-13T12:40:43.4320988Z, False, 0, 0, 0
2019-05-13T12:40:43.4481856Z, False, 0, 0, 0
2019-05-13T12:40:43.4631604Z, False, 0, 0, 0
2019-05-13T12:40:43.4804842Z, False, 0, 0, 0
2019-05-13T12:40:43.4981243Z, False, 0, 0, 0
2019-05-13T12:40:43.5145692Z, False, 0, 0, 0
2019-05-13T12:40:43.5319934Z, False, 0, 0, 0
2019-05-13T12:40:43.5479937Z, False, 0, 0, 0
2019-05-13T12:40:43.5645865Z, False, 0, 0, 0
2019-05-13T12:40:43.5818659Z, False, 0, 0, 0
2019-05-13T12:40:43.5978337Z, False, 0, 0, 0
2019-05-13T12:40:43.6138349Z, False, 0, 0, 0
2019-05-13T12:40:43.6299225Z, False, 0, 0, 0
2019-05-13T12:40:43.6459236Z, False, 0, 0, 0
2019-05-13T12:40:43.6649401Z, False, 0, 0, 0
2019-05-13T12:40:43.6809404Z, False, 0, 0, 0
2019-05-13T12:40:43.6973236Z, False, 0, 0, 0
2019-05-13T12:40:43.7132883Z, False, 0, 0, 0
2019-05-13T12:40:43.7293235Z, False, 0, 0, 0
2019-05-13T12:40:43.7453235Z, False, 0, 0, 0
2019-05-13T12:40:43.7649070Z, False, 0, 0, 0
2019-05-13T12:40:43.7783942Z, False, 0, 0, 0
2019-05-13T12:40:43.7944013Z, False, 0, 0, 0
2019-05-13T12:40:43.8113340Z, False, 0, 0, 0
2019-05-13T12:40:43.8284069Z, False, 0, 0, 0
2019-05-13T12:40:43.8456272Z, False, 0, 0, 0
2019-05-13T12:40:43.8627695Z, False, 0, 0, 0
2019-05-13T12:40:43.8787225Z, False, 0, 0, 0
2019-05-13T12:40:43.8964138Z, False, 0, 0, 0
2019-05-13T12:40:43.9123743Z, False, 0, 0, 0
2019-05-13T12:40:43.9273910Z, False, 0, 0, 0
2019-05-13T12:40:43.9433492Z, False, 0, 0, 0
2019-05-13T12:40:43.9612222Z, False, 0, 0, 0
2019-05-13T12:40:43.9783557Z, False, 0, 0, 0
2019-05-13T12:40:43.9943367Z, False, 0, 0, 0
2019-05-13T12:40:44.0120487Z, False, 0, 0, 0
2019-05-13T12:40:44.0284330Z, False, 0, 0, 0
2019-05-13T12:40:44.0463322Z, False, 0, 0, 0
2019-05-13T12:40:44.0623317Z, False, 0, 0, 0
2019-05-13T12:40:44.0762171Z, False, 0, 0, 0
2019-05-13T12:40:44.0922310Z, False, 0, 0, 0
2019-05-13T12:40:44.1122656Z, False, 0, 0, 0
2019-05-13T12:40:44.1283080Z, False, 0, 0, 0
2019-05-13T12:40:44.1442878Z, False, 0, 0, 0
2019-05-13T12:40:44.1602579Z, False, 0, 0, 0
2019-05-13T12:40:44.1773758Z, False, 0, 0, 0
2019-05-13T12:40:44.1933268Z, False, 0, 0, 0
2019-05-13T12:40:44.2093763Z, False, 0, 0, 0
2019-05-13T12:40:44.2258445Z, False, 0, 0, 0
2019-05-13T12:40:44.2417947Z, False, 0, 0, 0
2019-05-13T12:40:44.2578422Z, False, 0, 0, 0
2019-05-13T12:40:44.2778435Z, False, 0, 0, 0
2019-05-13T12:40:44.2938142Z, False, 0, 0, 0
2019-05-13T12:40:44.3098443Z, False, 0, 0, 0
2019-05-13T12:40:44.3258435Z, False, 0, 0, 0
2019-05-13T12:40:44.3418435Z, False, 0, 0, 0
2019-05-13T12:40:44.3578438Z, False, 0, 0, 0
2019-05-13T12:40:44.3737945Z, False, 0, 0, 0
2019-05-13T12:40:44.3938140Z, False, 0, 0, 0
2019-05-13T12:40:44.4097950Z, False, 0, 0, 0
2019-05-13T12:40:44.4258447Z, False, 0, 0, 0
2019-05-13T12:40:44.4418442Z, False, 0, 0, 0
2019-05-13T12:40:44.4578612Z, False, 0, 0, 0
2019-05-13T12:40:44.4738826Z, False, 0, 0, 0
2019-05-13T12:40:44.4907956Z, False, 0, 0, 0
2019-05-13T12:40:44.5081203Z, False, 0, 0, 0
2019-05-13T12:40:44.5240898Z, False, 0, 0, 0
2019-05-13T12:40:44.5401197Z, False, 0, 0, 0
2019-05-13T12:40:44.5561379Z, False, 0, 0, 0
2019-05-13T12:40:44.5722650Z, False, 0, 0, 0
2019-05-13T12:40:44.5934755Z, False, 0, 0, 0
2019-05-13T12:40:44.6085812Z, False, 0, 0, 0
2019-05-13T12:40:44.6256470Z, False, 0, 0, 0
2019-05-13T12:40:44.6416797Z, False, 0, 0, 0
2019-05-13T12:40:44.6576803Z, False, 0, 0, 0
2019-05-13T12:40:44.6717005Z, False, 0, 0, 0
2019-05-13T12:40:44.6917547Z, False, 0, 0, 0
2019-05-13T12:40:44.7085076Z, False, 0, 0, 0
2019-05-13T12:40:44.7245076Z, False, 0, 0, 0
2019-05-13T12:40:44.7456637Z, False, 0, 0, 0
2019-05-13T12:40:44.7576664Z, False, 0, 0, 0
2019-05-13T12:40:44.7736807Z, False, 0, 0, 0
2019-05-13T12:40:44.7897540Z, False, 0, 0, 0
2019-05-13T12:40:44.8057540Z, False, 0, 0, 0
2019-05-13T12:40:44.8224649Z, False, 0, 0, 0
2019-05-13T12:40:44.8387783Z, False, 0, 0, 0
2019-05-13T12:40:44.8561246Z, False, 0, 0, 0
2019-05-13T12:40:44.8720774Z, False, 0, 0, 0
2019-05-13T12:40:44.8880941Z, False, 0, 0, 0
2019-05-13T12:40:44.9062081Z, False, 0, 0, 0
2019-05-13T12:40:44.9201308Z, False, 0, 0, 0
2019-05-13T12:40:44.9382653Z, False, 0, 0, 0
2019-05-13T12:40:44.9542451Z, False, 0, 0, 0
2019-05-13T12:40:44.9702960Z, False, 0, 0, 0
2019-05-13T12:40:44.9902600Z, False, 0, 0, 0
2019-05-13T12:40:45.0034596Z, False, 0, 0, 0
2019-05-13T12:40:45.0234530Z, False, 0, 0, 0
2019-05-13T12:40:45.0394885Z, False, 0, 0, 0
2019-05-13T12:40:45.0559112Z, False, 0, 0, 0
2019-05-13T12:40:45.0735749Z, False, 0, 0, 0
2019-05-13T12:40:45.0865074Z, False, 0, 0, 0
2019-05-13T12:40:45.1073413Z, False, 0, 0, 0
2019-05-13T12:40:45.1192939Z, False, 0, 0, 0
2019-05-13T12:40:45.1393404Z, False, 0, 0, 0
2019-05-13T12:40:45.1557944Z, False, 0, 0, 0
2019-05-13T12:40:45.1717870Z, False, 0, 0, 0
2019-05-13T12:40:45.1877765Z, False, 0, 0, 0
2019-05-13T12:40:45.2037767Z, False, 0, 0, 0
2019-05-13T12:40:45.2198254Z, False, 0, 0, 0
2019-05-13T12:40:45.2360930Z, False, 0, 0, 0
2019-05-13T12:40:45.2520933Z, False, 0, 0, 0
2019-05-13T12:40:45.2720932Z, False, 0, 0, 0
2019-05-13T12:40:45.2885375Z, False, 0, 0, 0
2019-05-13T12:40:45.3027415Z, False, 0, 0, 0
2019-05-13T12:40:45.3198642Z, False, 0, 0, 0
2019-05-13T12:40:45.3358178Z, False, 0, 0, 0
2019-05-13T12:40:45.3518642Z, False, 0, 0, 0
2019-05-13T12:40:45.3678650Z, False, 0, 0, 0
2019-05-13T12:40:45.3878145Z, False, 0, 0, 0
2019-05-13T12:40:45.4073143Z, False, 0, 0, 0
2019-05-13T12:40:45.4173726Z, False, 0, 0, 0
2019-05-13T12:40:45.4373349Z, False, 0, 0, 0
2019-05-13T12:40:45.4533724Z, False, 0, 0, 0
2019-05-13T12:40:45.4697590Z, False, 0, 0, 0
2019-05-13T12:40:45.4857601Z, False, 0, 0, 0
2019-05-13T12:40:45.5017590Z, False, 0, 0, 0
2019-05-13T12:40:45.5183725Z, False, 0, 0, 0
2019-05-13T12:40:45.5362487Z, False, 0, 0, 0
2019-05-13T12:40:45.5522512Z, False, 0, 0, 0
2019-05-13T12:40:45.5682976Z, False, 0, 0, 0
2019-05-13T12:40:45.5842774Z, False, 0, 0, 0
2019-05-13T12:40:45.6002973Z, False, 0, 0, 0
2019-05-13T12:40:45.6163448Z, False, 0, 0, 0
2019-05-13T12:40:45.6363478Z, False, 0, 0, 0
2019-05-13T12:40:45.6523484Z, False, 0, 0, 0
2019-05-13T12:40:45.6683495Z, False, 0, 0, 0
2019-05-13T12:40:45.6864842Z, False, 0, 0, 0
2019-05-13T12:40:45.7024837Z, False, 0, 0, 0
2019-05-13T12:40:45.7209606Z, False, 0, 0, 0
2019-05-13T12:40:45.7329431Z, False, 0, 0, 0
2019-05-13T12:40:45.7498471Z, False, 0, 0, 0
2019-05-13T12:40:45.7658004Z, False, 0, 0, 0
2019-05-13T12:40:45.7818473Z, False, 0, 0, 0
2019-05-13T12:40:45.8018008Z, False, 0, 0, 0
2019-05-13T12:40:45.8178475Z, False, 0, 0, 0
2019-05-13T12:40:45.8328548Z, False, 0, 0, 0
2019-05-13T12:40:45.8488860Z, False, 0, 0, 0
2019-05-13T12:40:45.8657889Z, False, 0, 0, 0
2019-05-13T12:40:45.8817604Z, False, 0, 0, 0
2019-05-13T12:40:45.8977894Z, False, 0, 0, 0
2019-05-13T12:40:45.9178408Z, False, 0, 0, 0
2019-05-13T12:40:45.9324265Z, False, 0, 0, 0
2019-05-13T12:40:45.9534896Z, False, 0, 0, 0
2019-05-13T12:40:45.9655395Z, False, 0, 0, 0
2019-05-13T12:40:45.9820507Z, False, 0, 0, 0
2019-05-13T12:40:45.9980521Z, False, 0, 0, 0
2019-05-13T12:40:46.0140649Z, False, 0, 0, 0
2019-05-13T12:40:46.0340209Z, False, 0, 0, 0
2019-05-13T12:40:46.0500499Z, False, 0, 0, 0
2019-05-13T12:40:46.0660499Z, False, 0, 0, 0
2019-05-13T12:40:46.0820505Z, False, 0, 0, 0
2019-05-13T12:40:46.0980496Z, False, 0, 0, 0
2019-05-13T12:40:46.1140331Z, False, 0, 0, 0
2019-05-13T12:40:46.1313256Z, False, 0, 0, 0
2019-05-13T12:40:46.1494931Z, False, 0, 0, 0
2019-05-13T12:40:46.1654939Z, False, 0, 0, 0
2019-05-13T12:40:46.1818191Z, False, 0, 0, 0
2019-05-13T12:40:46.1977716Z, False, 0, 0, 0
2019-05-13T12:40:46.2137889Z, False, 0, 0, 0
2019-05-13T12:40:46.2298350Z, False, 0, 0, 0
2019-05-13T12:40:46.2480855Z, False, 0, 0, 0
2019-05-13T12:40:46.2641156Z, False, 0, 0, 0
2019-05-13T12:40:46.2801600Z, False, 0, 0, 0
2019-05-13T12:40:46.2962135Z, False, 0, 0, 0
2019-05-13T12:40:46.3122121Z, False, 0, 0, 0
2019-05-13T12:40:46.3322125Z, False, 0, 0, 0
2019-05-13T12:40:46.3476171Z, False, 0, 0, 0
2019-05-13T12:40:46.3616072Z, False, 0, 0, 0
2019-05-13T12:40:46.3816071Z, False, 0, 0, 0
2019-05-13T12:40:46.3976068Z, False, 0, 0, 0
2019-05-13T12:40:46.4135604Z, False, 0, 0, 0
2019-05-13T12:40:46.4296057Z, False, 0, 0, 0
2019-05-13T12:40:46.4480695Z, False, 0, 0, 0
2019-05-13T12:40:46.4680785Z, False, 0, 0, 0
2019-05-13T12:40:46.4801156Z, False, 0, 0, 0
2019-05-13T12:40:46.4961139Z, False, 0, 0, 0
2019-05-13T12:40:46.5121574Z, False, 0, 0, 0
2019-05-13T12:40:46.5281264Z, False, 0, 0, 0
2019-05-13T12:40:46.5449043Z, False, 0, 0, 0
2019-05-13T12:40:46.5628280Z, False, 0, 0, 0
2019-05-13T12:40:46.5788280Z, False, 0, 0, 0
2019-05-13T12:40:46.5953082Z, False, 0, 0, 0
2019-05-13T12:40:46.6134290Z, False, 0, 0, 0
2019-05-13T12:40:46.6294645Z, False, 0, 0, 0
2019-05-13T12:40:46.6454654Z, False, 0, 0, 0
2019-05-13T12:40:46.6617777Z, False, 0, 0, 0
2019-05-13T12:40:46.6778144Z, False, 0, 0, 0
2019-05-13T12:40:46.6937842Z, False, 0, 0, 0
2019-05-13T12:40:46.7098144Z, False, 0, 0, 0
2019-05-13T12:40:46.7298148Z, False, 0, 0, 0
2019-05-13T12:40:46.7478042Z, False, 0, 0, 0
2019-05-13T12:40:46.7598348Z, False, 0, 0, 0
2019-05-13T12:40:46.7761164Z, False, 0, 0, 0
2019-05-13T12:40:46.7961185Z, False, 0, 0, 0
2019-05-13T12:40:46.8121185Z, False, 0, 0, 0
2019-05-13T12:40:46.8281185Z, False, 0, 0, 0
2019-05-13T12:40:46.8455831Z, False, 0, 0, 0
2019-05-13T12:40:46.8606677Z, False, 0, 0, 0
2019-05-13T12:40:46.8781121Z, False, 0, 0, 0
2019-05-13T12:40:46.8941662Z, False, 0, 0, 0
2019-05-13T12:40:46.9101704Z, False, 0, 0, 0
2019-05-13T12:40:46.9262179Z, False, 0, 0, 0
2019-05-13T12:40:46.9422475Z, False, 0, 0, 0
2019-05-13T12:40:46.9591694Z, False, 0, 0, 0
2019-05-13T12:40:46.9772589Z, False, 0, 0, 0
2019-05-13T12:40:46.9932888Z, False, 0, 0, 0
2019-05-13T12:40:47.0092885Z, False, 0, 0, 0
2019-05-13T12:40:47.0276937Z, False, 0, 0, 0
2019-05-13T12:40:47.0417493Z, False, 0, 0, 0
2019-05-13T12:40:47.0584393Z, False, 0, 0, 0
2019-05-13T12:40:47.0760976Z, False, 0, 0, 0
2019-05-13T12:40:47.0924831Z, False, 0, 0, 0
2019-05-13T12:40:47.1100973Z, False, 0, 0, 0
2019-05-13T12:40:47.1260953Z, False, 0, 0, 0
2019-05-13T12:40:47.1501146Z, False, 0, 0, 0
2019-05-13T12:40:47.1581163Z, False, 0, 0, 0
2019-05-13T12:40:47.1763634Z, False, 0, 0, 0
2019-05-13T12:40:47.1923162Z, False, 0, 0, 0
2019-05-13T12:40:47.2093388Z, False, 0, 0, 0
2019-05-13T12:40:47.2253245Z, False, 0, 0, 0
2019-05-13T12:40:47.2413718Z, False, 0, 0, 0
2019-05-13T12:40:47.2583866Z, False, 0, 0, 0
2019-05-13T12:40:47.2743849Z, False, 0, 0, 0
2019-05-13T12:40:47.2925217Z, False, 0, 0, 0
2019-05-13T12:40:47.3098398Z, False, 0, 0, 0
2019-05-13T12:40:47.3258406Z, False, 0, 0, 0
2019-05-13T12:40:47.3418056Z, False, 0, 0, 0
2019-05-13T12:40:47.3578398Z, False, 0, 0, 0
2019-05-13T12:40:47.3749591Z, False, 0, 0, 0
2019-05-13T12:40:47.3891227Z, False, 0, 0, 0
2019-05-13T12:40:47.4091268Z, False, 0, 0, 0
2019-05-13T12:40:47.4241617Z, False, 0, 0, 0
2019-05-13T12:40:47.4401799Z, False, 0, 0, 0
2019-05-13T12:40:47.4561799Z, False, 0, 0, 0
2019-05-13T12:40:47.4730412Z, False, 0, 0, 0
2019-05-13T12:40:47.4900390Z, False, 0, 0, 0
2019-05-13T12:40:47.5060387Z, False, 0, 0, 0
2019-05-13T12:40:47.5220606Z, False, 0, 0, 0
2019-05-13T12:40:47.5380327Z, False, 0, 0, 0
2019-05-13T12:40:47.5580792Z, False, 0, 0, 0
2019-05-13T12:40:47.5721373Z, False, 0, 0, 0
2019-05-13T12:40:47.5881717Z, False, 0, 0, 0
2019-05-13T12:40:47.6041535Z, False, 0, 0, 0
2019-05-13T12:40:47.6242023Z, False, 0, 0, 0
2019-05-13T12:40:47.6402017Z, False, 0, 0, 0
2019-05-13T12:40:47.6562029Z, False, 0, 0, 0
2019-05-13T12:40:47.6732900Z, False, 0, 0, 0
2019-05-13T12:40:47.6896922Z, False, 0, 0, 0
2019-05-13T12:40:47.7046978Z, False, 0, 0, 0
2019-05-13T12:40:47.7250506Z, False, 0, 0, 0
2019-05-13T12:40:47.7401509Z, False, 0, 0, 0
2019-05-13T12:40:47.7561512Z, False, 0, 0, 0
2019-05-13T12:40:47.7721330Z, False, 0, 0, 0
2019-05-13T12:40:47.7898021Z, False, 0, 0, 0
2019-05-13T12:40:47.8058015Z, False, 0, 0, 0
2019-05-13T12:40:47.8217998Z, False, 0, 0, 0
2019-05-13T12:40:47.8377864Z, False, 0, 0, 0
2019-05-13T12:40:47.8538166Z, False, 0, 0, 0
2019-05-13T12:40:47.8738179Z, False, 0, 0, 0
2019-05-13T12:40:47.8869367Z, False, 0, 0, 0
2019-05-13T12:40:47.9029066Z, False, 0, 0, 0
2019-05-13T12:40:47.9199254Z, False, 0, 0, 0
2019-05-13T12:40:47.9399253Z, False, 0, 0, 0
2019-05-13T12:40:47.9518936Z, False, 0, 0, 0
2019-05-13T12:40:47.9718903Z, False, 0, 0, 0
2019-05-13T12:40:47.9851406Z, False, 0, 0, 0
2019-05-13T12:40:48.0055352Z, False, 0, 0, 0
2019-05-13T12:40:48.0215008Z, False, 0, 0, 0
2019-05-13T12:40:48.0386030Z, False, 0, 0, 0
2019-05-13T12:40:48.0545825Z, False, 0, 0, 0
2019-05-13T12:40:48.0719081Z, False, 0, 0, 0
2019-05-13T12:40:48.0889796Z, False, 0, 0, 0
2019-05-13T12:40:48.1025586Z, False, 0, 0, 0
2019-05-13T12:40:48.1186047Z, False, 0, 0, 0
2019-05-13T12:40:48.1366092Z, False, 0, 0, 0
2019-05-13T12:40:48.1526402Z, False, 0, 0, 0
2019-05-13T12:40:48.1702069Z, False, 0, 0, 0
2019-05-13T12:40:48.1885411Z, False, 0, 0, 0
2019-05-13T12:40:48.2013345Z, False, 0, 0, 0
2019-05-13T12:40:48.2212837Z, False, 0, 0, 0
2019-05-13T12:40:48.2373059Z, False, 0, 0, 0
2019-05-13T12:40:48.2533343Z, False, 0, 0, 0
2019-05-13T12:40:48.2693346Z, False, 0, 0, 0
2019-05-13T12:40:48.2884263Z, False, 0, 0, 0
2019-05-13T12:40:48.3004565Z, False, 0, 0, 0
2019-05-13T12:40:48.3178637Z, False, 0, 0, 0
2019-05-13T12:40:48.3338187Z, False, 0, 0, 0
2019-05-13T12:40:48.3498614Z, False, 0, 0, 0
2019-05-13T12:40:48.3698274Z, False, 0, 0, 0
2019-05-13T12:40:48.3858419Z, False, 0, 0, 0
2019-05-13T12:40:48.4018371Z, False, 0, 0, 0
2019-05-13T12:40:48.4178365Z, False, 0, 0, 0
2019-05-13T12:40:48.4338058Z, False, 0, 0, 0
2019-05-13T12:40:48.4498046Z, False, 0, 0, 0
2019-05-13T12:40:48.4658359Z, False, 0, 0, 0
2019-05-13T12:40:48.4875137Z, False, 0, 0, 0
2019-05-13T12:40:48.5030887Z, False, 0, 0, 0
2019-05-13T12:40:48.5156936Z, False, 0, 0, 0
2019-05-13T12:40:48.5356935Z, False, 0, 0, 0
2019-05-13T12:40:48.5519657Z, False, 0, 0, 0
2019-05-13T12:40:48.5679654Z, False, 0, 0, 0
2019-05-13T12:40:48.5839457Z, False, 0, 0, 0
2019-05-13T12:40:48.6015207Z, False, 0, 0, 0
2019-05-13T12:40:48.6175198Z, False, 0, 0, 0
2019-05-13T12:40:48.6335210Z, False, 0, 0, 0
2019-05-13T12:40:48.6534693Z, False, 0, 0, 0
2019-05-13T12:40:48.6654883Z, False, 0, 0, 0
2019-05-13T12:40:48.6818199Z, False, 0, 0, 0
2019-05-13T12:40:48.6985270Z, False, 0, 0, 0
2019-05-13T12:40:48.7144992Z, False, 0, 0, 0
2019-05-13T12:40:48.7312831Z, False, 0, 0, 0
2019-05-13T12:40:48.7503522Z, False, 0, 0, 0
2019-05-13T12:40:48.7663505Z, False, 0, 0, 0
2019-05-13T12:40:48.7823181Z, False, 0, 0, 0
2019-05-13T12:40:48.7983536Z, False, 0, 0, 0
2019-05-13T12:40:48.8164201Z, False, 0, 0, 0
2019-05-13T12:40:48.8323726Z, False, 0, 0, 0
2019-05-13T12:40:48.8483897Z, False, 0, 0, 0
2019-05-13T12:40:48.8654953Z, False, 0, 0, 0
2019-05-13T12:40:48.8814947Z, False, 0, 0, 0
2019-05-13T12:40:48.8996323Z, False, 0, 0, 0
2019-05-13T12:40:48.9156329Z, False, 0, 0, 0
2019-05-13T12:40:48.9316318Z, False, 0, 0, 0
2019-05-13T12:40:48.9476030Z, False, 0, 0, 0
2019-05-13T12:40:48.9635968Z, False, 0, 0, 0
2019-05-13T12:40:48.9796320Z, False, 0, 0, 0
2019-05-13T12:40:48.9999806Z, False, 0, 0, 0
2019-05-13T12:40:49.0159809Z, False, 0, 0, 0
2019-05-13T12:40:49.0319874Z, False, 0, 0, 0
2019-05-13T12:40:49.0479871Z, False, 0, 0, 0
2019-05-13T12:40:49.0639886Z, False, 0, 0, 0
2019-05-13T12:40:49.0800025Z, False, 0, 0, 0
2019-05-13T12:40:49.0960215Z, False, 0, 0, 0
2019-05-13T12:40:49.1132580Z, False, 0, 0, 0
2019-05-13T12:40:49.1312861Z, False, 0, 0, 0
2019-05-13T12:40:49.1472491Z, False, 0, 0, 0
2019-05-13T12:40:49.1632869Z, False, 0, 0, 0
2019-05-13T12:40:49.1798800Z, False, 0, 0, 0
2019-05-13T12:40:49.1959161Z, False, 0, 0, 0
2019-05-13T12:40:49.2119161Z, False, 0, 0, 0
2019-05-13T12:40:49.2301499Z, False, 0, 0, 0
2019-05-13T12:40:49.2461499Z, False, 0, 0, 0
2019-05-13T12:40:49.2621496Z, False, 0, 0, 0
2019-05-13T12:40:49.2781180Z, False, 0, 0, 0
2019-05-13T12:40:49.2981503Z, False, 0, 0, 0
2019-05-13T12:40:49.3141184Z, False, 0, 0, 0
2019-05-13T12:40:49.3307348Z, False, 0, 0, 0
2019-05-13T12:40:49.3473347Z, False, 0, 0, 0
2019-05-13T12:40:49.3632877Z, False, 0, 0, 0
2019-05-13T12:40:49.3793347Z, False, 0, 0, 0
2019-05-13T12:40:49.3934986Z, False, 0, 0, 0
2019-05-13T12:40:49.4115989Z, False, 0, 0, 0
2019-05-13T12:40:49.4285194Z, False, 0, 0, 0
2019-05-13T12:40:49.4453366Z, False, 0, 0, 0
2019-05-13T12:40:49.4613377Z, False, 0, 0, 0
2019-05-13T12:40:49.4773454Z, False, 0, 0, 0
2019-05-13T12:40:49.5027113Z, False, 0, 0, 0
2019-05-13T12:40:49.5227433Z, False, 0, 0, 0
2019-05-13T12:40:49.5397826Z, False, 0, 0, 0
2019-05-13T12:40:49.5558119Z, False, 0, 0, 0
2019-05-13T12:40:49.5717832Z, False, 0, 0, 0
2019-05-13T12:40:49.5918138Z, False, 0, 0, 0
2019-05-13T12:40:49.6078140Z, False, 0, 0, 0
2019-05-13T12:40:49.6263538Z, False, 0, 0, 0
2019-05-13T12:40:49.6373891Z, False, 0, 0, 0
2019-05-13T12:40:49.6574280Z, False, 0, 0, 0
2019-05-13T12:40:49.6734277Z, False, 0, 0, 0
2019-05-13T12:40:49.6896680Z, False, 0, 0, 0
2019-05-13T12:40:49.7064337Z, False, 0, 0, 0
2019-05-13T12:40:49.7224335Z, False, 0, 0, 0
2019-05-13T12:40:49.7392313Z, False, 0, 0, 0
2019-05-13T12:40:49.7562047Z, False, 0, 0, 0
2019-05-13T12:40:49.7721748Z, False, 0, 0, 0
2019-05-13T12:40:49.7881722Z, False, 0, 0, 0
2019-05-13T12:40:49.8041671Z, False, 0, 0, 0
2019-05-13T12:40:49.8202049Z, False, 0, 0, 0
2019-05-13T12:40:49.8383423Z, False, 0, 0, 0
2019-05-13T12:40:49.8559047Z, False, 0, 0, 0
2019-05-13T12:40:49.8718728Z, False, 0, 0, 0
2019-05-13T12:40:49.8878546Z, False, 0, 0, 0
2019-05-13T12:40:49.9052319Z, False, 0, 0, 0
2019-05-13T12:40:49.9226189Z, False, 0, 0, 0
2019-05-13T12:40:49.9394878Z, False, 0, 0, 0
2019-05-13T12:40:49.9554671Z, False, 0, 0, 0
2019-05-13T12:40:49.9714562Z, False, 0, 0, 0
2019-05-13T12:40:49.9874779Z, False, 0, 0, 0
2019-05-13T12:40:50.0049314Z, False, 0, 0, 0
2019-05-13T12:40:50.0191106Z, False, 0, 0, 0
2019-05-13T12:40:50.0391392Z, False, 0, 0, 0
2019-05-13T12:40:50.0516221Z, False, 0, 0, 0
2019-05-13T12:40:50.0716063Z, False, 0, 0, 0
2019-05-13T12:40:50.0878788Z, False, 0, 0, 0
2019-05-13T12:40:50.1038813Z, False, 0, 0, 0
2019-05-13T12:40:50.1198742Z, False, 0, 0, 0
2019-05-13T12:40:50.1359279Z, False, 0, 0, 0
2019-05-13T12:40:50.1519333Z, False, 0, 0, 0
2019-05-13T12:40:50.1698112Z, False, 0, 0, 0
2019-05-13T12:40:50.1858047Z, False, 0, 0, 0
2019-05-13T12:40:50.2018121Z, False, 0, 0, 0
2019-05-13T12:40:50.2178061Z, False, 0, 0, 0
2019-05-13T12:40:50.2378054Z, False, 0, 0, 0
2019-05-13T12:40:50.2533429Z, False, 0, 0, 0
2019-05-13T12:40:50.2693927Z, False, 0, 0, 0
2019-05-13T12:40:50.2855872Z, False, 0, 0, 0
2019-05-13T12:40:50.3016344Z, False, 0, 0, 0
2019-05-13T12:40:50.3176529Z, False, 0, 0, 0
2019-05-13T12:40:50.3336552Z, False, 0, 0, 0
2019-05-13T12:40:50.3508370Z, False, 0, 0, 0
2019-05-13T12:40:50.3673394Z, False, 0, 0, 0
2019-05-13T12:40:50.3833308Z, False, 0, 0, 0
2019-05-13T12:40:50.4033546Z, False, 0, 0, 0
2019-05-13T12:40:50.4196564Z, False, 0, 0, 0
2019-05-13T12:40:50.4359286Z, False, 0, 0, 0
2019-05-13T12:40:50.4519715Z, False, 0, 0, 0
2019-05-13T12:40:50.4694154Z, False, 0, 0, 0
2019-05-13T12:40:50.4838307Z, False, 0, 0, 0
2019-05-13T12:40:50.4998299Z, False, 0, 0, 0
2019-05-13T12:40:50.5158304Z, False, 0, 0, 0
2019-05-13T12:40:50.5318643Z, False, 0, 0, 0
2019-05-13T12:40:50.5518951Z, False, 0, 0, 0
2019-05-13T12:40:50.5679187Z, False, 0, 0, 0
2019-05-13T12:40:50.5839352Z, False, 0, 0, 0
2019-05-13T12:40:50.6018290Z, False, 0, 0, 0
2019-05-13T12:40:50.6178757Z, False, 0, 0, 0
2019-05-13T12:40:50.6349716Z, False, 0, 0, 0
2019-05-13T12:40:50.6513710Z, False, 0, 0, 0
2019-05-13T12:40:50.6684675Z, False, 0, 0, 0
2019-05-13T12:40:50.6823276Z, False, 0, 0, 0
2019-05-13T12:40:50.6983621Z, False, 0, 0, 0
2019-05-13T12:40:50.7176488Z, False, 0, 0, 0
2019-05-13T12:40:50.7336340Z, False, 0, 0, 0
2019-05-13T12:40:50.7496536Z, False, 0, 0, 0
2019-05-13T12:40:50.7656127Z, False, 0, 0, 0
2019-05-13T12:40:50.7832178Z, False, 0, 0, 0
2019-05-13T12:40:50.8003015Z, False, 0, 0, 0
2019-05-13T12:40:50.8179655Z, False, 0, 0, 0
2019-05-13T12:40:50.8300103Z, False, 0, 0, 0
2019-05-13T12:40:50.8499740Z, False, 0, 0, 0
2019-05-13T12:40:50.8682035Z, False, 0, 0, 0
2019-05-13T12:40:50.8802036Z, False, 0, 0, 0
2019-05-13T12:40:50.9001691Z, False, 0, 0, 0
2019-05-13T12:40:50.9161665Z, False, 0, 0, 0
2019-05-13T12:40:50.9321691Z, False, 0, 0, 0
2019-05-13T12:40:50.9481793Z, False, 0, 0, 0
2019-05-13T12:40:50.9659540Z, False, 0, 0, 0
2019-05-13T12:40:50.9809914Z, False, 0, 0, 0
2019-05-13T12:40:50.9987271Z, False, 0, 0, 0
2019-05-13T12:40:51.0149617Z, False, 0, 0, 0
2019-05-13T12:40:51.0291012Z, False, 0, 0, 0
2019-05-13T12:40:51.0490626Z, False, 0, 0, 0
2019-05-13T12:40:51.0651369Z, False, 0, 0, 0
2019-05-13T12:40:51.0791756Z, False, 0, 0, 0
2019-05-13T12:40:51.0951759Z, False, 0, 0, 0
2019-05-13T12:40:51.1151456Z, False, 0, 0, 0
2019-05-13T12:40:51.1311757Z, False, 0, 0, 0
2019-05-13T12:40:51.1474775Z, False, 0, 0, 0
2019-05-13T12:40:51.1649040Z, False, 0, 0, 0
2019-05-13T12:40:51.1814120Z, False, 0, 0, 0
2019-05-13T12:40:51.1975679Z, False, 0, 0, 0
2019-05-13T12:40:51.2135804Z, False, 0, 0, 0
2019-05-13T12:40:51.2296157Z, False, 0, 0, 0
2019-05-13T12:40:51.2456154Z, False, 0, 0, 0
2019-05-13T12:40:51.2619516Z, False, 0, 0, 0
2019-05-13T12:40:51.2786306Z, False, 0, 0, 0
2019-05-13T12:40:51.2946416Z, False, 0, 0, 0
2019-05-13T12:40:51.3115157Z, False, 0, 0, 0
2019-05-13T12:40:51.3275146Z, False, 0, 0, 0
2019-05-13T12:40:51.3475144Z, False, 0, 0, 0
2019-05-13T12:40:51.3635196Z, False, 0, 0, 0
2019-05-13T12:40:51.3795144Z, False, 0, 0, 0
2019-05-13T12:40:51.3978622Z, False, 0, 0, 0
2019-05-13T12:40:51.4140758Z, False, 0, 0, 0
2019-05-13T12:40:51.4301285Z, False, 0, 0, 0
2019-05-13T12:40:51.4461279Z, False, 0, 0, 0
2019-05-13T12:40:51.4621285Z, False, 0, 0, 0
2019-05-13T12:40:51.4780960Z, False, 0, 0, 0
2019-05-13T12:40:51.4960166Z, False, 0, 0, 0
2019-05-13T12:40:51.5119961Z, False, 0, 0, 0
2019-05-13T12:40:51.5280439Z, False, 0, 0, 0
2019-05-13T12:40:51.5439975Z, False, 0, 0, 0
2019-05-13T12:40:51.5600109Z, False, 0, 0, 0
2019-05-13T12:40:51.5760413Z, False, 0, 0, 0
2019-05-13T12:40:51.5931720Z, False, 0, 0, 0
2019-05-13T12:40:51.6131866Z, False, 0, 0, 0
2019-05-13T12:40:51.6272419Z, False, 0, 0, 0
2019-05-13T12:40:51.6441310Z, False, 0, 0, 0
2019-05-13T12:40:51.6601512Z, False, 0, 0, 0
2019-05-13T12:40:51.6761504Z, False, 0, 0, 0
2019-05-13T12:40:51.6921037Z, False, 0, 0, 0
2019-05-13T12:40:51.7118618Z, False, 0, 0, 0
2019-05-13T12:40:51.7278305Z, False, 0, 0, 0
2019-05-13T12:40:51.7438313Z, False, 0, 0, 0
2019-05-13T12:40:51.7598629Z, False, 0, 0, 0
2019-05-13T12:40:51.7758623Z, False, 0, 0, 0
2019-05-13T12:40:51.7921493Z, False, 0, 0, 0
2019-05-13T12:40:51.8840988Z, False, 0, 0, 0
2019-05-13T12:40:51.9041217Z, False, 0, 0, 0
2019-05-13T12:40:51.9201334Z, False, 0, 0, 0
2019-05-13T12:40:51.9361524Z, False, 0, 0, 0
2019-05-13T12:40:51.9521519Z, False, 0, 0, 0
2019-05-13T12:40:51.9681172Z, False, 0, 0, 0
2019-05-13T12:40:51.9881150Z, False, 0, 0, 0
2019-05-13T12:40:52.0054175Z, False, 0, 0, 0
2019-05-13T12:40:52.0174492Z, False, 0, 0, 0
2019-05-13T12:40:52.0374138Z, False, 0, 0, 0
2019-05-13T12:40:52.0534166Z, False, 0, 0, 0
2019-05-13T12:40:52.0694482Z, False, 0, 0, 0
2019-05-13T12:40:52.0854149Z, False, 0, 0, 0
2019-05-13T12:40:52.1016345Z, False, 0, 0, 0
2019-05-13T12:40:52.1197399Z, False, 0, 0, 0
2019-05-13T12:40:52.1357715Z, False, 0, 0, 0
2019-05-13T12:40:52.1520318Z, False, 0, 0, 0
2019-05-13T12:40:52.1680315Z, False, 0, 0, 0
2019-05-13T12:40:52.1840144Z, False, 0, 0, 0
2019-05-13T12:40:52.2000292Z, False, 0, 0, 0
2019-05-13T12:40:52.2170338Z, False, 0, 0, 0
2019-05-13T12:40:52.2330333Z, False, 0, 0, 0
2019-05-13T12:40:52.2530323Z, False, 0, 0, 0
2019-05-13T12:40:52.2690340Z, False, 0, 0, 0
2019-05-13T12:40:52.2819514Z, False, 0, 0, 0
2019-05-13T12:40:52.3019493Z, False, 0, 0, 0
2019-05-13T12:40:52.3181948Z, False, 0, 0, 0
2019-05-13T12:40:52.3341751Z, False, 0, 0, 0
2019-05-13T12:40:52.3501956Z, False, 0, 0, 0
2019-05-13T12:40:52.3661931Z, False, 0, 0, 0
2019-05-13T12:40:52.3821575Z, False, 0, 0, 0
2019-05-13T12:40:52.4021949Z, False, 0, 0, 0
2019-05-13T12:40:52.4158457Z, False, 0, 0, 0
2019-05-13T12:40:52.4318147Z, False, 0, 0, 0
2019-05-13T12:40:52.4478437Z, False, 0, 0, 0
2019-05-13T12:40:52.4678438Z, False, 0, 0, 0
2019-05-13T12:40:52.4838142Z, False, 0, 0, 0
2019-05-13T12:40:52.4976035Z, False, 0, 0, 0
2019-05-13T12:40:52.5135711Z, False, 0, 0, 0
2019-05-13T12:40:52.5321598Z, False, 0, 0, 0
2019-05-13T12:40:52.5481478Z, False, 0, 0, 0
2019-05-13T12:40:52.5641621Z, False, 0, 0, 0
2019-05-13T12:40:52.5801595Z, False, 0, 0, 0
2019-05-13T12:40:52.6001941Z, False, 0, 0, 0
2019-05-13T12:40:52.6162322Z, False, 0, 0, 0
2019-05-13T12:40:52.6322467Z, False, 0, 0, 0
2019-05-13T12:40:52.6482469Z, False, 0, 0, 0
2019-05-13T12:40:52.6657411Z, False, 0, 0, 0
2019-05-13T12:40:52.6817397Z, False, 0, 0, 0
2019-05-13T12:40:52.6977400Z, False, 0, 0, 0
2019-05-13T12:40:52.7137195Z, False, 0, 0, 0
2019-05-13T12:40:52.7319660Z, False, 0, 0, 0
2019-05-13T12:40:52.7479993Z, False, 0, 0, 0
2019-05-13T12:40:52.7639797Z, False, 0, 0, 0
2019-05-13T12:40:52.7799996Z, False, 0, 0, 0
2019-05-13T12:40:52.7959999Z, False, 0, 0, 0
2019-05-13T12:40:52.8119504Z, False, 0, 0, 0
2019-05-13T12:40:52.8290113Z, False, 0, 0, 0
2019-05-13T12:40:52.8490189Z, False, 0, 0, 0
2019-05-13T12:40:52.8622427Z, False, 0, 0, 0
2019-05-13T12:40:52.8803706Z, False, 0, 0, 0
2019-05-13T12:40:52.8985705Z, False, 0, 0, 0
2019-05-13T12:40:52.9116811Z, False, 0, 0, 0
2019-05-13T12:40:52.9316500Z, False, 0, 0, 0
2019-05-13T12:40:52.9457692Z, False, 0, 0, 0
2019-05-13T12:40:52.9617695Z, False, 0, 0, 0
2019-05-13T12:40:52.9781211Z, False, 0, 0, 0
2019-05-13T12:40:52.9982105Z, False, 0, 0, 0
2019-05-13T12:40:53.0142335Z, False, 0, 0, 0
2019-05-13T12:40:53.0274884Z, False, 0, 0, 0
2019-05-13T12:40:53.0474877Z, False, 0, 0, 0
2019-05-13T12:40:53.0634876Z, False, 0, 0, 0
2019-05-13T12:40:53.0797948Z, False, 0, 0, 0
2019-05-13T12:40:53.0957951Z, False, 0, 0, 0
2019-05-13T12:40:53.1117948Z, False, 0, 0, 0
2019-05-13T12:40:53.1277934Z, False, 0, 0, 0
2019-05-13T12:40:53.1450000Z, False, 0, 0, 0
2019-05-13T12:40:53.1623210Z, False, 0, 0, 0
2019-05-13T12:40:53.1783207Z, False, 0, 0, 0
2019-05-13T12:40:53.1963897Z, False, 0, 0, 0
2019-05-13T12:40:53.2123897Z, False, 0, 0, 0
2019-05-13T12:40:53.2284426Z, False, 0, 0, 0
2019-05-13T12:40:53.2459428Z, False, 0, 0, 0
2019-05-13T12:40:53.2619732Z, False, 0, 0, 0
2019-05-13T12:40:53.2779735Z, False, 0, 0, 0
2019-05-13T12:40:53.2939442Z, False, 0, 0, 0
2019-05-13T12:40:53.3099732Z, False, 0, 0, 0
2019-05-13T12:40:53.3299739Z, False, 0, 0, 0
2019-05-13T12:40:53.3478970Z, False, 0, 0, 0
2019-05-13T12:40:53.3615680Z, False, 0, 0, 0
2019-05-13T12:40:53.3775680Z, False, 0, 0, 0
2019-05-13T12:40:53.3935307Z, False, 0, 0, 0
2019-05-13T12:40:53.4100768Z, False, 0, 0, 0
2019-05-13T12:40:53.4260771Z, False, 0, 0, 0
2019-05-13T12:40:53.4420766Z, False, 0, 0, 0
2019-05-13T12:40:53.4590479Z, False, 0, 0, 0
2019-05-13T12:40:53.4750792Z, False, 0, 0, 0
2019-05-13T12:40:53.4914513Z, False, 0, 0, 0
2019-05-13T12:40:53.5114824Z, False, 0, 0, 0
2019-05-13T12:40:53.5274508Z, False, 0, 0, 0
2019-05-13T12:40:53.5434850Z, False, 0, 0, 0
2019-05-13T12:40:53.5579105Z, False, 0, 0, 0
2019-05-13T12:40:53.5742103Z, False, 0, 0, 0
2019-05-13T12:40:53.5913319Z, False, 0, 0, 0
2019-05-13T12:40:53.6073325Z, False, 0, 0, 0
2019-05-13T12:40:53.6276540Z, False, 0, 0, 0
2019-05-13T12:40:53.6436193Z, False, 0, 0, 0
2019-05-13T12:40:53.6587213Z, False, 0, 0, 0
2019-05-13T12:40:53.6747014Z, False, 0, 0, 0
2019-05-13T12:40:53.6913181Z, False, 0, 0, 0
2019-05-13T12:40:53.7073186Z, False, 0, 0, 0
2019-05-13T12:40:53.7232831Z, False, 0, 0, 0
2019-05-13T12:40:53.7433637Z, False, 0, 0, 0
2019-05-13T12:40:53.7599130Z, False, 0, 0, 0
2019-05-13T12:40:53.7774390Z, False, 0, 0, 0
2019-05-13T12:40:53.7894431Z, False, 0, 0, 0
2019-05-13T12:40:53.8099644Z, False, 0, 0, 0
2019-05-13T12:40:53.8259644Z, False, 0, 0, 0
2019-05-13T12:40:53.8419664Z, False, 0, 0, 0
2019-05-13T12:40:53.8580835Z, False, 0, 0, 0
2019-05-13T12:40:53.8779585Z, False, 0, 0, 0
2019-05-13T12:40:53.8899274Z, False, 0, 0, 0
2019-05-13T12:40:53.9059089Z, False, 0, 0, 0
2019-05-13T12:40:53.9259582Z, False, 0, 0, 0
2019-05-13T12:40:53.9389935Z, False, 0, 0, 0
2019-05-13T12:40:53.9559847Z, False, 0, 0, 0
2019-05-13T12:40:53.9725280Z, False, 0, 0, 0
2019-05-13T12:40:53.9885297Z, False, 0, 0, 0
2019-05-13T12:40:54.0056120Z, False, 0, 0, 0
2019-05-13T12:40:54.0216217Z, False, 0, 0, 0
2019-05-13T12:40:54.0416125Z, False, 0, 0, 0
2019-05-13T12:40:54.0576432Z, False, 0, 0, 0
2019-05-13T12:40:54.0744004Z, False, 0, 0, 0
2019-05-13T12:40:54.0878136Z, False, 0, 0, 0
2019-05-13T12:40:54.1078632Z, False, 0, 0, 0
2019-05-13T12:40:54.1209218Z, False, 0, 0, 0
2019-05-13T12:40:54.1410431Z, False, 0, 0, 0
2019-05-13T12:40:54.1573156Z, False, 0, 0, 0
